lemma	pos	nominative	genitive	prepositional	accusative	instrumental	source	tier	quality
абажур	noun	абажур	абажура	абажуре	абажур	абажуром	curated	curated	0.99
абаз	noun	абаз	абаза	абазе	абаз	абазом	curated	curated	0.99
абак	noun	абак	абака	абаке	абак	абаком	curated	curated	0.99
аббат	noun	аббат	аббата	аббате	аббата	аббатом	curated	curated	0.99
абвер	noun	абвер	абвера	абвере	абвер	абвером	curated	curated	0.99
абзац	noun	абзац	абзаца	абзаце	абзац	абзацем	curated	curated	0.99
аборт	noun	аборт	аборта	аборте	аборт	абортом	curated	curated	0.99
абразивность	noun	абразивность	абразивности	абразивности	абразивность	абразивностью	curated	curated	0.99
абрек	noun	абрек	абрека	абреке	абрека	абреком	curated	curated	0.99
абрис	noun	абрис	абриса	абрисе	абрис	абрисом	curated	curated	0.99
абсорбирование	noun	абсорбированье	абсорбированья	абсорбированье	абсорбирование	абсорбированием	curated	curated	0.99
абстракция	noun	абстракция	абстракции	абстракции	абстракцию	абстракцией	curated	curated	0.99
абсурд	noun	абсурд	абсурда	абсурде	абсурд	абсурдом	curated-p0-logic	curated	0.95
абхаз	noun	абхаз	абхаза	абхазе	абхаза	абхазом	curated	curated	0.99
абцуг	noun	абцуг	абцуга	абцуге	абцуг	абцугом	curated	curated	0.99
авал	noun	авал	авала	авале	авал	авалом	curated	curated	0.99
аванс	noun	аванс	аванса	авансе	аванс	авансом	curated	curated	0.99
авантажность	noun	авантажность	авантажности	авантажности	авантажность	авантажностью	curated	curated	0.99
авар	noun	авар	авара	аваре	авара	аваром	curated	curated	0.99
авария	noun	авария	аварии	аварии	аварию	аварией	curated	curated	0.99
авгит	noun	авгит	авгита	авгите	авгит	авгитом	curated	curated	0.99
авгур	noun	авгур	авгура	авгуре	авгура	авгуром	curated	curated	0.99
август	noun	август	августа	августе	август	августом	curated	curated	0.99
авеню	noun	авеню	авеню	авеню	авеню	авенюом	curated	curated	0.99
аверс	noun	аверс	аверса	аверсе	аверс	аверсом	curated	curated	0.99
авиаимущество	noun	авиаимущество	авиаимущества	авиаимуществе	авиаимущество	авиаимуществом	curated	curated	0.99
авиаипотека	noun	авиаипотека	авиаипотеки	авиаипотеке	авиаипотеку	авиаипотекой	curated	curated	0.99
авиаопыливание	noun	авиаопыливанье	авиаопыливанья	авиаопыливанье	авиаопыливание	авиаопыливанием	curated	curated	0.99
авиасообщение	noun	авиасообщение	авиасообщения	авиасообщении	авиасообщение	авиасообщением	curated	curated	0.99
авиатопливо	noun	авиатопливо	авиатоплива	авиатопливе	авиатопливо	авиатопливом	curated	curated	0.99
авизо	noun	авизо	авизо	авизо	авизо	авизом	curated	curated	0.99
авизование	noun	авизованье	авизованья	авизованье	авизование	авизованием	curated	curated	0.99
авионика	noun	авионика	авионики	авионике	авионику	авионикой	curated	curated	0.99
авлос	noun	авлос	авлоса	авлосе	авлос	авлосом	curated	curated	0.99
авост	noun	авост	авоста	авосте	авост	авостом	curated	curated	0.99
авр	noun	авр	авра	авре	авра	авром	curated	curated	0.99
аврал	noun	аврал	аврала	аврале	аврал	авралом	curated	curated	0.99
авран	noun	авран	аврана	авране	авран	авраном	curated	curated	0.99
аврора	noun	аврора	авроры	авроре	аврору	авророй	curated	curated	0.99
австралиана	noun	австралиана	австралианы	австралиане	австралиану	австралианой	curated	curated	0.99
авто	noun	авто	авто	авто	авто	автом	curated	curated	0.99
автобус	noun	автобус	автобуса	автобусе	автобус	автобусом	curated	curated	0.99
автодром	noun	автодром	автодрома	автодроме	автодром	автодромом	curated	curated	0.99
автозавод	noun	автозавод	автозавода	автозаводе	автозавод	автозаводом	curated	curated	0.99
автоинформативность	noun	автоинформативность	автоинформативности	автоинформативности	автоинформативность	автоинформативностью	curated	curated	0.99
автокосметика	noun	автокосметика	автокосметики	автокосметике	автокосметику	автокосметикой	curated	curated	0.99
автол	noun	автол	автола	автоле	автол	автолом	curated	curated	0.99
автолихачество	noun	автолихачество	автолихачества	автолихачестве	автолихачество	автолихачеством	curated	curated	0.99
автомат	noun	автомат	автомата	автомате	автомат	автоматом	curated	curated	0.99
автомедтехника	noun	автомедтехника	автомедтехники	автомедтехнике	автомедтехнику	автомедтехникой	curated	curated	0.99
автомобиль	noun	автомобиль	автомобиля	автомобиле	автомобиль	автомобилем	curated	curated	0.99
автомототехника	noun	автомототехника	автомототехники	автомототехнике	автомототехнику	автомототехникой	curated	curated	0.99
автономия	noun	автономия	автономии	автономии	автономию	автономией	curated	curated	0.99
автопарк	noun	автопарк	автопарка	автопарке	автопарк	автопарком	curated	curated	0.99
автополо	noun	автополо	автополо	автополо	автополо	автополом	curated	curated	0.99
автопорт	noun	автопорт	автопорта	автопорте	автопорт	автопортом	curated	curated	0.99
авторезюме	noun	авторезюме	авторезюме	авторезюме	авторезюме	авторезюмем	curated	curated	0.99
авторизация	noun	авторизация	авторизации	авторизации	авторизацию	авторизацией	curated	curated	0.99
автошоу	noun	автошоу	автошоу	автошоу	автошоу	автошоуом	curated	curated	0.99
автоэлектроника	noun	автоэлектроника	автоэлектроники	автоэлектронике	автоэлектронику	автоэлектроникой	curated	curated	0.99
агава	noun	агава	агавы	агаве	агаву	агавой	curated	curated	0.99
агал	noun	агал	агала	агале	агал	агалом	curated	curated	0.99
агама	noun	агама	агамы	агаме	агаму	агамой	curated	curated	0.99
агами	noun	агами	агами	агами	агами	агамиом	curated	curated	0.99
агар	noun	агар	агара	агаре	агар	агаром	curated	curated	0.99
агат	noun	агат	агата	агате	агат	агатом	curated	curated	0.99
агенс	noun	агенс	агенса	агенсе	агенс	агенсом	curated	curated	0.99
агентирование	noun	агентирование	агентирования	агентировании	агентирование	агентированием	curated	curated	0.99
агентность	noun	агентность	агентности	агентности	агентность	агентностью	curated	curated	0.99
агли	noun	агли	агли	агли	агли	аглиом	curated	curated	0.99
агнат	noun	агнат	агната	агнате	агната	агнатом	curated	curated	0.99
агнец	noun	агнец	агнца	агнце	агнца	агнцем	curated	curated	0.99
агогика	noun	агогика	агогики	агогике	агогику	агогикой	curated	curated	0.99
агон	noun	агон	агона	агоне	агон	агоном	curated	curated	0.99
агонистика	noun	агонистика	агонистики	агонистике	агонистику	агонистикой	curated	curated	0.99
агора	noun	агора	агоры	агоре	агору	агорой	curated	curated	0.99
аграф	noun	аграф	аграфа	аграфе	аграф	аграфом	curated	curated	0.99
агрегат	noun	агрегат	агрегата	агрегате	агрегат	агрегатом	curated	curated	0.99
агрегатирование	noun	агрегатированье	агрегатированья	агрегатированье	агрегатирование	агрегатированием	curated	curated	0.99
агрегация	noun	агрегация	агрегации	агрегации	агрегацию	агрегацией	curated	curated	0.99
агрегирование	noun	агрегирование	агрегирования	агрегировании	агрегирование	агрегированием	curated	curated	0.99
агробиохимик	noun	агробиохимик	агробиохимика	агробиохимике	агробиохимик	агробиохимиком	curated	curated	0.99
агропромышленность	noun	агропромышленность	агропромышленности	агропромышленности	агропромышленность	агропромышленностью	curated	curated	0.99
агул	noun	агул	агула	агуле	агула	агулом	curated	curated	0.99
агути	noun	агути	агути	агути	агути	агутиом	curated	curated	0.99
адаптер	noun	адаптер	адаптера	адаптере	адаптер	адаптером	curated	curated	0.99
адаптивность	noun	адаптивность	адаптивности	адаптивности	адаптивность	адаптивностью	curated	curated	0.99
адаптируемость	noun	адаптируемость	адаптируемости	адаптируемости	адаптируемость	адаптируемостью	curated	curated	0.99
адат	noun	адат	адата	адате	адат	адатом	curated	curated	0.99
адвербиальность	noun	адвербиальность	адвербиальности	адвербиальности	адвербиальность	адвербиальностью	curated	curated	0.99
аддитивность	noun	аддитивность	аддитивности	аддитивности	аддитивность	аддитивностью	curated	curated	0.99
адепт	noun	адепт	адепта	адепте	адепта	адептом	curated	curated	0.99
адех	noun	адех	адеха	адехе	адеха	адехом	curated	curated	0.99
админ	noun	админ	админа	админе	админа	админом	curated	curated	0.99
администратор	noun	администратор	администратора	администраторе	администратора	администратором	curated	curated	0.99
администрирование	noun	администрирование	администрирования	администрировании	администрирование	администрированием	curated	curated	0.99
адресность	noun	адресность	адресности	адресности	адресность	адресностью	curated	curated	0.99
адресование	noun	адресованье	адресованья	адресованье	адресование	адресованием	curated	curated	0.99
адресуемость	noun	адресуемость	адресуемости	адресуемости	адресуемость	адресуемостью	curated	curated	0.99
адродинамика	noun	адродинамика	адродинамики	адродинамике	адродинамику	адродинамикой	curated	curated	0.99
адрон	noun	адрон	адрона	адроне	адрон	адроном	curated	curated	0.99
адыг	noun	адыг	адыга	адыге	адыга	адыгом	curated	curated	0.99
ажгон	noun	ажгон	ажгона	ажгоне	ажгон	ажгоном	curated	curated	0.99
ажио	noun	ажио	ажио	ажио	ажио	ажиом	curated	curated	0.99
ажур	noun	ажур	ажура	ажуре	ажур	ажуром	curated	curated	0.99
азан	noun	азан	азана	азане	азан	азаном	curated	curated	0.99
азарт	noun	азарт	азарта	азарте	азарт	азартом	curated	curated	0.99
азиат	noun	азиат	азиата	азиате	азиата	азиатом	curated	curated	0.99
азид	noun	азид	азида	азиде	азид	азидом	curated	curated	0.99
азимут	noun	азимут	азимута	азимуте	азимут	азимутом	curated	curated	0.99
азин	noun	азин	азина	азине	азин	азином	curated	curated	0.99
азот	noun	азот	азота	азоте	азот	азотом	curated	curated	0.99
азотирование	noun	азотированье	азотированья	азотированье	азотирование	азотированием	curated	curated	0.99
азотоподавление	noun	азотоподавление	азотоподавления	азотоподавлении	азотоподавление	азотоподавлением	curated	curated	0.99
азур	noun	азур	азура	азуре	азур	азуром	curated	curated	0.99
азям	noun	азям	азяма	азяме	азям	азямом	curated	curated	0.99
аил	noun	аил	аила	аиле	аил	аилом	curated	curated	0.99
аист	noun	аист	аиста	аисте	аиста	аистом	curated	curated	0.99
айва	noun	айва	айвы	айве	айву	айвой	curated	curated	0.99
айван	noun	айван	айвана	айване	айван	айваном	curated	curated	0.99
аймак	noun	аймак	аймака	аймаке	аймак	аймаком	curated	curated	0.99
аймар	noun	аймар	аймара	аймаре	аймар	аймаром	curated	curated	0.99
айра	noun	айра	айры	айре	айру	айрой	curated	curated	0.99
айран	noun	айран	айрана	айране	айран	айраном	curated	curated	0.99
айрол	noun	айрол	айрола	айроле	айрол	айролом	curated	curated	0.99
айсор	noun	айсор	айсора	айсоре	айсора	айсором	curated	curated	0.99
айфон	noun	айфон	айфона	айфоне	айфон	айфоном	curated	curated	0.99
академия	noun	академия	академии	академии	академию	академией	curated	curated	0.99
акажу	noun	акажу	акажу	акажу	акажу	акажуом	curated	curated	0.99
акант	noun	акант	аканта	аканте	акант	акантом	curated	curated	0.99
аканф	noun	аканф	аканфа	аканфе	аканф	аканфом	curated	curated	0.99
аквакинетика	noun	аквакинетика	аквакинетики	аквакинетике	аквакинетику	аквакинетикой	curated	curated	0.99
акванавтика	noun	акванавтика	акванавтики	акванавтике	акванавтику	акванавтикой	curated	curated	0.99
аквариум	noun	аквариум	аквариума	аквариуме	аквариум	аквариумом	curated	curated	0.99
аккумулятор	noun	аккумулятор	аккумулятора	аккумуляторе	аккумулятор	аккумулятором	curated	curated	0.99
аком	noun	аком	акома	акоме	аком	акомом	curated	curated	0.99
акр	noun	акр	акра	акре	акр	акром	curated	curated	0.99
акрил	noun	акрил	акрила	акриле	акрил	акрилом	curated	curated	0.99
акробат	noun	акробат	акробата	акробате	акробата	акробатом	curated	curated	0.99
акс	noun	акс	акса	аксе	акс	аксом	curated	curated	0.99
аксес	noun	аксес	аксеса	аксесе	аксес	аксесом	curated	curated	0.99
аксиома	noun	аксиома	аксиомы	аксиоме	аксиому	аксиомой	curated-p0-logic	curated	0.98
аксиоматизируемость	noun	аксиоматизируемость	аксиоматизируемости	аксиоматизируемости	аксиоматизируемость	аксиоматизируемостью	curated	curated	0.99
аксон	noun	аксон	аксона	аксоне	аксон	аксоном	curated	curated	0.99
актер	noun	актер	актера	актере	актера	актером	curated	curated	0.99
активирование	noun	активированье	активированья	активированье	активирование	активированием	curated	curated	0.99
актин	noun	актин	актина	актине	актин	актином	curated	curated	0.99
актиничность	noun	актиничность	актиничности	актиничности	актиничность	актиничностью	curated	curated	0.99
актор	noun	актор	актора	акторе	актор	актором	curated	curated	0.99
акула	noun	акула	акулы	акуле	акулу	акулой	curated	curated	0.99
акупунктура	noun	акупунктура	акупунктуры	акупунктуре	акупунктуру	акупунктурой	curated	curated	0.99
акустооптика	noun	акустооптика	акустооптики	акустооптике	акустооптику	акустооптикой	curated	curated	0.99
акут	noun	акут	акута	акуте	акут	акутом	curated	curated	0.99
акцент	noun	акцент	акцента	акценте	акцент	акцентом	curated	curated	0.99
акцептование	noun	акцептованье	акцептованья	акцептованье	акцептование	акцептованием	curated	curated	0.99
акциз	noun	акциз	акциза	акцизе	акциз	акцизом	curated	curated	0.99
акционирование	noun	акционирование	акционирования	акционировании	акционирование	акционированием	curated	curated	0.99
акция	noun	акция	акции	акции	акцию	акцией	curated	curated	0.99
акын	noun	акын	акына	акыне	акына	акыном	curated	curated	0.99
алас	noun	алас	аласа	аласе	алас	аласом	curated	curated	0.99
алгебра	noun	алгебра	алгебры	алгебре	алгебру	алгеброй	curated	curated	0.99
алгол	noun	алгол	алгола	алголе	алгол	алголом	curated	curated	0.99
алгоритм	noun	алгоритм	алгоритма	алгоритме	алгоритм	алгоритмом	curated	curated	0.99
алгоритмичность	noun	алгоритмичность	алгоритмичности	алгоритмичности	алгоритмичность	алгоритмичностью	curated	curated	0.99
алеаторика	noun	алеаторика	алеаторики	алеаторике	алеаторику	алеаторикой	curated	curated	0.99
алеут	noun	алеут	алеута	алеуте	алеута	алеутом	curated	curated	0.99
алеф	noun	алеф	алефа	алефе	алеф	алефом	curated	curated	0.99
алзина	noun	алзина	алзины	алзине	алзину	алзиной	curated	curated	0.99
алиби	noun	алиби	алиби	алиби	алиби	алибиом	curated	curated	0.99
алитирование	noun	алитированье	алитированья	алитированье	алитирование	алитированием	curated	curated	0.99
алкаш	noun	алкаш	алкаша	алкаше	алкаша	алкашом	curated	curated	0.99
алкид	noun	алкид	алкида	алкиде	алкид	алкидом	curated	curated	0.99
алкил	noun	алкил	алкила	алкиле	алкил	алкилом	curated	curated	0.99
алкилирование	noun	алкилирование	алкилирования	алкилировании	алкилирование	алкилированием	curated	curated	0.99
алкогольность	noun	алкогольность	алкогольности	алкогольности	алкогольность	алкогольностью	curated	curated	0.99
аллах	noun	аллах	аллаха	аллахе	аллаха	аллахом	curated	curated	0.99
аллегория	noun	аллегория	аллегории	аллегории	аллегорию	аллегорией	curated	curated	0.99
аллегретто	noun	аллегретто	аллегретто	аллегретто	аллегретто	аллегреттом	curated	curated	0.99
аллея	noun	аллея	аллеи	аллее	аллею	аллеей	curated	curated	0.99
аллил	noun	аллил	аллила	аллиле	аллил	аллилом	curated	curated	0.99
аллод	noun	аллод	аллода	аллоде	аллод	аллодом	curated	curated	0.99
аллюр	noun	аллюр	аллюра	аллюре	аллюр	аллюром	curated	curated	0.99
алмаз	noun	алмаз	алмаза	алмазе	алмаз	алмазом	curated	curated	0.99
алоин	noun	алоин	алоина	алоине	алоин	алоином	curated	curated	0.99
алоэ	noun	алоэ	алоэ	алоэ	алоэ	алоэом	curated	curated	0.99
алтей	noun	алтей	алтея	алтее	алтей	алтеем	curated	curated	0.99
алтын	noun	алтын	алтына	алтыне	алтын	алтыном	curated	curated	0.99
алчба	noun	алчба	алчбы	алчбе	алчбу	алчбой	curated	curated	0.99
альбом	noun	альбом	альбома	альбоме	альбом	альбомом	curated	curated	0.99
альп	noun	альп	альпа	альпе	альп	альпом	curated	curated	0.99
альпинист	noun	альпинист	альпиниста	альпинисте	альпиниста	альпинистом	curated	curated	0.99
альт	noun	альт	альта	альте	альт	альтом	curated	curated	0.99
альтруист	noun	альтруист	альтруиста	альтруисте	альтруиста	альтруистом	curated	curated	0.99
альфа	noun	альфа	альфы	альфе	альфу	альфой	curated	curated	0.99
алюминий	noun	алюминий	алюминия	алюминии	алюминий	алюминием	curated	curated	0.99
ама	noun	ама	амы	аме	аму	амой	curated	curated	0.99
амбал	noun	амбал	амбала	амбале	амбала	амбалом	curated	curated	0.99
амбар	noun	амбар	амбара	амбаре	амбар	амбаром	curated	curated	0.99
амбра	noun	амбра	амбры	амбре	амбру	амброй	curated	curated	0.99
амвон	noun	амвон	амвона	амвоне	амвон	амвоном	curated	curated	0.99
амеба	noun	амеба	амебы	амебе	амебу	амебой	curated	curated	0.99
америка	noun	америка	америки	америке	америку	америкой	curated	curated	0.99
аметист	noun	аметист	аметиста	аметисте	аметист	аметистом	curated	curated	0.99
амид	noun	амид	амида	амиде	амид	амидом	curated	curated	0.99
амил	noun	амил	амила	амиле	амил	амилом	curated	curated	0.99
амиш	noun	амиш	амиша	амише	амиша	амишем	curated	curated	0.99
амия	noun	амия	амии	амии	амию	амией	curated	curated	0.99
аммиак	noun	аммиак	аммиака	аммиаке	аммиак	аммиаком	curated	curated	0.99
амок	noun	амок	амока	амоке	амок	амоком	curated	curated	0.99
аморф	noun	аморф	аморфа	аморфе	аморф	аморфом	curated	curated	0.99
ампер	noun	ампер	ампера	ампере	ампер	ампером	curated	curated	0.99
ампир	noun	ампир	ампира	ампире	ампир	ампиром	curated	curated	0.99
амплитуда	noun	амплитуда	амплитуды	амплитуде	амплитуду	амплитудой	curated	curated	0.99
амт	noun	амт	амта	амте	амт	амтом	curated	curated	0.99
амулет	noun	амулет	амулета	амулете	амулет	амулетом	curated	curated	0.99
амфибия	noun	амфибия	амфибии	амфибии	амфибию	амфибией	curated	curated	0.99
ана	noun	ана	аны	ане	ану	аной	curated	curated	0.99
анал	noun	анал	анала	анале	анал	аналом	curated	curated	0.99
аналитик	noun	аналитик	аналитика	аналитике	аналитика	аналитиком	curated	curated	0.99
аналитичность	noun	аналитичность	аналитичности	аналитичности	аналитичность	аналитичностью	curated	curated	0.99
аналогия	noun	аналогия	аналогии	аналогии	аналогию	аналогией	curated	curated	0.99
анальгин	noun	анальгин	анальгина	анальгине	анальгин	анальгином	curated	curated	0.99
ананас	noun	ананас	ананаса	ананасе	ананас	ананасом	curated	curated	0.99
анарх	noun	анарх	анарха	анархе	анарха	анархом	curated	curated	0.99
анатомия	noun	анатомия	анатомии	анатомии	анатомию	анатомией	curated	curated	0.99
ангар	noun	ангар	ангара	ангаре	ангар	ангаром	curated	curated	0.99
ангел	noun	ангел	ангела	ангеле	ангела	ангелом	curated	curated	0.99
ангелика	noun	ангелика	ангелики	ангелике	ангелику	ангеликой	curated	curated	0.99
ангина	noun	ангина	ангины	ангине	ангину	ангиной	curated	curated	0.99
англистика	noun	англистика	англистики	англистике	англистику	англистикой	curated	curated	0.99
ангоб	noun	ангоб	ангоба	ангобе	ангоб	ангобом	curated	curated	0.99
анекдот	noun	анекдот	анекдота	анекдоте	анекдот	анекдотом	curated	curated	0.99
анемона	noun	анемона	анемоны	анемоне	анемону	анемоной	curated	curated	0.99
анестетика	noun	анестетика	анестетики	анестетике	анестетику	анестетикой	curated	curated	0.99
анид	noun	анид	анида	аниде	анид	анидом	curated	curated	0.99
анизотропность	noun	анизотропность	анизотропности	анизотропности	анизотропность	анизотропностью	curated	curated	0.99
анима	noun	анима	анимы	аниме	аниму	анимой	curated	curated	0.99
анимация	noun	анимация	анимации	анимации	анимацию	анимацией	curated	curated	0.99
анион	noun	анион	аниона	анионе	анион	анионом	curated	curated	0.99
анионопроницаемость	noun	анионопроницаемость	анионопроницаемости	анионопроницаемости	анионопроницаемость	анионопроницаемостью	curated	curated	0.99
анк	noun	анк	анка	анке	анк	анком	curated	curated	0.99
анкас	noun	анкас	анкаса	анкасе	анкас	анкасом	curated	curated	0.99
анкер	noun	анкер	анкера	анкере	анкер	анкером	curated	curated	0.99
анкета	noun	анкета	анкеты	анкете	анкету	анкетой	curated	curated	0.99
анкл	noun	анкл	анкла	анкле	анкл	анклом	curated	curated	0.99
аннит	noun	аннит	аннита	анните	аннит	аннитом	curated	curated	0.99
аннуитет	noun	аннуитет	аннуитета	аннуитете	аннуитет	аннуитетом	curated	curated	0.99
анод	noun	анод	анода	аноде	анод	анодом	curated	curated	0.99
аномальность	noun	аномальность	аномальности	аномальности	аномальность	аномальностью	curated	curated	0.99
аноним	noun	аноним	анонима	анониме	анонима	анонимом	curated	curated	0.99
анонс	noun	анонс	анонса	анонсе	анонс	анонсом	curated	curated	0.99
ансамбль	noun	ансамбль	ансамбля	ансамбле	ансамбль	ансамблем	curated	curated	0.99
ант	noun	ант	анта	анте	анта	антом	curated	curated	0.99
антарктида	noun	антарктида	антарктиды	антарктиде	антарктиду	антарктидой	curated	curated	0.99
антей	noun	антей	антея	антее	антей	антеем	curated	curated	0.99
антенна	noun	антенна	антенны	антенне	антенну	антенной	curated	curated	0.99
антибиотик	noun	антибиотик	антибиотика	антибиотике	антибиотика	антибиотиком	curated	curated	0.99
антигалактика	noun	антигалактика	антигалактики	антигалактике	антигалактику	антигалактикой	curated	curated	0.99
антигон	noun	антигон	антигона	антигоне	антигона	антигоном	curated	curated	0.99
антик	noun	антик	антика	антике	антик	антиком	curated	curated	0.99
антикоммутативность	noun	антикоммутативность	антикоммутативности	антикоммутативности	антикоммутативность	антикоммутативностью	curated	curated	0.99
антиномия	noun	антиномия	антиномии	антиномии	антиномию	антиномией	curated	curated	0.99
антипатия	noun	антипатия	антипатии	антипатии	антипатию	антипатией	curated	curated	0.99
антипода	noun	антипода	антиподы	антиподе	антиподу	антиподой	curated	curated	0.99
антирефлексивность	noun	антирефлексивность	антирефлексивности	антирефлексивности	антирефлексивность	антирефлексивностью	curated	curated	0.99
антисептик	noun	антисептик	антисептика	антисептике	антисептика	антисептиком	curated	curated	0.99
антитезис	noun	антитезис	антитезиса	антитезисе	антитезис	антитезисом	curated-p0-logic	curated	0.95
антитела	noun	антитела	антител	антителах	антителу	антителами	curated	curated	0.99
антициклон	noun	антициклон	антициклона	антициклоне	антициклон	антициклоном	curated	curated	0.99
анус	noun	анус	ануса	анусе	анус	анусом	curated	curated	0.99
анчар	noun	анчар	анчара	анчаре	анчар	анчаром	curated	curated	0.99
аорта	noun	аорта	аорты	аорте	аорту	аортой	curated	curated	0.99
апатия	noun	апатия	апатии	апатии	апатию	апатией	curated	curated	0.99
апаш	noun	апаш	апаша	апаше	апаша	апашем	curated	curated	0.99
апекс	noun	апекс	апекса	апексе	апекс	апексом	curated	curated	0.99
апельсин	noun	апельсин	апельсина	апельсине	апельсин	апельсином	curated	curated	0.99
апис	noun	апис	аписа	аписе	аписа	аписом	curated	curated	0.99
аплик	noun	аплик	аплика	аплике	аплику	апликом	curated	curated	0.99
апорт	noun	апорт	апорта	апорте	апорт	апортом	curated	curated	0.99
апостол	noun	апостол	апостола	апостоле	апостола	апостолом	curated	curated	0.99
апоф	noun	апоф	апофа	апофе	апофа	апофом	curated	curated	0.99
аппарат	noun	аппарат	аппарата	аппарате	аппарат	аппаратом	curated	curated	0.99
аппендицит	noun	аппендицит	аппендицита	аппендиците	аппендицит	аппендицитом	curated	curated	0.99
аппроксимация	noun	аппроксимация	аппроксимации	аппроксимации	аппроксимацию	аппроксимацией	curated	curated	0.99
аппроксимируемость	noun	аппроксимируемость	аппроксимируемости	аппроксимируемости	аппроксимируемость	аппроксимируемостью	curated	curated	0.99
апрель	noun	апрель	апреля	апреле	апрель	апрелем	curated	curated	0.99
апрош	noun	апрош	апроша	апроше	апрош	апрошем	curated	curated	0.99
апсида	noun	апсида	апсиды	апсиде	апсиду	апсидой	curated	curated	0.99
аптека	noun	аптека	аптеки	аптеке	аптеку	аптекой	curated	curated	0.99
араб	noun	араб	араба	арабе	араба	арабом	curated	curated	0.99
арабика	noun	арабика	арабики	арабике	арабику	арабикой	curated	curated	0.99
арак	noun	арак	арака	араке	арак	араком	curated	curated	0.99
арап	noun	арап	арапа	арапе	арапа	арапом	curated	curated	0.99
арат	noun	арат	арата	арате	арата	аратом	curated	curated	0.99
арба	noun	арба	арбы	арбе	арбу	арбой	curated	curated	0.99
арбитр	noun	арбитр	арбитра	арбитре	арбитра	арбитром	curated	curated	0.99
арбитраж	noun	арбитраж	арбитража	арбитраже	арбитраж	арбитражом	curated	curated	0.99
арбуз	noun	арбуз	арбуза	арбузе	арбуз	арбузом	curated	curated	0.99
аргал	noun	аргал	аргала	аргале	аргал	аргалом	curated	curated	0.99
аргентина	noun	аргентина	аргентины	аргентине	арентину	арентиной	curated	curated	0.99
аргон	noun	аргон	аргона	аргоне	аргон	аргоном	curated	curated	0.99
аргумент	noun	аргумент	аргумента	аргументе	аргумент	аргументом	curated	curated	0.98
аргументация	noun	аргументация	аргументации	аргументации	аргументацию	аргументацией	curated	curated	0.99
аргументированность	noun	аргументированность	аргументированности	аргументированности	аргументированность	аргументированностью	curated	curated	0.99
аргус	noun	аргус	аргуса	аргусе	аргуса	аргусом	curated	curated	0.99
арден	noun	арден	ардена	ардене	ардена	арденом	curated	curated	0.99
ареал	noun	ареал	ареала	ареале	ареал	ареалом	curated	curated	0.99
арена	noun	арена	арены	арене	арену	ареной	curated	curated	0.99
арест	noun	арест	ареста	аресте	арест	арестом	curated	curated	0.99
ариец	noun	ариец	арийца	арийце	арийца	арийцем	curated	curated	0.99
аристократ	noun	аристократ	аристократа	аристократе	аристократа	аристократом	curated	curated	0.99
арифметика	noun	арифметика	арифметики	арифметике	арифметику	арифметикой	curated	curated	0.99
ария	noun	ария	арии	арии	арию	арией	curated	curated	0.99
арка	noun	арка	арки	арке	арку	аркой	curated	curated	0.99
аркан	noun	аркан	аркана	аркане	аркан	арканом	curated	curated	0.99
аркоз	noun	аркоз	аркоза	аркозе	аркоз	аркозом	curated	curated	0.99
армия	noun	армия	армии	армии	армию	армией	curated	curated	0.99
армюр	noun	армюр	армюра	армюре	армюр	армюром	curated	curated	0.99
армяк	noun	армяк	армяка	армяке	армяк	армяком	curated	curated	0.99
арность	noun	арность	арности	арности	арность	арностью	curated	curated	0.99
аромат	noun	аромат	аромата	аромате	аромат	ароматом	curated	curated	0.99
ароматность	noun	ароматность	ароматности	ароматности	ароматность	ароматностью	curated	curated	0.99
арпан	noun	арпан	арпана	арпане	арпан	арпаном	curated	curated	0.99
арсис	noun	арсис	арсиса	арсисе	арсис	арсисом	curated	curated	0.99
арт	noun	арт	арта	арте	арт	артом	curated	curated	0.99
артефакт	noun	артефакт	артефакта	артефакте	артефакт	артефактом	curated	curated	0.99
артист	noun	артист	артиста	артисте	артиста	артистом	curated	curated	0.99
артос	noun	артос	артоса	артосе	артос	артосом	curated	curated	0.99
артур	noun	артур	артура	артуре	артура	артуром	curated	curated	0.99
арум	noun	арум	арума	аруме	арум	арумом	curated	curated	0.99
арфа	noun	арфа	арфы	арфе	арфу	арфой	curated	curated	0.99
арх	noun	арх	арха	архе	арха	архом	curated	curated	0.99
архар	noun	архар	архара	архаре	архара	архаром	curated	curated	0.99
архат	noun	архат	архата	архате	архата	архатом	curated	curated	0.99
археолог	noun	археолог	археолога	археологе	археолога	археологом	curated	curated	0.99
архетип	noun	архетип	архетипа	архетипе	архетип	архетипом	curated	curated	0.99
архивистика	noun	архивистика	архивистики	архивистике	архивистику	архивистикой	curated	curated	0.99
архитектор	noun	архитектор	архитектора	архитекторе	архитектора	архитектором	curated	curated	0.99
арчак	noun	арчак	арчака	арчаке	арчак	арчаком	curated	curated	0.99
аршин	noun	аршин	аршина	аршине	аршин	аршином	curated	curated	0.99
арык	noun	арык	арыка	арыке	арык	арыком	curated	curated	0.99
асимметрия	noun	асимметрия	асимметрии	асимметрии	асимметрию	асимметрией	curated	curated	0.99
асин	noun	асин	асина	асине	асина	асином	curated	curated	0.99
асинхронность	noun	асинхронность	асинхронности	асинхронности	асинхронность	асинхронностью	curated	curated	0.99
аск	noun	аск	аска	аске	аск	аском	curated	curated	0.99
аскет	noun	аскет	аскета	аскете	аскета	аскетом	curated	curated	0.99
аскетичность	noun	аскетичность	аскетичности	аскетичности	аскетичность	аскетичностью	curated	curated	0.99
аспид	noun	аспид	аспида	аспиде	аспида	аспидом	curated	curated	0.99
аспирин	noun	аспирин	аспирина	аспирине	аспирин	аспирином	curated	curated	0.99
асс	noun	асс	асса	ассе	асс	ассом	curated	curated	0.99
ассиметричность	noun	ассиметричность	ассиметричности	ассиметричности	ассиметричность	ассиметричностью	curated	curated	0.99
ассистент	noun	ассистент	ассистента	ассистенте	ассистента	ассистентом	curated	curated	0.99
ассоциация	noun	ассоциация	ассоциации	ассоциации	ассоциацию	ассоциацией	curated	curated	0.99
астат	noun	астат	астата	астате	астат	астатом	curated	curated	0.99
астероид	noun	астероид	астероида	астероиде	астероид	астероидом	curated	curated	0.99
астма	noun	астма	астмы	астме	астму	астмой	curated	curated	0.99
астра	noun	астра	астры	астре	астру	астрой	curated	curated	0.99
астрионика	noun	астрионика	астрионики	астрионике	астрионику	астрионикой	curated	curated	0.99
астродинамика	noun	астродинамика	астродинамики	астродинамике	астродинамику	астродинамикой	curated	curated	0.99
астроном	noun	астроном	астронома	астрономе	астронома	астрономом	curated	curated	0.99
асфальт	noun	асфальт	асфальта	асфальте	асфальт	асфальтом	curated	curated	0.99
асферичность	noun	асферичность	асферичности	асферичности	асферичность	асферичностью	curated	curated	0.99
асцит	noun	асцит	асцита	асците	асцит	асцитом	curated	curated	0.99
атлас	noun	атлас	атласа	атласе	атлас	атласом	curated	curated	0.99
атлет	noun	атлет	атлета	атлете	атлета	атлетом	curated	curated	0.99
атмос	noun	атмос	атмоса	атмосе	атмос	атмосом	curated	curated	0.99
атмосфера	noun	атмосфера	атмосферы	атмосфере	атмосферу	атмосферой	curated	curated	0.99
атмосферостойкость	noun	атмосферостойкость	атмосферостойкости	атмосферостойкости	атмосферостойкость	атмосферостойкостью	curated	curated	0.99
атолл	noun	атолл	атолла	атолле	атолл	атоллом	curated	curated	0.99
атомность	noun	атомность	атомности	атомности	атомность	атомностью	curated	curated	0.99
атрий	noun	атрий	атрия	атрии	атрий	атрием	curated	curated	0.99
аттик	noun	аттик	аттика	аттике	аттик	аттиком	curated	curated	0.99
аттракцион	noun	аттракцион	аттракциона	аттракционе	аттракцион	аттракционом	curated	curated	0.99
аудиотехника	noun	аудиотехника	аудиотехники	аудиотехнике	аудиотехнику	аудиотехникой	curated	curated	0.99
аудит	noun	аудит	аудита	аудите	аудит	аудитом	curated	curated	0.99
аудитор	noun	аудитор	аудитора	аудиторе	аудитора	аудитором	curated	curated	0.99
аудитория	noun	аудитория	аудитории	аудитории	аудиторию	аудиторией	curated	curated	0.99
аул	noun	аул	аула	ауле	аул	аулом	curated	curated	0.99
аура	noun	аура	ауры	ауре	ауру	аурой	curated	curated	0.99
аурат	noun	аурат	аурата	аурате	аурат	ауратом	curated	curated	0.99
аус	noun	аус	ауса	аусе	аус	аусом	curated	curated	0.99
аут	noun	аут	аута	ауте	аут	аутом	curated	curated	0.99
аутентификация	noun	аутентификация	аутентификации	аутентификации	аутентификацию	аутентификацией	curated	curated	0.99
аутопластика	noun	аутопластика	аутопластики	аутопластике	аутопластику	аутопластикой	curated	curated	0.99
афера	noun	афера	аферы	афере	аферу	аферой	curated	curated	0.99
афиша	noun	афиша	афиши	афише	афишу	афишей	curated	curated	0.99
африт	noun	африт	африта	африте	африта	афритом	curated	curated	0.99
ахеец	noun	ахеец	ахейца	ахейце	ахейца	ахейцем	curated	curated	0.99
ахуй	noun	ахуй	ахуя	ахуе	ахуй	ахуем	curated	curated	0.99
ацид	noun	ацид	ацида	ациде	ацид	ацидом	curated	curated	0.99
ацтек	noun	ацтек	ацтека	ацтеке	ацтека	ацтеком	curated	curated	0.99
ашрам	noun	ашрам	ашрама	ашраме	ашрам	ашрамом	curated	curated	0.99
ашуг	noun	ашуг	ашуга	ашуге	ашуга	ашугом	curated	curated	0.99
аэроб	noun	аэроб	аэроба	аэробе	аэроб	аэробом	curated	curated	0.99
аэробаллистика	noun	аэробаллистика	аэробаллистики	аэробаллистике	аэробаллистику	аэробаллистикой	curated	curated	0.99
аэробика	noun	аэробика	аэробики	аэробике	аэробику	аэробикой	curated	curated	0.99
аэрогеофизика	noun	аэрогеофизика	аэрогеофизики	аэрогеофизике	аэрогеофизику	аэрогеофизикой	curated	curated	0.99
аэрогидродинамика	noun	аэрогидродинамика	аэрогидродинамики	аэрогидродинамике	аэрогидродинамику	аэрогидродинамикой	curated	curated	0.99
аэрогидроупругость	noun	аэрогидроупругость	аэрогидроупругости	аэрогидроупругости	аэрогидроупругость	аэрогидроупругостью	curated	curated	0.99
аэромеханика	noun	аэромеханика	аэромеханики	аэромеханике	аэромеханику	аэромеханикой	curated	curated	0.99
аэрон	noun	аэрон	аэрона	аэроне	аэрон	аэроном	curated	curated	0.99
аэротермоакустика	noun	аэротермоакустика	аэротермоакустики	аэротермоакустике	аэротермоакустику	аэротермоакустикой	curated	curated	0.99
аэротермодинамика	noun	аэротермодинамика	аэротермодинамики	аэротермодинамике	аэротермодинамику	аэротермодинамикой	curated	curated	0.99
аэротермоупругость	noun	аэротермоупругость	аэротермоупругости	аэротермоупругости	аэротермоупругость	аэротермоупругостью	curated	curated	0.99
аэроупругость	noun	аэроупругость	аэроупругости	аэроупругости	аэроупругость	аэроупругостью	curated	curated	0.99
баба	noun	баба	бабы	бабе	бабу	бабой	curated	curated	0.99
бабай	noun	бабай	бабая	бабае	бабая	бабаем	curated	curated	0.99
бабка	noun	бабка	бабки	бабке	бабку	бабкой	curated	curated	0.99
бабр	noun	бабр	бабра	бабре	бабра	бабром	curated	curated	0.99
багаж	noun	багаж	багажа	багаже	багаж	багажом	curated	curated	0.99
багер	noun	багер	багера	багере	багер	багером	curated	curated	0.99
багет	noun	багет	багета	багете	багет	багетом	curated	curated	0.99
багор	noun	багор	багра	багре	багор	багром	curated	curated	0.99
бадан	noun	бадан	бадана	бадане	бадан	баданом	curated	curated	0.99
бадья	noun	бадья	бадьи	бадье	бадью	бадьей	curated	curated	0.99
база	noun	база	базы	базе	базу	базой	curated	curated	0.99
базальт	noun	базальт	базальта	базальте	базальт	базальтом	curated	curated	0.99
базар	noun	базар	базара	базаре	базар	базаром	curated	curated	0.99
базис	noun	базис	базиса	базисе	базис	базисом	curated	curated	0.99
байка	noun	байка	байки	байке	байку	байкой	curated	curated	0.99
бакан	noun	бакан	бакана	бакане	бакан	баканом	curated	curated	0.99
бакен	noun	бакен	бакена	бакене	бакен	бакеном	curated	curated	0.99
бакс	noun	бакс	бакса	баксе	бакс	баксом	curated	curated	0.99
бакт	noun	бакт	бакта	бакте	бакт	бактом	curated	curated	0.99
бактерия	noun	бактерия	бактерии	бактерии	бактерию	бактерией	curated	curated	0.99
бал	noun	бал	бала	бале	бал	балом	curated	curated	0.99
балалайка	noun	балалайка	балалайки	балалайке	балалайку	балалайкой	curated	curated	0.99
баланс	noun	баланс	баланса	балансе	баланс	балансом	curated	curated	0.99
балансировка	noun	балансировка	балансировки	балансировке	балансировку	балансировкой	curated	curated	0.99
балда	noun	балда	балды	балде	балду	балдой	curated	curated	0.99
балет	noun	балет	балета	балете	балет	балетом	curated	curated	0.99
балка	noun	балка	балки	балке	балку	балкой	curated	curated	0.99
балканистика	noun	балканистика	балканистики	балканистике	балканистику	балканистикой	curated	curated	0.99
балкон	noun	балкон	балкона	балконе	балкон	балконом	curated	curated	0.99
балл	noun	балл	балла	балле	балл	баллом	curated	curated	0.99
баллон	noun	баллон	баллона	баллоне	баллон	баллоном	curated	curated	0.99
балльность	noun	балльность	балльности	балльности	балльность	балльностью	curated	curated	0.99
балык	noun	балык	балыка	балыке	балык	балыком	curated	curated	0.99
бамия	noun	бамия	бамии	бамии	бамию	бамией	curated	curated	0.99
бан	noun	бан	бана	бане	бана	баном	curated	curated	0.99
банан	noun	банан	банана	банане	банан	бананом	curated	curated	0.99
банг	noun	банг	банга	банге	банг	бангом	curated	curated	0.99
банда	noun	банда	банды	банде	банду	бандой	curated	curated	0.99
бандит	noun	бандит	бандита	бандите	бандита	бандитом	curated	curated	0.99
банер	noun	банер	банера	банере	банер	банером	curated	curated	0.99
банкир	noun	банкир	банкира	банкире	банкира	банкиром	curated	curated	0.99
банкрот	noun	банкрот	банкрота	банкроте	банкрота	банкротом	curated	curated	0.99
бант	noun	бант	банта	банте	бант	бантом	curated	curated	0.99
бар	noun	бар	бара	баре	бар	баром	curated	curated	0.99
баран	noun	баран	барана	баране	барана	бараном	curated	curated	0.99
бард	noun	бард	барда	барде	барда	бардом	curated	curated	0.99
бареж	noun	бареж	барежа	бареже	бареж	барежем	curated	curated	0.99
баржа	noun	баржа	баржи	барже	баржу	баржей	curated	curated	0.99
барий	noun	барий	бария	барии	барий	барием	curated	curated	0.99
барин	noun	барин	барина	барине	барина	барином	curated	curated	0.99
барит	noun	барит	барита	барите	барит	баритом	curated	curated	0.99
барк	noun	барк	барка	барке	барк	барком	curated	curated	0.99
барн	noun	барн	барна	барне	барн	барном	curated	curated	0.99
бародинамика	noun	бародинамика	бародинамики	бародинамике	бародинамику	бародинамикой	curated	curated	0.99
бароклинность	noun	бароклинность	бароклинности	бароклинности	бароклинность	бароклинностью	curated	curated	0.99
барон	noun	барон	барона	бароне	барона	бароном	curated	curated	0.99
барс	noun	барс	барса	барсе	барса	барсом	curated	curated	0.99
бархат	noun	бархат	бархата	бархате	бархат	бархатом	curated	curated	0.99
барыня	noun	барыня	барыни	барыне	барышню	барышней	curated	curated	0.99
барьер	noun	барьер	барьера	барьере	барьер	барьером	curated	curated	0.99
бас	noun	бас	баса	басе	бас	басом	curated	curated	0.99
басистость	noun	басистость	басистости	басистости	басистость	басистостью	curated	curated	0.99
баск	noun	баск	баска	баске	баска	баском	curated	curated	0.99
басма	noun	басма	басмы	басме	басму	басмой	curated	curated	0.99
басня	noun	басня	басни	басне	басню	басней	curated	curated	0.99
басовитость	noun	басовитость	басовитости	басовитости	басовитость	басовитостью	curated	curated	0.99
басон	noun	басон	басона	басоне	басон	басоном	curated	curated	0.99
бассейн	noun	бассейн	бассейна	бассейне	бассейн	бассейном	curated	curated	0.99
бастр	noun	бастр	бастра	бастре	бастр	бастром	curated	curated	0.99
бат	noun	бат	бата	бате	бат	батом	curated	curated	0.99
батан	noun	батан	батана	батане	батан	батаном	curated	curated	0.99
батарея	noun	батарея	батареи	батарее	батарею	батареей	curated	curated	0.99
батат	noun	батат	батата	батате	батат	бататом	curated	curated	0.99
батик	noun	батик	батика	батике	батик	батиком	curated	curated	0.99
батог	noun	батог	батога	батоге	батог	батогом	curated	curated	0.99
батон	noun	батон	батона	батоне	батон	батоном	curated	curated	0.99
батуд	noun	батуд	батуда	батуде	батуд	батудом	curated	curated	0.99
батун	noun	батун	батуна	батуне	батун	батуном	curated	curated	0.99
батут	noun	батут	батута	батуте	батут	батутом	curated	curated	0.99
баул	noun	баул	баула	бауле	баул	баулом	curated	curated	0.99
бафия	noun	бафия	бафии	бафии	бафию	бафией	curated	curated	0.99
бахромчатость	noun	бахромчатость	бахромчатости	бахромчатости	бахромчатость	бахромчатостью	curated	curated	0.99
бахча	noun	бахча	бахчи	бахче	бахчу	бахчой	curated	curated	0.99
бачок	noun	бачок	бачка	бачке	бачок	бачком	curated	curated	0.99
баш	noun	баш	баша	баше	баш	башем	curated	curated	0.99
башка	noun	башка	башки	башке	башку	башкой	curated	curated	0.99
башмак	noun	башмак	башмака	башмаке	башмак	башмаком	curated	curated	0.99
башня	noun	башня	башни	башне	башню	башней	curated	curated	0.99
баян	noun	баян	баяна	баяне	баян	баяном	curated	curated	0.99
беда	noun	беда	беды	беде	беду	бедой	curated	curated	0.99
бедро	noun	бедро	бедра	бедре	бедро	бедром	curated	curated	0.99
беженец	noun	беженец	беженца	беженце	беженца	беженцем	curated	curated	0.99
безапелляционность	noun	безапелляционность	безапелляционности	безапелляционности	безапелляционность	безапелляционностью	curated	curated	0.99
безвкусность	noun	безвкусность	безвкусности	безвкусности	безвкусность	безвкусностью	curated	curated	0.99
бездельник	noun	бездельник	бездельника	бездельнике	бездельника	бездельником	curated	curated	0.99
бездефицитность	noun	бездефицитность	бездефицитности	бездефицитности	бездефицитность	бездефицитностью	curated	curated	0.99
бездуховность	noun	бездуховность	бездуховности	бездуховности	бездуховность	бездуховностью	curated	curated	0.99
безик	noun	безик	безика	безике	безик	безиком	curated	curated	0.99
безмолвность	noun	безмолвность	безмолвности	безмолвности	безмолвность	безмолвностью	curated	curated	0.99
безоглядность	noun	безоглядность	безоглядности	безоглядности	безоглядность	безоглядностью	curated	curated	0.99
безопасность	noun	безопасность	безопасности	безопасности	безопасность	безопасностью	curated	curated	0.99
безотзывность	noun	безотзывность	безотзывности	безотзывности	безотзывность	безотзывностью	curated	curated	0.99
безошибочность	noun	безошибочность	безошибочности	безошибочности	безошибочность	безошибочностью	curated	curated	0.99
безработица	noun	безработица	безработицы	безработице	безработицу	безработицей	curated	curated	0.99
безумие	noun	безумие	безумия	безумии	безумие	безумием	curated	curated	0.99
безымянность	noun	безымянность	безымянности	безымянности	безымянность	безымянностью	curated	curated	0.99
безыскусность	noun	безыскусность	безыскусности	безыскусности	безыскусность	безыскусностью	curated	curated	0.99
бей	noun	бей	бея	бее	бея	беем	curated	curated	0.99
бейдж	noun	бейдж	бейджа	бейдже	бейдж	бейджем	curated	curated	0.99
бейка	noun	бейка	бейки	бейке	бейку	бейкой	curated	curated	0.99
бейт	noun	бейт	бейта	бейте	бейт	бейтом	curated	curated	0.99
бек	noun	бек	бека	беке	бека	беком	curated	curated	0.99
бекар	noun	бекар	бекара	бекаре	бекар	бекаром	curated	curated	0.99
бекас	noun	бекас	бекаса	бекасе	бекаса	бекасом	curated	curated	0.99
бекон	noun	бекон	бекона	беконе	бекон	беконом	curated	curated	0.99
бел	noun	бел	бела	беле	бел	белом	curated	curated	0.99
белг	noun	белг	белга	белге	белга	белгом	curated	curated	0.99
белек	noun	белек	белька	бельке	белька	бельком	curated	curated	0.99
белец	noun	белец	бельца	бельце	бельца	бельцом	curated	curated	0.99
белковость	noun	белковость	белковости	белковости	белковость	белковостью	curated	curated	0.99
белок	noun	белок	белка	белке	белок	белком	curated	curated	0.99
белокурость	noun	белокурость	белокурости	белокурости	белокурость	белокуростью	curated	curated	0.99
бель	noun	бель	бели	бели	бель	белью	curated	curated	0.99
беляк	noun	беляк	беляка	беляке	беляка	беляком	curated	curated	0.99
беляш	noun	беляш	беляша	беляше	беляш	беляшом	curated	curated	0.99
бенчмарк	noun	бенчмарк	бенчмарка	бенчмарке	бенчмарк	бенчмарком	curated	curated	0.99
бердо	noun	бердо	берда	берде	бердо	бердом	curated	curated	0.99
береста	noun	береста	бересты	бересте	бересту	берестой	curated	curated	0.99
берет	noun	берет	берета	берете	берет	беретом	curated	curated	0.99
берил	noun	берил	берила	бериле	берил	берилом	curated	curated	0.99
берлога	noun	берлога	берлоги	берлоге	берлогу	берлогой	curated	curated	0.99
берма	noun	берма	бермы	берме	берму	бермой	curated	curated	0.99
берце	noun	берце	берца	берце	берце	берцем	curated	curated	0.99
берш	noun	берш	берша	берше	берша	бершем	curated	curated	0.99
бес	noun	бес	беса	бесе	беса	бесом	curated	curated	0.99
беседа	noun	беседа	беседы	беседе	беседу	беседой	curated	curated	0.99
бескрайность	noun	бескрайность	бескрайности	бескрайности	бескрайность	бескрайностью	curated	curated	0.99
беспокойность	noun	беспокойность	беспокойности	беспокойности	беспокойность	беспокойностью	curated	curated	0.99
бесполость	noun	бесполость	бесполости	бесполости	бесполость	бесполостью	curated	curated	0.99
беспрестанность	noun	беспрестанность	беспрестанности	беспрестанности	беспрестанность	беспрестанностью	curated	curated	0.99
беспрецедентность	noun	беспрецедентность	беспрецедентности	беспрецедентности	беспрецедентность	беспрецедентностью	curated	curated	0.99
беспримесность	noun	беспримесность	беспримесности	беспримесности	беспримесность	беспримесностью	curated	curated	0.99
беспристрастность	noun	беспристрастность	беспристрастности	беспристрастности	беспристрастность	беспристрастностью	curated	curated	0.99
беспроглядность	noun	беспроглядность	беспроглядности	беспроглядности	беспроглядность	беспроглядностью	curated	curated	0.99
беспутность	noun	беспутность	беспутности	беспутности	беспутность	беспутностью	curated	curated	0.99
бессмертие	noun	бессмертие	бессмертия	бессмертии	бессмертие	бессмертием	curated	curated	0.99
бесталанность	noun	бесталанность	бесталанности	бесталанности	бесталанность	бесталанностью	curated	curated	0.99
бестелесность	noun	бестелесность	бестелесности	бестелесности	бестелесность	бестелесностью	curated	curated	0.99
бестселлер	noun	бестселлер	бестселлера	бестселлере	бестселлера	бестселлером	curated	curated	0.99
бета	noun	бета	беты	бете	бету	бетой	curated	curated	0.99
бетон	noun	бетон	бетона	бетоне	бетон	бетоном	curated	curated	0.99
бзик	noun	бзик	бзика	бзике	бзик	бзиком	curated	curated	0.99
биб	noun	биб	биба	бибе	биб	бибом	curated	curated	0.99
библиотека	noun	библиотека	библиотеки	библиотеке	библиотеку	библиотекой	curated	curated	0.99
библия	noun	библия	библии	библии	библию	библией	curated	curated	0.99
бибоп	noun	бибоп	бибопа	бибопе	бибоп	бибопом	curated	curated	0.99
бивак	noun	бивак	бивака	биваке	бивак	биваком	curated	curated	0.99
биг	noun	биг	бига	биге	биг	бигом	curated	curated	0.99
бигус	noun	бигус	бигуса	бигусе	бигус	бигусом	curated	curated	0.99
бидон	noun	бидон	бидона	бидоне	бидон	бидоном	curated	curated	0.99
бизнес	noun	бизнес	бизнеса	бизнесе	бизнес	бизнесом	curated	curated	0.99
бизнесмен	noun	бизнесмен	бизнесмена	бизнесмене	бизнесмена	бизнесменом	curated	curated	0.99
бизон	noun	бизон	бизона	бизоне	бизона	бизоном	curated	curated	0.99
бикс	noun	бикс	бикса	биксе	бикс	биксом	curated	curated	0.99
билатеральность	noun	билатеральность	билатеральности	билатеральности	билатеральность	билатеральностью	curated	curated	0.99
билет	noun	билет	билета	билете	билет	билетом	curated	curated	0.99
билль	noun	билль	билля	билле	билль	биллем	curated	curated	0.99
бимс	noun	бимс	бимса	бимсе	бимс	бимсом	curated	curated	0.99
бинокль	noun	бинокль	бинокля	бинокле	бинокль	биноклем	curated	curated	0.99
бином	noun	бином	бинома	биноме	бином	биномом	curated	curated	0.99
бинт	noun	бинт	бинта	бинте	бинт	бинтом	curated	curated	0.99
биоакустика	noun	биоакустика	биоакустики	биоакустике	биоакустику	биоакустикой	curated	curated	0.99
биогеодинамика	noun	биогеодинамика	биогеодинамики	биогеодинамике	биогеодинамику	биогеодинамикой	curated	curated	0.99
биогидроакустика	noun	биогидроакустика	биогидроакустики	биогидроакустике	биогидроакустику	биогидроакустикой	curated	curated	0.99
биокерамика	noun	биокерамика	биокерамики	биокерамике	биокерамику	биокерамикой	curated	curated	0.99
биокибернетика	noun	биокибернетика	биокибернетики	биокибернетике	биокибернетику	биокибернетикой	curated	curated	0.99
биом	noun	биом	биома	биоме	биом	биомом	curated	curated	0.99
биоматематика	noun	биоматематика	биоматематики	биоматематике	биоматематику	биоматематикой	curated	curated	0.99
бионт	noun	бионт	бионта	бионте	бионт	бионтом	curated	curated	0.99
биопродуктивность	noun	биопродуктивность	биопродуктивности	биопродуктивности	биопродуктивность	биопродуктивностью	curated	curated	0.99
биос	noun	биос	биоса	биосе	биос	биосом	curated	curated	0.99
биосемиотика	noun	биосемиотика	биосемиотики	биосемиотике	биосемиотику	биосемиотикой	curated	curated	0.99
биосистематика	noun	биосистематика	биосистематики	биосистематике	биосистематику	биосистематикой	curated	curated	0.99
биосоциальность	noun	биосоциальность	биосоциальности	биосоциальности	биосоциальность	биосоциальностью	curated	curated	0.99
биостатика	noun	биостатика	биостатики	биостатике	биостатику	биостатикой	curated	curated	0.99
биотика	noun	биотика	биотики	биотике	биотику	биотикой	curated	curated	0.99
биоэлектроника	noun	биоэлектроника	биоэлектроники	биоэлектронике	биоэлектронику	биоэлектроникой	curated	curated	0.99
биоэнергетика	noun	биоэнергетика	биоэнергетики	биоэнергетике	биоэнергетику	биоэнергетикой	curated	curated	0.99
бирка	noun	бирка	бирки	бирке	бирку	биркой	curated	curated	0.99
бирюч	noun	бирюч	бирюча	бирюче	бирюча	бирючом	curated	curated	0.99
бисер	noun	бисер	бисера	бисере	бисер	бисером	curated	curated	0.99
бистр	noun	бистр	бистра	бистре	бистр	бистром	curated	curated	0.99
бит	noun	бит	бита	бите	бит	битом	curated	curated	0.99
битер	noun	битер	битера	битере	битер	битером	curated	curated	0.99
биток	noun	биток	битка	битке	биток	битком	curated	curated	0.99
битум	noun	битум	битума	битуме	битум	битумом	curated	curated	0.99
бихарактеристика	noun	бихарактеристика	бихарактеристики	бихарактеристике	бихарактеристику	бихарактеристикой	curated	curated	0.99
бич	noun	бич	бича	биче	бич	бичом	curated	curated	0.99
бишоп	noun	бишоп	бишопа	бишопе	бишопа	бишопом	curated	curated	0.99
благодарность	noun	благодарность	благодарности	благодарности	благодарность	благодарностью	curated	curated	0.99
благоразумие	noun	благоразумие	благоразумия	благоразумии	благоразумие	благоразумием	curated	curated	0.99
благородность	noun	благородность	благородности	благородности	благородность	благородностью	curated	curated	0.99
благородство	noun	благородство	благородства	благородстве	благородство	благородством	curated	curated	0.99
благоуханность	noun	благоуханность	благоуханности	благоуханности	благоуханность	благоуханностью	curated	curated	0.99
благочестивость	noun	благочестивость	благочестивости	благочестивости	благочестивость	благочестивостью	curated	curated	0.99
блажь	noun	блажь	блажи	блажи	блажь	блажью	curated	curated	0.99
бланк	noun	бланк	бланка	бланке	бланк	бланком	curated	curated	0.99
бласт	noun	бласт	бласта	бласте	бласт	бластом	curated	curated	0.99
блат	noun	блат	блата	блате	блат	блатом	curated	curated	0.99
блескость	noun	блескость	блескости	блескости	блескость	блескостью	curated	curated	0.99
блестка	noun	блестка	блестки	блестке	блестку	блесткой	curated	curated	0.99
блеф	noun	блеф	блефа	блефе	блеф	блефом	curated	curated	0.99
близнец	noun	близнец	близнеца	близнеце	близнеца	близнецом	curated	curated	0.99
близость	noun	близость	близости	близости	близость	близостью	curated	curated	0.99
близь	noun	близь	близи	близи	близь	близью	curated	curated	0.99
блик	noun	блик	блика	блике	блик	бликом	curated	curated	0.99
блин	noun	блин	блина	блине	блин	блином	curated	curated	0.99
блинд	noun	блинд	блинда	блинде	блинд	блиндом	curated	curated	0.99
блинк	noun	блинк	блинка	блинке	блинк	блинком	curated	curated	0.99
блинт	noun	блинт	блинта	блинте	блинт	блинтом	curated	curated	0.99
блиц	noun	блиц	блица	блице	блиц	блицем	curated	curated	0.99
блог	noun	блог	блога	блоге	блог	блогом	curated	curated	0.99
блок	noun	блок	блока	блоке	блок	блоком	curated	curated	0.99
блокнот	noun	блокнот	блокнота	блокноте	блокнот	блокнотом	curated	curated	0.99
блоха	noun	блоха	блохи	блохе	блоху	блохой	curated	curated	0.99
блочность	noun	блочность	блочности	блочности	блочность	блочностью	curated	curated	0.99
блуд	noun	блуд	блуда	блуде	блуд	блудом	curated	curated	0.99
блуза	noun	блуза	блузы	блузе	блузу	блузой	curated	curated	0.99
блюдо	noun	блюдо	блюда	блюде	блюдо	блюдом	curated	curated	0.99
блюз	noun	блюз	блюза	блюзе	блюз	блюзом	curated	curated	0.99
блюм	noun	блюм	блюма	блюме	блюм	блюмом	curated	curated	0.99
блюмс	noun	блюмс	блюмса	блюмсе	блюмс	блюмсом	curated	curated	0.99
бляха	noun	бляха	бляхи	бляхе	бляху	бляхой	curated	curated	0.99
боб	noun	боб	боба	бобе	боб	бобом	curated	curated	0.99
бобер	noun	бобер	бобра	бобре	бобра	бобром	curated	curated	0.99
бобик	noun	бобик	бобика	бобике	бобика	бобиком	curated	curated	0.99
бобок	noun	бобок	бобка	бобке	бобок	бобком	curated	curated	0.99
богач	noun	богач	богача	богаче	богача	богачом	curated	curated	0.99
боговдохновенность	noun	боговдохновенность	боговдохновенности	боговдохновенности	боговдохновенность	боговдохновенностью	curated	curated	0.99
богомольность	noun	богомольность	богомольности	богомольности	богомольность	богомольностью	curated	curated	0.99
бод	noun	бод	бода	боде	бод	бодом	curated	curated	0.99
бодрость	noun	бодрость	бодрости	бодрости	бодрость	бодростью	curated	curated	0.99
бодун	noun	бодун	бодуна	бодуне	бодуна	бодуном	curated	curated	0.99
бодяк	noun	бодяк	бодяка	бодяке	бодяк	бодяком	curated	curated	0.99
боек	noun	боек	бойка	бойке	боек	бойком	curated	curated	0.99
боец	noun	боец	бойца	бойце	бойца	бойцом	curated	curated	0.99
божок	noun	божок	божка	божке	божка	божком	curated	curated	0.99
бозон	noun	бозон	бозона	бозоне	бозон	бозоном	curated	curated	0.99
боинг	noun	боинг	боинга	боинге	боинг	боингом	curated	curated	0.99
бой	noun	бой	боя	бое	бой	боем	curated	curated	0.99
бойня	noun	бойня	бойни	бойне	бойню	бойней	curated	curated	0.99
бок	noun	бок	бока	боке	бок	боком	curated	curated	0.99
бокал	noun	бокал	бокала	бокале	бокал	бокалом	curated	curated	0.99
бокс	noun	бокс	бокса	боксе	бокс	боксом	curated	curated	0.99
бол	noun	бол	бола	боле	бол	болом	curated	curated	0.99
болезнь	noun	болезнь	болезни	болезни	болезнь	болезнью	curated	curated	0.99
болид	noun	болид	болида	болиде	болид	болидом	curated	curated	0.99
болото	noun	болото	болота	болоте	болото	болотом	curated	curated	0.99
болт	noun	болт	болта	болте	болт	болтом	curated	curated	0.99
боль	noun	боль	боли	боли	боль	болью	curated	curated	0.98
больница	noun	больница	больницы	больнице	больницу	больницей	curated	curated	0.99
болюс	noun	болюс	болюса	болюсе	болюс	болюсом	curated	curated	0.99
бомба	noun	бомба	бомбы	бомбе	бомбу	бомбой	curated	curated	0.99
бомбардир	noun	бомбардир	бомбардира	бомбардире	бомбардира	бомбардиром	curated	curated	0.99
бомж	noun	бомж	бомжа	бомже	бомжа	бомжем	curated	curated	0.99
бон	noun	бон	бона	боне	бон	боном	curated	curated	0.99
бонза	noun	бонза	бонзы	бонзе	бонзу	бонзой	curated	curated	0.99
бонна	noun	бонна	бонны	бонне	бонну	бонной	curated	curated	0.99
бонус	noun	бонус	бонуса	бонусе	бонус	бонусом	curated	curated	0.99
боп	noun	боп	бопа	бопе	боп	бопом	curated	curated	0.99
бор	noun	бор	бора	боре	бор	бором	curated	curated	0.99
борат	noun	борат	бората	борате	борат	боратом	curated	curated	0.99
борд	noun	борд	борда	борде	борд	бордом	curated	curated	0.99
бордюр	noun	бордюр	бордюра	бордюре	бордюр	бордюром	curated	curated	0.99
борей	noun	борей	борея	борее	борей	бореем	curated	curated	0.99
борец	noun	борец	борца	борце	борец	борцом	curated	curated	0.99
борид	noun	борид	борида	бориде	борид	боридом	curated	curated	0.99
борн	noun	борн	борна	борне	борн	борном	curated	curated	0.99
боров	noun	боров	борова	борове	борова	боровом	curated	curated	0.99
борода	noun	борода	бороды	бороде	бороду	бородой	curated	curated	0.99
бороздчатость	noun	бороздчатость	бороздчатости	бороздчатости	бороздчатость	бороздчатостью	curated	curated	0.99
борт	noun	борт	борта	борте	борт	бортом	curated	curated	0.99
борть	noun	борть	борти	борти	борть	бортью	curated	curated	0.99
борщ	noun	борщ	борща	борще	борщ	борщом	curated	curated	0.99
босс	noun	босс	босса	боссе	босса	боссом	curated	curated	0.99
босяк	noun	босяк	босяка	босяке	босяка	босяком	curated	curated	0.99
ботан	noun	ботан	ботана	ботане	ботана	ботаном	curated	curated	0.99
ботаника	noun	ботаника	ботаники	ботанике	ботанику	ботаникой	curated	curated	0.99
ботик	noun	ботик	ботика	ботике	ботик	ботиком	curated	curated	0.99
ботинок	noun	ботинок	ботинка	ботинке	ботинок	ботинком	curated	curated	0.99
бочаг	noun	бочаг	бочага	бочаге	бочаг	бочагом	curated	curated	0.99
бочар	noun	бочар	бочара	бочаре	бочара	бочаром	curated	curated	0.99
бочка	noun	бочка	бочки	бочке	бочку	бочкой	curated	curated	0.99
бош	noun	бош	боша	боше	боша	бошем	curated	curated	0.99
брага	noun	брага	браги	браге	брагу	брагой	curated	curated	0.99
брада	noun	брада	брады	браде	браду	брадой	curated	curated	0.99
брак	noun	брак	брака	браке	брак	браком	curated	curated	0.99
брань	noun	брань	брани	брани	брань	бранью	curated	curated	0.99
брас	noun	брас	браса	брасе	брас	брасом	curated	curated	0.99
брасс	noun	брасс	брасса	брассе	брасс	брассом	curated	curated	0.99
брат	noun	брат	брата	брате	брата	братом	curated	curated	0.99
братва	noun	братва	братвы	братве	братву	братвой	curated	curated	0.99
брачность	noun	брачность	брачности	брачности	брачность	брачностью	curated	curated	0.99
бревно	noun	бревно	бревна	бревне	бревно	бревном	curated	curated	0.99
брег	noun	брег	брега	бреге	брег	брегом	curated	curated	0.99
брейк	noun	брейк	брейка	брейке	брейк	брейком	curated	curated	0.99
брех	noun	брех	бреха	брехе	брех	брехом	curated	curated	0.99
брешь	noun	брешь	бреши	бреши	брешь	брешью	curated	curated	0.99
бриг	noun	бриг	брига	бриге	бриг	бригом	curated	curated	0.99
бригада	noun	бригада	бригады	бригаде	бригаду	бригадой	curated	curated	0.99
бригадир	noun	бригадир	бригадира	бригадире	бригадира	бригадиром	curated	curated	0.99
бридж	noun	бридж	бриджа	бридже	бридж	бриджем	curated	curated	0.99
бриз	noun	бриз	бриза	бризе	бриз	бризом	curated	curated	0.99
брикет	noun	брикет	брикета	брикете	брикет	брикетом	curated	curated	0.99
бриллиант	noun	бриллиант	бриллианта	бриллианте	бриллиант	бриллиантом	curated	curated	0.99
бритва	noun	бритва	бритвы	бритве	бритву	бритвой	curated	curated	0.99
бритт	noun	бритт	бритта	бритте	бритта	бриттом	curated	curated	0.99
бровь	noun	бровь	брови	брови	бровь	бровью	curated	curated	0.99
брод	noun	брод	брода	броде	брод	бродом	curated	curated	0.99
бром	noun	бром	брома	броме	бром	бромом	curated	curated	0.99
бронетехника	noun	бронетехника	бронетехники	бронетехнике	бронетехнику	бронетехникой	curated	curated	0.99
бронх	noun	бронх	бронха	бронхе	бронх	бронхом	curated	curated	0.99
броня	noun	броня	брони	броне	броню	броней	curated	curated	0.99
бросок	noun	бросок	броска	броске	бросок	броском	curated	curated	0.99
брошь	noun	брошь	броши	броши	брошь	брошью	curated	curated	0.99
брус	noun	брус	бруса	брусе	брус	брусом	curated	curated	0.99
брусок	noun	брусок	бруска	бруске	брусок	бруском	curated	curated	0.99
брызга	noun	брызга	брызги	брызге	брызгу	брызгой	curated	curated	0.99
брыла	noun	брыла	брылы	брыле	брылу	брылой	curated	curated	0.99
брэнд	noun	брэнд	брэнда	брэнде	брэнд	брэндом	curated	curated	0.99
брюква	noun	брюква	брюквы	брюкве	брюкву	брюквой	curated	curated	0.99
брюки	noun	брюки	брюк	брюках	брюки	брюками	curated	curated	0.99
брюхо	noun	брюхо	брюха	брюхе	брюхо	брюхом	curated	curated	0.99
бряк	noun	бряк	бряка	бряке	бряк	бряком	curated	curated	0.99
бубал	noun	бубал	бубала	бубале	бубала	бубалом	curated	curated	0.99
бубен	noun	бубен	бубна	бубне	бубен	бубном	curated	curated	0.99
бублик	noun	бублик	бублика	бублике	бублик	бубликом	curated	curated	0.99
бубон	noun	бубон	бубона	бубоне	бубон	бубоном	curated	curated	0.99
бугай	noun	бугай	бугая	бугае	бугая	бугаем	curated	curated	0.99
бугор	noun	бугор	бугра	бугре	бугор	бугром	curated	curated	0.99
будда	noun	будда	будды	будде	будду	буддой	curated	curated	0.99
будильник	noun	будильник	будильника	будильнике	будильник	будильником	curated	curated	0.99
будка	noun	будка	будки	будке	будку	будкой	curated	curated	0.99
будра	noun	будра	будры	будре	будру	будрой	curated	curated	0.99
будущее	noun	будущее	будущего	будущем	будущее	будущим	curated	curated	0.99
буек	noun	буек	буйка	буйке	буек	буйком	curated	curated	0.99
буер	noun	буер	буера	буере	буер	буером	curated	curated	0.99
буж	noun	буж	бужа	буже	буж	бужом	curated	curated	0.99
бузун	noun	бузун	бузуна	бузуне	бузун	бузуном	curated	curated	0.99
бук	noun	бук	бука	буке	бук	буком	curated	curated	0.99
букан	noun	букан	букана	букане	букана	буканом	curated	curated	0.99
букварь	noun	букварь	букваря	букваре	букварь	букварем	curated	curated	0.99
букет	noun	букет	букета	букете	букет	букетом	curated	curated	0.99
буклет	noun	буклет	буклета	буклете	буклет	буклетом	curated	curated	0.99
букля	noun	букля	букли	букле	буклю	буклей	curated	curated	0.99
букс	noun	букс	букса	буксе	букс	буксом	curated	curated	0.99
булка	noun	булка	булки	булке	булку	булкой	curated	curated	0.99
бульб	noun	бульб	бульба	бульбе	бульб	бульбом	curated	curated	0.99
бульвар	noun	бульвар	бульвара	бульваре	бульвар	бульваром	curated	curated	0.99
бум	noun	бум	бума	буме	бум	бумом	curated	curated	0.99
буна	noun	буна	буны	буне	буну	буной	curated	curated	0.99
бунд	noun	бунд	бунда	бунде	бунд	бундом	curated	curated	0.99
бур	noun	бур	бура	буре	бур	буром	curated	curated	0.99
бурав	noun	бурав	бурава	бураве	бурав	буравом	curated	curated	0.99
бурак	noun	бурак	бурака	бураке	бурак	бураком	curated	curated	0.99
буран	noun	буран	бурана	буране	буран	бураном	curated	curated	0.99
бурат	noun	бурат	бурата	бурате	бурат	буратом	curated	curated	0.99
бурет	noun	бурет	бурета	бурете	бурет	буретом	curated	curated	0.99
бурка	noun	бурка	бурки	бурке	бурку	буркой	curated	curated	0.99
бурт	noun	бурт	бурта	бурте	бурт	буртом	curated	curated	0.99
бурун	noun	бурун	буруна	буруне	бурун	буруном	curated	curated	0.99
бурш	noun	бурш	бурша	бурше	бурша	буршем	curated	curated	0.99
буря	noun	буря	бури	бурях	бурю	бурей	curated	curated	0.99
бурят	noun	бурят	бурята	буряте	бурята	бурятом	curated	curated	0.99
бусина	noun	бусина	бусины	бусине	бусину	бусиной	curated	curated	0.99
бутик	noun	бутик	бутика	бутике	бутик	бутиком	curated	curated	0.99
бутил	noun	бутил	бутила	бутиле	бутил	бутилом	curated	curated	0.99
бутон	noun	бутон	бутона	бутоне	бутон	бутоном	curated	curated	0.99
бутсы	noun	бутса	бутсы	бутсе	бутсу	бутсой	curated	curated	0.99
бутуз	noun	бутуз	бутуза	бутузе	бутуза	бутузом	curated	curated	0.99
бутылка	noun	бутылка	бутылки	бутылке	бутылку	бутылкой	curated	curated	0.99
буфет	noun	буфет	буфета	буфете	буфет	буфетом	curated	curated	0.99
бухта	noun	бухта	бухты	бухте	бухту	бухтой	curated	curated	0.99
буча	noun	буча	бучи	буче	бучу	бучей	curated	curated	0.99
быдло	noun	быдло	быдла	быдле	быдло	быдлом	curated	curated	0.99
бык	noun	бык	быка	быке	бык	быком	curated	curated	0.99
быль	noun	быль	были	были	быль	былью	curated	curated	0.99
бытие	noun	бытие	бытия	бытии	бытие	бытием	curated	curated	0.99
бычок	noun	бычок	бычка	бычке	бычка	бычком	curated	curated	0.99
бьеф	noun	бьеф	бьефа	бьефе	бьеф	бьефом	curated	curated	0.99
бьюик	noun	бьюик	бьюика	бьюике	бьюик	бьюиком	curated	curated	0.99
бэкус	noun	бэкус	бэкуса	бэкусе	бэкус	бэкусом	curated	curated	0.99
бэнд	noun	бэнд	бэнда	бэнде	бэнд	бэндом	curated	curated	0.99
бэр	noun	бэр	бэра	бэре	бэр	бэром	curated	curated	0.99
бювар	noun	бювар	бювара	бюваре	бювар	бюваром	curated	curated	0.99
бювет	noun	бювет	бювета	бювете	бювет	бюветом	curated	curated	0.99
бюджет	noun	бюджет	бюджета	бюджете	бюджет	бюджетом	curated	curated	0.99
бюро	noun	бюро	бюро	бюро	бюро	бюром	curated	curated	0.99
бюст	noun	бюст	бюста	бюсте	бюст	бюстом	curated	curated	0.99
бязь	noun	бязь	бязи	бязи	бязь	бязью	curated	curated	0.99
бяка	noun	бяка	бяки	бяке	бяку	бякой	curated	curated	0.99
бяшка	noun	бяшка	бяшки	бяшке	бяшку	бяшкой	curated	curated	0.99
ваап	noun	ваап	ваапа	ваапе	ваап	ваапом	curated	curated	0.99
вабик	noun	вабик	вабика	вабике	вабик	вабиком	curated	curated	0.99
вага	noun	вага	ваги	ваге	вагу	вагой	curated	curated	0.99
вагон	noun	вагон	вагона	вагоне	вагон	вагоном	curated	curated	0.99
вагонетка	noun	вагонетка	вагонетки	вагонетке	вагонетку	вагонеткой	curated	curated	0.99
ваза	noun	ваза	вазы	вазе	вазу	вазой	curated	curated	0.99
вазон	noun	вазон	вазона	вазоне	вазон	вазоном	curated	curated	0.99
вайя	noun	вайя	вайи	вайе	вайю	вайей	curated	curated	0.99
вакат	noun	вакат	ваката	вакате	вакат	вакатом	curated	curated	0.99
вакса	noun	вакса	ваксы	ваксе	ваксу	ваксой	curated	curated	0.99
вакцина	noun	вакцина	вакцины	вакцине	вакцину	вакциной	curated	curated	0.99
вакцинопрофилактика	noun	вакцинопрофилактика	вакцинопрофилактики	вакцинопрофилактике	вакцинопрофилактику	вакцинопрофилактикой	curated	curated	0.99
вал	noun	вал	вала	вале	вал	валом	curated	curated	0.99
валах	noun	валах	валаха	валахе	валаха	валахом	curated	curated	0.99
валек	noun	валек	валька	вальке	валек	вальком	curated	curated	0.99
валенок	noun	валенок	валенка	валенке	валенка	валенком	curated	curated	0.99
валер	noun	валер	валера	валере	валер	валером	curated	curated	0.99
валет	noun	валет	валета	валете	валета	валетом	curated	curated	0.99
валец	noun	валец	вальца	вальце	валец	вальцом	curated	curated	0.99
валидация	noun	валидация	валидации	валидации	валидацию	валидацией	curated	curated	0.99
валидность	noun	валидность	валидности	валидности	валидность	валидностью	curated-p0-logic	curated	0.96
валик	noun	валик	валика	валике	валик	валиком	curated	curated	0.99
валка	noun	валка	валки	валке	валку	валкой	curated	curated	0.99
валуй	noun	валуй	валуя	валуе	валуй	валуем	curated	curated	0.99
валун	noun	валун	валуна	валуне	валун	валуном	curated	curated	0.99
валух	noun	валух	валуха	валухе	валуха	валухом	curated	curated	0.99
вальс	noun	вальс	вальса	вальсе	вальс	вальсом	curated	curated	0.99
валюта	noun	валюта	валюты	валюте	валюту	валютой	curated	curated	0.99
вамп	noun	вамп	вампа	вампе	вампа	вампом	curated	curated	0.99
вампир	noun	вампир	вампира	вампире	вампира	вампиром	curated	curated	0.99
ван	noun	ван	вана	ване	вана	ваном	curated	curated	0.99
ваниль	noun	ваниль	ванили	ванили	ваниль	ванилью	curated	curated	0.99
ванна	noun	ванна	ванны	ванне	ванну	ванной	curated	curated	0.99
ванта	noun	ванта	ванты	ванте	ванту	вантой	curated	curated	0.99
вар	noun	вар	вара	варе	вар	варом	curated	curated	0.99
варан	noun	варан	варана	варане	варана	вараном	curated	curated	0.99
варвар	noun	варвар	варвара	варваре	варвара	варваром	curated	curated	0.99
вариабельность	noun	вариабельность	вариабельности	вариабельности	вариабельность	вариабельностью	curated	curated	0.99
вариативность	noun	вариативность	вариативности	вариативности	вариативность	вариативностью	curated	curated	0.99
вариация	noun	вариация	вариации	вариации	вариацию	вариацией	curated	curated	0.99
варка	noun	варка	варки	варке	варку	варкой	curated	curated	0.99
варяг	noun	варяг	варяга	варяге	варяга	варягом	curated	curated	0.99
василек	noun	василек	василько	васильке	василек	васильком	curated	curated	0.99
вата	noun	вата	ваты	вате	вату	ватой	curated	curated	0.99
ватага	noun	ватага	ватаги	ватаге	ватагу	ватагой	curated	curated	0.99
ватер	noun	ватер	ватера	ватере	ватер	ватером	curated	curated	0.99
ватин	noun	ватин	ватина	ватине	ватин	ватином	curated	curated	0.99
ватка	noun	ватка	ватки	ватке	ватку	ваткой	curated	curated	0.99
ватман	noun	ватман	ватмана	ватмане	ватмана	ватманом	curated	curated	0.99
ватра	noun	ватра	ватры	ватре	ватру	ватрой	curated	curated	0.99
ватт	noun	ватт	ватта	ватте	ватт	ваттом	curated	curated	0.99
вафля	noun	вафля	вафли	вафле	вафлю	вафлей	curated	curated	0.99
вахня	noun	вахня	вахни	вахне	вахню	вахней	curated	curated	0.99
вахта	noun	вахта	вахты	вахте	вахту	вахтой	curated	curated	0.99
вброс	noun	вброс	вброса	вбросе	вброс	вбросом	curated	curated	0.99
ввоз	noun	ввоз	ввоза	ввозе	ввоз	ввозом	curated	curated	0.99
вгиб	noun	вгиб	вгиба	вгибе	вгиб	вгибом	curated	curated	0.99
вдавленность	noun	вдавленность	вдавленности	вдавленности	вдавленность	вдавленностью	curated	curated	0.99
вдова	noun	вдова	вдовы	вдове	вдову	вдовой	curated	curated	0.99
веб	noun	веб	веба	вебе	веб	вебом	curated	curated	0.99
веда	noun	веда	веды	веде	веду	ведой	curated	curated	0.99
ведда	noun	ведда	ведды	ведде	ведду	веддой	curated	curated	0.99
ведомость	noun	ведомость	ведомости	ведомости	ведомость	ведомостью	curated	curated	0.99
ведро	noun	ведро	ведра	ведре	ведро	ведром	curated	curated	0.99
ведун	noun	ведун	ведуна	ведуне	ведуна	ведуном	curated	curated	0.99
ведьма	noun	ведьма	ведьмы	ведьме	ведьму	ведьмой	curated	curated	0.99
веер	noun	веер	веера	веере	веер	веером	curated	curated	0.99
вежа	noun	вежа	вежи	веже	вежу	вежей	curated	curated	0.99
вежда	noun	вежда	вежды	вежде	вежду	веждой	curated	curated	0.99
вездесущность	noun	вездесущность	вездесущности	вездесущности	вездесущность	вездесущностью	curated	curated	0.99
вездеходность	noun	вездеходность	вездеходности	вездеходности	вездеходность	вездеходностью	curated	curated	0.99
вейка	noun	вейка	вейки	вейке	вейку	вейкой	curated	curated	0.99
век	noun	век	века	веке	век	веком	curated	curated	0.99
вектор	noun	вектор	вектора	векторе	вектор	вектором	curated	curated	0.99
векша	noun	векша	векши	векше	векшу	векшей	curated	curated	0.99
велд	noun	велд	велда	велде	велд	велдом	curated	curated	0.99
велик	noun	велик	велика	велике	велик	великом	curated	curated	0.99
величие	noun	величие	величия	величии	величие	величием	curated	curated	0.99
величина	noun	величина	величины	величине	величину	величиной	curated	curated	0.99
велосипед	noun	велосипед	велосипеда	велосипеде	велосипед	велосипедом	curated	curated	0.99
вельд	noun	вельд	вельда	вельде	вельд	вельдом	curated	curated	0.99
вельс	noun	вельс	вельса	вельсе	вельс	вельсом	curated	curated	0.99
велюр	noun	велюр	велюра	велюре	велюр	велюром	curated	curated	0.99
вена	noun	вена	вены	вене	вену	веной	curated	curated	0.99
венгр	noun	венгр	венгра	венгре	венгра	венгром	curated	curated	0.99
венд	noun	венд	венда	венде	венда	вендом	curated	curated	0.99
венед	noun	венед	венеда	венеде	венеда	венедом	curated	curated	0.99
венет	noun	венет	венета	венете	венета	венетом	curated	curated	0.99
венец	noun	венец	венца	венце	венец	венцем	curated	curated	0.99
веник	noun	веник	веника	венике	веник	веником	curated	curated	0.99
венок	noun	венок	венка	венке	венок	венком	curated	curated	0.99
вентилятор	noun	вентилятор	вентилятора	вентиляторе	вентилятор	вентилятором	curated	curated	0.99
венчик	noun	венчик	венчика	венчике	венчик	венчиком	curated	curated	0.99
вепрь	noun	вепрь	вепря	вепре	вепря	вепрем	curated	curated	0.99
вепс	noun	вепс	вепса	вепсе	вепса	вепсом	curated	curated	0.99
вера	noun	вера	веры	вере	веру	верой	curated	curated	0.99
веранда	noun	веранда	веранды	веранде	веранду	верандой	curated	curated	0.99
верба	noun	верба	вербы	вербе	вербу	вербой	curated	curated	0.99
вервь	noun	вервь	верви	верви	вервь	вервью	curated	curated	0.99
веревка	noun	веревка	веревки	веревке	веревку	веревкой	curated	curated	0.99
веред	noun	веред	вереда	вереде	веред	вередом	curated	curated	0.99
верес	noun	верес	вереса	вересе	верес	вересом	curated	curated	0.99
верификация	noun	верификация	верификации	верификации	верификацию	верификацией	curated	curated	0.99
верифицируемость	noun	верифицируемость	верифицируемости	верифицируемости	верифицируемость	верифицируемостью	curated	curated	0.99
вероника	noun	вероника	вероники	веронике	веронику	вероникой	curated	curated	0.99
вероятность	noun	вероятность	вероятности	вероятности	вероятность	вероятностью	curated-p0-epistemic	curated	0.98
верп	noun	верп	верпа	верпе	верп	верпом	curated	curated	0.99
версионирование	noun	версионирование	версионирования	версионировании	версионирование	версионированием	curated	curated	0.99
версия	noun	версия	версии	версии	версию	версией	curated	curated	0.99
верста	noun	верста	версты	версте	версту	верстой	curated	curated	0.99
вертикаль	noun	вертикаль	вертикали	вертикали	вертикаль	вертикалью	curated	curated	0.99
вертолет	noun	вертолет	вертолета	вертолете	вертолет	вертолетом	curated	curated	0.99
верфь	noun	верфь	верфи	верфи	верфь	верфью	curated	curated	0.99
верх	noun	верх	верха	верхе	верх	верхом	curated	curated	0.99
верша	noun	верша	верши	верше	вершу	вершей	curated	curated	0.99
вершина	noun	вершина	вершины	вершине	вершину	вершиной	curated	curated	0.99
весло	noun	весло	весла	весле	весло	веслом	curated	curated	0.99
весна	noun	весна	весны	весне	весну	весной	curated	curated	0.99
вест	noun	вест	веста	весте	вест	вестом	curated	curated	0.99
вестибюль	noun	вестибюль	вестибюля	вестибюле	вестибюль	вестибюлем	curated	curated	0.99
вестник	noun	вестник	вестника	вестнике	вестника	вестником	curated	curated	0.99
весть	noun	весть	вести	вести	весть	вестью	curated	curated	0.99
ветеран	noun	ветеран	ветерана	ветеране	ветерана	ветераном	curated	curated	0.99
ветеринар	noun	ветеринар	ветеринара	ветеринаре	ветеринара	ветеринаром	curated	curated	0.99
ветла	noun	ветла	ветлы	ветле	ветлу	ветлой	curated	curated	0.99
ветренность	noun	ветренность	ветренности	ветренности	ветренность	ветренностью	curated	curated	0.99
ветчина	noun	ветчина	ветчины	ветчине	ветчину	ветчиной	curated	curated	0.99
веха	noun	веха	вехи	вехе	веху	вехой	curated	curated	0.99
вече	noun	вече	веча	вече	вече	вечем	curated	curated	0.99
вечеринка	noun	вечеринка	вечеринки	вечеринке	вечеринку	вечеринкой	curated	curated	0.99
вечерня	noun	вечерня	вечерни	вечерне	вечерню	вечерней	curated	curated	0.99
вечность	noun	вечность	вечности	вечности	вечность	вечностью	curated	curated	0.98
вешалка	noun	вешалка	вешалки	вешалке	вешалку	вешалкой	curated	curated	0.99
вешка	noun	вешка	вешки	вешке	вешку	вешкой	curated	curated	0.99
вещество	noun	вещество	вещества	веществе	вещество	веществом	curated	curated	0.99
вещун	noun	вещун	вещуна	вещуне	вещуна	вещуном	curated	curated	0.99
взаимовыгодность	noun	взаимовыгодность	взаимовыгодности	взаимовыгодности	взаимовыгодность	взаимовыгодностью	curated	curated	0.99
взаимодополняемость	noun	взаимодополняемость	взаимодополняемости	взаимодополняемости	взаимодополняемость	взаимодополняемостью	curated	curated	0.99
взаимозаместимость	noun	взаимозаместимость	взаимозаместимости	взаимозаместимости	взаимозаместимость	взаимозаместимостью	curated	curated	0.99
взаимоиндуктивность	noun	взаимоиндуктивность	взаимоиндуктивности	взаимоиндуктивности	взаимоиндуктивность	взаимоиндуктивностью	curated	curated	0.99
взаимообусловленность	noun	взаимообусловленность	взаимообусловленности	взаимообусловленности	взаимообусловленность	взаимообусловленностью	curated	curated	0.99
взаимосвязанность	noun	взаимосвязанность	взаимосвязанности	взаимосвязанности	взаимосвязанность	взаимосвязанностью	curated	curated	0.99
взаимосвязность	noun	взаимосвязность	взаимосвязности	взаимосвязности	взаимосвязность	взаимосвязностью	curated	curated	0.99
взаимосвязь	noun	взаимосвязь	взаимосвязи	взаимосвязи	взаимосвязь	взаимосвязью	curated	curated	0.99
взбудораженность	noun	взбудораженность	взбудораженности	взбудораженности	взбудораженность	взбудораженностью	curated	curated	0.99
взвар	noun	взвар	взвара	взваре	взвар	взваром	curated	curated	0.99
взвешенность	noun	взвешенность	взвешенности	взвешенности	взвешенность	взвешенностью	curated	curated	0.99
взвод	noun	взвод	взвода	взводе	взвод	взводом	curated	curated	0.99
взвоз	noun	взвоз	взвоза	взвозе	взвоз	взвозом	curated	curated	0.99
взгляд	noun	взгляд	взгляда	взгляде	взгляд	взглядом	curated	curated	0.99
вздор	noun	вздор	вздора	вздоре	вздор	вздором	curated	curated	0.99
взимаемость	noun	взимаемость	взимаемости	взимаемости	взимаемость	взимаемостью	curated	curated	0.99
взлет	noun	взлет	взлета	взлете	взлет	взлетом	curated	curated	0.99
взмах	noun	взмах	взмаха	взмахе	взмах	взмахом	curated	curated	0.99
взмет	noun	взмет	взмета	взмете	взмет	взметом	curated	curated	0.99
взмыв	noun	взмыв	взмыва	взмыве	взмыв	взмывом	curated	curated	0.99
взнос	noun	взнос	взноса	взносе	взнос	взносом	curated	curated	0.99
взор	noun	взор	взора	взоре	взор	взором	curated	curated	0.99
взрез	noun	взрез	взреза	взрезе	взрез	взрезом	curated	curated	0.99
взрослость	noun	взрослость	взрослости	взрослости	взрослость	взрослостью	curated	curated	0.99
взрывоопасность	noun	взрывоопасность	взрывоопасности	взрывоопасности	взрывоопасность	взрывоопасностью	curated	curated	0.99
взрывчатка	noun	взрывчатка	взрывчатки	взрывчатке	взрывчатку	взрывчаткой	curated	curated	0.99
взъерошенность	noun	взъерошенность	взъерошенности	взъерошенности	взъерошенность	взъерошенностью	curated	curated	0.99
взыск	noun	взыск	взыска	взыске	взыск	взыском	curated	curated	0.99
вибродиагностика	noun	вибродиагностика	вибродиагностики	вибродиагностике	вибродиагностику	вибродиагностикой	curated	curated	0.99
вибродинамика	noun	вибродинамика	вибродинамики	вибродинамике	вибродинамику	вибродинамикой	curated	curated	0.99
вибротехника	noun	вибротехника	вибротехники	вибротехнике	вибротехнику	вибротехникой	curated	curated	0.99
вивер	noun	вивер	вивера	вивере	вивера	вивером	curated	curated	0.99
виг	noun	виг	вига	виге	вига	вигом	curated	curated	0.99
вигильность	noun	вигильность	вигильности	вигильности	вигильность	вигильностью	curated	curated	0.99
видение	noun	видение	видения	видении	видение	видением	curated	curated	0.99
видео	noun	видео	видео	видео	видео	видеом	curated	curated	0.99
видеотехника	noun	видеотехника	видеотехники	видеотехнике	видеотехнику	видеотехникой	curated	curated	0.99
виджет	noun	виджет	виджета	виджете	виджет	виджетом	curated	curated	0.99
видик	noun	видик	видика	видике	видик	видиком	curated	curated	0.99
видность	noun	видность	видности	видности	видность	видностью	curated	curated	0.99
виза	noun	виза	визы	визе	визу	визой	curated	curated	0.99
визг	noun	визг	визга	визге	визг	визгом	curated	curated	0.99
визир	noun	визир	визира	визире	визир	визиром	curated	curated	0.99
визит	noun	визит	визита	визите	визит	визитом	curated	curated	0.99
визитка	noun	визитка	визитки	визитке	визитку	визиткой	curated	curated	0.99
вика	noun	вика	вики	вике	вику	викой	curated	curated	0.99
вилка	noun	вилка	вилки	вилке	вилку	вилкой	curated	curated	0.99
вилла	noun	вилла	виллы	вилле	виллу	виллой	curated	curated	0.99
вилт	noun	вилт	вилта	вилте	вилт	вилтом	curated	curated	0.99
вина	noun	вина	вины	вине	вину	виной	curated	curated	0.98
винил	noun	винил	винила	виниле	винил	винилом	curated	curated	0.99
вино	noun	вино	вина	вине	вино	вином	curated	curated	0.99
виноград	noun	виноград	винограда	винограде	виноград	виноградом	curated	curated	0.99
винт	noun	винт	винта	винте	винт	винтом	curated	curated	0.99
виола	noun	виола	виолы	виоле	виолу	виолой	curated	curated	0.99
виолончель	noun	виолончель	виолончели	виолончели	виолончель	виолончелью	curated	curated	0.99
вира	noun	вира	виры	вире	виру	вирой	curated	curated	0.99
вираж	noun	вираж	виража	вираже	вираж	виражем	curated	curated	0.99
вирт	noun	вирт	вирта	вирте	вирт	виртом	curated	curated	0.99
виски	noun	виски	виски	виски	виски	вискиом	curated	curated	0.99
висок	noun	висок	виска	виске	висок	виском	curated	curated	0.99
вист	noun	вист	виста	висте	вист	вистом	curated	curated	0.99
витамин	noun	витамин	витамина	витамине	витамин	витамином	curated	curated	0.99
вития	noun	вития	витии	витии	витию	витией	curated	curated	0.99
виток	noun	виток	витка	витке	виток	витком	curated	curated	0.99
витрина	noun	витрина	витрины	витрине	витрину	витриной	curated	curated	0.99
вихрь	noun	вихрь	вихря	вихре	вихорь	вихрем	curated	curated	0.99
вица	noun	вица	вицы	вице	вицу	вицей	curated	curated	0.99
вишня	noun	вишня	вишни	вишне	вишню	вишней	curated	curated	0.99
вклиненность	noun	вклиненность	вклиненности	вклиненности	вклиненность	вклиненностью	curated	curated	0.99
включенность	noun	включенность	включенности	включенности	включенность	включенностью	curated	curated	0.99
вкрапленность	noun	вкрапленность	вкрапленности	вкрапленности	вкрапленность	вкрапленностью	curated	curated	0.99
влага	noun	влага	влаги	влаге	влагу	влагой	curated	curated	0.99
влагоемкость	noun	влагоемкость	влагоемкости	влагоемкости	влагоемкость	влагоемкостью	curated	curated	0.99
влагонепроницаемость	noun	влагонепроницаемость	влагонепроницаемости	влагонепроницаемости	влагонепроницаемость	влагонепроницаемостью	curated	curated	0.99
влагопроницаемость	noun	влагопроницаемость	влагопроницаемости	влагопроницаемости	влагопроницаемость	влагопроницаемостью	curated	curated	0.99
владелец	noun	владелец	владельца	владельце	владельца	владельцем	curated	curated	0.99
владение	noun	владение	владения	владении	владение	владением	curated	curated	0.99
влажность	noun	влажность	влажности	влажности	влажность	влажностью	curated	curated	0.99
влах	noun	влах	влаха	влахе	влаха	влахом	curated	curated	0.99
влет	noun	влет	влета	влете	влет	влетом	curated	curated	0.99
влечение	noun	влечение	влечения	влечении	влечение	влечением	curated	curated	0.99
влияние	noun	влияние	влияния	влиянии	влияние	влиянием	curated	curated	0.99
вложенность	noun	вложенность	вложенности	вложенности	вложенность	вложенностью	curated	curated	0.99
внебрачность	noun	внебрачность	внебрачности	внебрачности	внебрачность	внебрачностью	curated	curated	0.99
вневедомственность	noun	вневедомственность	вневедомственности	вневедомственности	вневедомственность	вневедомственностью	curated	curated	0.99
внепартийность	noun	внепартийность	внепартийности	внепартийности	внепартийность	внепартийностью	curated	curated	0.99
внос	noun	внос	вноса	вносе	внос	вносом	curated	curated	0.99
внук	noun	внук	внука	внуке	внука	внуком	curated	curated	0.99
внятность	noun	внятность	внятности	внятности	внятность	внятностью	curated	curated	0.99
вобла	noun	вобла	воблы	вобле	воблу	воблой	curated	curated	0.99
вовлеченность	noun	вовлеченность	вовлеченности	вовлеченности	вовлеченность	вовлеченностью	curated	curated	0.99
вовлеченность	noun	вовлеченность	вовлеченности	вовлеченности	вовлеченность	вовлеченностью	curated	curated	0.99
вогул	noun	вогул	вогула	вогуле	вогула	вогулом	curated	curated	0.99
вода	noun	вода	воды	воде	воду	водой	curated	curated	0.99
водитель	noun	водитель	водителя	водителе	водителя	водителем	curated	curated	0.99
водка	noun	водка	водки	водке	водку	водкой	curated	curated	0.99
водонапор	noun	водонапор	водонапора	водонапоре	водонапор	водонапором	curated	curated	0.99
водообеспеченность	noun	водообеспеченность	водообеспеченности	водообеспеченности	водообеспеченность	водообеспеченностью	curated	curated	0.99
водоотталкиваемость	noun	водоотталкиваемость	водоотталкиваемости	водоотталкиваемости	водоотталкиваемость	водоотталкиваемостью	curated	curated	0.99
водопад	noun	водопад	водопада	водопаде	водопад	водопадом	curated	curated	0.99
водород	noun	водород	водорода	водороде	водород	водородом	curated	curated	0.99
военкомат	noun	военкомат	военкомата	военкомате	военкомат	военкоматом	curated	curated	0.99
вожак	noun	вожак	вожака	вожаке	вожака	вожаком	curated	curated	0.99
вождь	noun	вождь	вождя	вожде	вождя	вождем	curated	curated	0.99
вожжа	noun	вожжа	вожжи	вожже	вожжу	вожжой	curated	curated	0.99
воз	noun	воз	воза	возе	воз	возом	curated	curated	0.99
возврат	noun	возврат	возврата	возврате	возврат	возвратом	curated	curated	0.99
возвратность	noun	возвратность	возвратности	возвратности	возвратность	возвратностью	curated	curated	0.99
возвышение	noun	возвышение	возвышения	возвышении	возвышение	возвышением	curated	curated	0.99
воздухоплавание	noun	воздухоплавание	воздухоплавания	воздухоплавании	воздухоплавание	воздухоплаванием	curated	curated	0.99
возка	noun	возка	возки	возке	возку	возкой	curated	curated	0.99
возмездие	noun	возмездие	возмездия	возмездии	возмездие	возмездием	curated	curated	0.99
возмездность	noun	возмездность	возмездности	возмездности	возмездность	возмездностью	curated	curated	0.99
возможность	noun	возможность	возможности	возможности	возможность	возможностью	curated-p0-modality	curated	0.98
возня	noun	возня	возни	возне	возню	возней	curated	curated	0.99
возраст	noun	возраст	возраста	возрасте	возраст	возрастом	curated	curated	0.99
воин	noun	воин	воина	воине	воина	воином	curated	curated	0.99
вой	noun	вой	воя	вое	вой	воем	curated	curated	0.99
войско	noun	войско	войска	войске	войско	войском	curated	curated	0.99
войт	noun	войт	войта	войте	войта	войтом	curated	curated	0.99
вок	noun	вок	вока	воке	вок	воком	curated	curated	0.99
вокал	noun	вокал	вокала	вокале	вокал	вокалом	curated	curated	0.99
волан	noun	волан	волана	волане	волан	воланом	curated	curated	0.99
волга	noun	волга	волги	волге	волгу	волгой	curated	curated	0.99
волк	noun	волк	волка	волке	волк	волком	curated	curated	0.99
волок	noun	волок	волока	волоке	волок	волоком	curated	curated	0.99
волос	noun	волос	волоса	волосе	волос	волосом	curated	curated	0.99
волох	noun	волох	волоха	волохе	волоха	волохом	curated	curated	0.99
волхв	noun	волхв	волхва	волхве	волхва	волхвом	curated	curated	0.99
волчок	noun	волчок	волчка	волчке	волчка	волчком	curated	curated	0.99
вольт	noun	вольт	вольта	вольте	вольт	вольтом	curated	curated	0.99
воля	noun	воля	воли	воле	волю	волей	curated	curated	0.98
вомер	noun	вомер	вомера	вомере	вомера	вомером	curated	curated	0.99
вона	noun	вона	воны	воне	вону	воной	curated	curated	0.99
вонь	noun	вонь	вони	вони	вонь	вонью	curated	curated	0.99
вопль	noun	вопль	вопля	вопле	вопль	воплем	curated	curated	0.99
вопрос	noun	вопрос	вопроса	вопросе	вопрос	вопросом	curated	curated	0.98
вор	noun	вор	вора	воре	вора	вором	curated	curated	0.99
воробей	noun	воробей	воробья	воробье	воробья	воробьем	curated	curated	0.99
ворог	noun	ворог	ворога	вороге	ворога	ворогом	curated	curated	0.99
ворона	noun	ворона	вороны	вороне	ворону	вороной	curated	curated	0.99
ворота	noun	ворота	ворот	воротах	вороту	воротами	curated	curated	0.99
ворох	noun	ворох	вороха	ворохе	ворох	ворохом	curated	curated	0.99
ворс	noun	ворс	ворса	ворсе	ворс	ворсом	curated	curated	0.99
воск	noun	воск	воска	воске	воск	воском	curated	curated	0.99
воспаленность	noun	воспаленность	воспаленности	воспаленности	воспаленность	воспаленностью	curated	curated	0.99
воспроизводимость	noun	воспроизводимость	воспроизводимости	воспроизводимости	воспроизводимость	воспроизводимостью	curated	curated	0.99
восстанавливаемость	noun	восстанавливаемость	восстанавливаемости	восстанавливаемости	восстанавливаемость	восстанавливаемостью	curated	curated	0.99
восстановление	noun	восстановление	восстановления	восстановлении	восстановление	восстановлением	curated	curated	0.99
восток	noun	восток	востока	востоке	восток	востоком	curated	curated	0.99
восхищение	noun	восхищение	восхищения	восхищении	восхищение	восхищением	curated	curated	0.99
вотум	noun	вотум	вотума	вотуме	вотум	вотумом	curated	curated	0.99
вотяк	noun	вотяк	вотяка	вотяке	вотяка	вотяком	curated	curated	0.99
вошка	noun	вошка	вошки	вошке	вошку	вошкой	curated	curated	0.99
вошь	noun	вошь	вши	вши	вошь	вошью	curated	curated	0.99
вояж	noun	вояж	вояжа	вояже	вояж	вояжем	curated	curated	0.99
вояка	noun	вояка	вояки	вояке	вояку	воякой	curated	curated	0.99
впечатление	noun	впечатление	впечатления	впечатлении	впечатление	впечатлением	curated	curated	0.99
впечатлительность	noun	впечатлительность	впечатлительности	впечатлительности	впечатлительность	впечатлительностью	curated	curated	0.99
вполнеприменимость	noun	вполнеприменимость	вполнеприменимости	вполнеприменимости	вполнеприменимость	вполнеприменимостью	curated	curated	0.99
вправка	noun	вправка	вправки	вправке	вправку	вправкой	curated	curated	0.99
впуск	noun	впуск	впуска	впуске	впуск	впуском	curated	curated	0.99
враль	noun	враль	враля	врале	враля	вралем	curated	curated	0.99
врач	noun	врач	врача	враче	врача	врачом	curated	curated	0.99
вращение	noun	вращение	вращения	вращении	вращение	вращением	curated	curated	0.99
время	noun	время	времени	времени	время	временем	curated	curated	0.98
вруб	noun	вруб	вруба	врубе	вруб	врубом	curated	curated	0.99
врун	noun	врун	вруна	вруне	вруна	вруном	curated	curated	0.99
вруша	noun	вруша	вруши	вруше	врушу	врушей	curated	curated	0.99
всас	noun	всас	всаса	всасе	всас	всасом	curated	curated	0.99
вседозволенность	noun	вседозволенность	вседозволенности	вседозволенности	вседозволенность	вседозволенностью	curated	curated	0.99
всеохватность	noun	всеохватность	всеохватности	всеохватности	всеохватность	всеохватностью	curated	curated	0.99
вскок	noun	вскок	вскока	вскоке	вскок	вскоком	curated	curated	0.99
вспученность	noun	вспученность	вспученности	вспученности	вспученность	вспученностью	curated	curated	0.99
встреча	noun	встреча	встречи	встрече	встречу	встречей	curated	curated	0.99
встречаемость	noun	встречаемость	встречаемости	встречаемости	встречаемость	встречаемостью	curated	curated	0.99
всход	noun	всход	всхода	всходе	всход	всходом	curated	curated	0.99
втора	noun	втора	вторы	вторе	втору	второй	curated	curated	0.99
втык	noun	втык	втыка	втыке	втык	втыком	curated	curated	0.99
вуаль	noun	вуаль	вуали	вуали	вуаль	вуалью	curated	curated	0.99
вулкан	noun	вулкан	вулкана	вулкане	вулкан	вулканом	curated	curated	0.99
вута	noun	вута	вуты	вуте	вуту	вутой	curated	curated	0.99
вчера	noun	вчера	вчера	вчера	вчеру	вчерой	curated	curated	0.99
въезд	noun	въезд	въезда	въезде	въезд	въездом	curated	curated	0.99
выбег	noun	выбег	выбега	выбеге	выбег	выбегом	curated	curated	0.99
выбор	noun	выбор	выбора	выборе	выбор	выбором	curated	curated	0.98
выборка	noun	выборка	выборки	выборке	выборку	выборкой	curated	curated	0.99
выборочность	noun	выборочность	выборочности	выборочности	выборочность	выборочностью	curated	curated	0.99
вывал	noun	вывал	вывала	вывале	вывал	вывалом	curated	curated	0.99
вывих	noun	вывих	вывиха	вывихе	вывих	вывихом	curated	curated	0.99
вывод	noun	вывод	вывода	выводе	вывод	выводом	curated-p0-logic	curated	0.99
выводимость	noun	выводимость	выводимости	выводимости	выводимость	выводимостью	curated-p0-logic	curated	0.96
вывоз	noun	вывоз	вывоза	вывозе	вывоз	вывозом	curated	curated	0.99
выгиб	noun	выгиб	выгиба	выгибе	выгиб	выгибом	curated	curated	0.99
выгода	noun	выгода	выгоды	выгоде	выгоду	выгодой	curated	curated	0.99
выгон	noun	выгон	выгона	выгоне	выгон	выгоном	curated	curated	0.99
выгул	noun	выгул	выгула	выгуле	выгул	выгулом	curated	curated	0.99
выдел	noun	выдел	выдела	выделе	выдел	выделом	curated	curated	0.99
выдержка	noun	выдержка	выдержки	выдержке	выдержку	выдержкой	curated	curated	0.99
выдра	noun	выдра	выдры	выдре	выдру	выдрой	curated	curated	0.99
выезд	noun	выезд	выезда	выезде	выезд	выездом	curated	curated	0.99
выем	noun	выем	выема	выеме	выем	выемом	curated	curated	0.99
выживаемость	noun	выживаемость	выживаемости	выживаемости	выживаемость	выживаемостью	curated	curated	0.99
выжиг	noun	выжиг	выжига	выжиге	выжиг	выжигом	curated	curated	0.99
выжим	noun	выжим	выжима	выжиме	выжим	выжимом	curated	curated	0.99
вызол	noun	вызол	вызола	вызоле	вызол	вызолом	curated	curated	0.99
выкат	noun	выкат	выката	выкате	выкат	выкатом	curated	curated	0.99
выкос	noun	выкос	выкоса	выкосе	выкос	выкосом	curated	curated	0.99
выкуп	noun	выкуп	выкупа	выкупе	выкуп	выкупом	curated	curated	0.99
выкус	noun	выкус	выкуса	выкусе	выкус	выкусом	curated	curated	0.99
вылаз	noun	вылаз	вылаза	вылазе	вылаз	вылазом	curated	curated	0.99
вылет	noun	вылет	вылета	вылете	вылет	вылетом	curated	curated	0.99
вылов	noun	вылов	вылова	вылове	вылов	выловом	curated	curated	0.99
вылом	noun	вылом	вылома	выломе	вылом	выломом	curated	curated	0.99
вымол	noun	вымол	вымола	вымоле	вымол	вымолом	curated	curated	0.99
вымученность	noun	вымученность	вымученности	вымученности	вымученность	вымученностью	curated	curated	0.99
вымышленность	noun	вымышленность	вымышленности	вымышленности	вымышленность	вымышленностью	curated	curated	0.99
вымя	noun	вымя	вымени	вымени	вымя	выменем	curated	curated	0.99
вынос	noun	вынос	выноса	выносе	вынос	выносом	curated	curated	0.99
выпад	noun	выпад	выпада	выпаде	выпад	выпадом	curated	curated	0.99
выпал	noun	выпал	выпала	выпале	выпал	выпалом	curated	curated	0.99
выпар	noun	выпар	выпара	выпаре	выпар	выпаром	curated	curated	0.99
выпас	noun	выпас	выпаса	выпасе	выпас	выпасом	curated	curated	0.99
выпек	noun	выпек	выпека	выпеке	выпек	выпеком	curated	curated	0.99
выписка	noun	выписка	выписки	выписке	выписку	выпиской	curated	curated	0.99
выполненность	noun	выполненность	выполненности	выполненности	выполненность	выполненностью	curated	curated	0.99
выпор	noun	выпор	выпора	выпоре	выпор	выпором	curated	curated	0.99
выпот	noun	выпот	выпота	выпоте	выпот	выпотом	curated	curated	0.99
выпуск	noun	выпуск	выпуска	выпуске	выпуск	выпуском	curated	curated	0.99
выпь	noun	выпь	выпи	выпи	выпь	выпью	curated	curated	0.99
выравненность	noun	выравненность	выравненности	выравненности	выравненность	выравненностью	curated	curated	0.99
выражение	noun	выражение	выражения	выражении	выражение	выражением	curated	curated	0.99
выразительность	noun	выразительность	выразительности	выразительности	выразительность	выразительностью	curated	curated	0.99
вырез	noun	вырез	выреза	вырезе	вырез	вырезом	curated	curated	0.99
вырожденность	noun	вырожденность	вырожденности	вырожденности	вырожденность	вырожденностью	curated	curated	0.99
выруб	noun	выруб	выруба	вырубе	выруб	вырубом	curated	curated	0.99
выручка	noun	выручка	выручки	выручке	выручку	выручкой	curated	curated	0.99
высев	noun	высев	высева	высеве	высев	высевом	curated	curated	0.99
высед	noun	высед	выседа	выседе	высед	выседом	curated	curated	0.99
высказывание	noun	высказывание	высказывания	высказывании	высказывание	высказыванием	curated-p0-logic	curated	0.97
высов	noun	высов	высова	высове	высов	высовом	curated	curated	0.99
высота	noun	высота	высоты	высоте	высоту	высотой	curated	curated	0.99
выставка	noun	выставка	выставки	выставке	выставку	выставкой	curated	curated	0.99
выстрел	noun	выстрел	выстрела	выстреле	выстрел	выстрелом	curated	curated	0.99
выступление	noun	выступление	выступления	выступлении	выступление	выступлением	curated	curated	0.99
высь	noun	высь	выси	выси	высь	высью	curated	curated	0.99
выть	noun	выть	выти	выти	выть	вытью	curated	curated	0.99
вытянутость	noun	вытянутость	вытянутости	вытянутости	вытянутость	вытянутостью	curated	curated	0.99
выходной	noun	выходной	выходного	выходном	выходной	выходным	curated	curated	0.99
выхолощенность	noun	выхолощенность	выхолощенности	выхолощенности	выхолощенность	выхолощенностью	curated	curated	0.99
вычет	noun	вычет	вычета	вычете	вычет	вычетом	curated	curated	0.99
вышаг	noun	вышаг	вышага	вышаге	вышаг	вышагом	curated	curated	0.99
вышка	noun	вышка	вышки	вышке	вышку	вышкой	curated	curated	0.99
выя	noun	выя	выи	вые	выю	выей	curated	curated	0.99
выява	noun	выява	выявы	выяве	выяву	выявой	curated	curated	0.99
выявляемость	noun	выявляемость	выявляемости	выявляемости	выявляемость	выявляемостью	curated	curated	0.99
вьюга	noun	вьюга	вьюги	вьюге	вьюгу	вьюгой	curated	curated	0.99
вьюк	noun	вьюк	вьюка	вьюке	вьюк	вьюком	curated	curated	0.99
вьюн	noun	вьюн	вьюна	вьюне	вьюн	вьюном	curated	curated	0.99
вяз	noun	вяз	вяза	вязе	вяз	вязом	curated	curated	0.99
вязка	noun	вязка	вязки	вязке	вязку	вязкой	curated	curated	0.99
вязь	noun	вязь	вязи	вязи	вязь	вязью	curated	curated	0.99
вятка	noun	вятка	вятки	вятке	вятку	вяткой	curated	curated	0.99
г	noun	г	г	г	г	гом	curated	curated	0.99
гавань	noun	гавань	гавани	гавани	гавань	гаванью	curated	curated	0.99
гавот	noun	гавот	гавота	гавоте	гавот	гавотом	curated	curated	0.99
гага	noun	гага	гаги	гаге	гагу	гагой	curated	curated	0.99
гагат	noun	гагат	гагата	гагате	гагат	гагатом	curated	curated	0.99
гад	noun	гад	гада	гаде	гада	гадом	curated	curated	0.99
гадалка	noun	гадалка	гадалки	гадалке	гадалку	гадалкой	curated	curated	0.99
газета	noun	газета	газеты	газете	газету	газетой	curated	curated	0.99
газик	noun	газик	газика	газике	газик	газиком	curated	curated	0.99
газировка	noun	газировка	газировки	газировке	газировку	газировкой	curated	curated	0.99
газодинамика	noun	газодинамика	газодинамики	газодинамике	газодинамику	газодинамикой	curated	curated	0.99
газон	noun	газон	газона	газоне	газон	газоном	curated	curated	0.99
газоэнергетика	noun	газоэнергетика	газоэнергетики	газоэнергетике	газоэнергетику	газоэнергетикой	curated	curated	0.99
гайал	noun	гайал	гайала	гайале	гайала	гайалом	curated	curated	0.99
гайка	noun	гайка	гайки	гайке	гайку	гайкой	curated	curated	0.99
гак	noun	гак	гака	гаке	гак	гаком	curated	curated	0.99
галерея	noun	галерея	галереи	галерее	галерею	галереей	curated	curated	0.99
галид	noun	галид	галида	галиде	галид	галидом	curated	curated	0.99
галит	noun	галит	галита	галите	галит	галитом	curated	curated	0.99
галка	noun	галка	галки	галке	галку	галкой	curated	curated	0.99
галл	noun	галл	галла	галле	галла	галлом	curated	curated	0.99
галон	noun	галон	галона	галоне	галон	галоном	curated	curated	0.99
галоп	noun	галоп	галопа	галопе	галоп	галопом	curated	curated	0.99
галп	noun	галп	галпа	галпе	галп	галпом	curated	curated	0.99
галс	noun	галс	галса	галсе	галс	галсом	curated	curated	0.99
галстук	noun	галстук	галстука	галстуке	галстук	галстуком	curated	curated	0.99
галун	noun	галун	галуна	галуне	галун	галуном	curated	curated	0.99
гам	noun	гам	гама	гаме	гам	гамом	curated	curated	0.99
гамак	noun	гамак	гамака	гамаке	гамак	гамаком	curated	curated	0.99
гамен	noun	гамен	гамена	гамене	гамена	гаменом	curated	curated	0.99
гамма	noun	гамма	гаммы	гамме	гамму	гаммой	curated	curated	0.99
ганаш	noun	ганаш	ганаша	ганаше	ганаш	ганашом	curated	curated	0.99
ганец	noun	ганец	ганца	ганце	ганца	ганцем	curated	curated	0.99
ганит	noun	ганит	ганита	ганите	ганит	ганитом	curated	curated	0.99
ганка	noun	ганка	ганки	ганке	ганку	ганкой	curated	curated	0.99
гараж	noun	гараж	гаража	гараже	гараж	гаражом	curated	curated	0.99
гарант	noun	гарант	гаранта	гаранте	гаранта	гарантом	curated	curated	0.99
гарантия	noun	гарантия	гарантии	гарантии	гарантию	гарантией	curated	curated	0.99
гарем	noun	гарем	гарема	гареме	гарем	гаремом	curated	curated	0.99
гарт	noun	гарт	гарта	гарте	гарт	гартом	curated	curated	0.99
гарус	noun	гарус	гаруса	гарусе	гарус	гарусом	curated	curated	0.99
гарь	noun	гарь	гари	гари	гарь	гарью	curated	curated	0.99
гать	noun	гать	гати	гати	гать	гатью	curated	curated	0.99
гачек	noun	гачек	гачека	гачеке	гачек	гачеком	curated	curated	0.99
гашиш	noun	гашиш	гашиша	гашише	гашиш	гашишем	curated	curated	0.99
гаэл	noun	гаэл	гаэла	гаэле	гаэла	гаэлом	curated	curated	0.99
гаюин	noun	гаюин	гаюина	гаюине	гаюин	гаюином	curated	curated	0.99
гбайт	noun	гбайт	гбайта	гбайте	гбайт	гбайтом	curated	curated	0.99
гвалт	noun	гвалт	гвалта	гвалте	гвалт	гвалтом	curated	curated	0.99
гвардия	noun	гвардия	гвардии	гвардии	гвардию	гвардией	curated	curated	0.99
гвоздь	noun	гвоздь	гвоздя	гвозде	гвоздь	гвоздем	curated	curated	0.99
гевея	noun	гевея	гевеи	гевее	гевею	гевеей	curated	curated	0.99
гей	noun	гей	гея	гее	гея	геем	curated	curated	0.99
гейм	noun	гейм	гейма	гейме	гейм	геймом	curated	curated	0.99
гейша	noun	гейша	гейши	гейше	гейшу	гейшей	curated	curated	0.99
гель	noun	гель	геля	геле	гель	гелем	curated	curated	0.99
гем	noun	гем	гема	геме	гем	гемом	curated	curated	0.99
гемма	noun	гемма	геммы	гемме	гемму	геммой	curated	curated	0.99
гемодинамика	noun	гемодинамика	гемодинамики	гемодинамике	гемодинамику	гемодинамикой	curated	curated	0.99
ген	noun	ген	гена	гене	ген	геном	curated	curated	0.99
гений	noun	гений	гения	гении	гений	гением	curated	curated	0.99
геоид	noun	геоид	геоида	геоиде	геоид	геоидом	curated	curated	0.99
геоинформатика	noun	геоинформатика	геоинформатики	геоинформатике	геоинформатику	геоинформатикой	curated	curated	0.99
геолог	noun	геолог	геолога	геологе	геолога	геологом	curated	curated	0.99
геометрия	noun	геометрия	геометрии	геометрии	геометрию	геометрией	curated	curated	0.99
геометродинамика	noun	геометродинамика	геометродинамики	геометродинамике	геометродинамику	геометродинамикой	curated	curated	0.99
геомеханика	noun	геомеханика	геомеханики	геомеханике	геомеханику	геомеханикой	curated	curated	0.99
герб	noun	герб	герба	гербе	герб	гербом	curated	curated	0.99
гербарий	noun	гербарий	гербария	гербарии	гербарий	гербарием	curated	curated	0.99
герей	noun	герей	герея	герее	герея	гереем	curated	curated	0.99
герма	noun	герма	гермы	герме	герму	гермой	curated	curated	0.99
геродонтика	noun	геродонтика	геродонтики	геродонтике	геродонтику	геродонтикой	curated	curated	0.99
герой	noun	герой	героя	герое	героя	героем	curated	curated	0.99
герр	noun	герр	герра	герре	герра	герром	curated	curated	0.99
герц	noun	герц	герца	герце	герц	герцем	curated	curated	0.99
гест	noun	гест	геста	гесте	гест	гестом	curated	curated	0.99
гетерогенность	noun	гетерогенность	гетерогенности	гетерогенности	гетерогенность	гетерогенностью	curated	curated	0.99
гетероскедастичность	noun	гетероскедастичность	гетероскедастичности	гетероскедастичности	гетероскедастичность	гетероскедастичностью	curated	curated	0.99
гетит	noun	гетит	гетита	гетите	гетит	гетитом	curated	curated	0.99
гетры	noun	гетра	гетры	гетре	гетру	гетрой	curated	curated	0.99
гибель	noun	гибель	гибели	гибели	гибель	гибелью	curated	curated	0.99
гибридность	noun	гибридность	гибридности	гибридности	гибридность	гибридностью	curated	curated	0.99
гиг	noun	гиг	гига	гиге	гиг	гигом	curated	curated	0.99
гид	noun	гид	гида	гиде	гида	гидом	curated	curated	0.99
гидра	noun	гидра	гидры	гидре	гидру	гидрой	curated	curated	0.99
гидрокинетика	noun	гидрокинетика	гидрокинетики	гидрокинетике	гидрокинетику	гидрокинетикой	curated	curated	0.99
гидронавтика	noun	гидронавтика	гидронавтики	гидронавтике	гидронавтику	гидронавтикой	curated	curated	0.99
гидроупругость	noun	гидроупругость	гидроупругости	гидроупругости	гидроупругость	гидроупругостью	curated	curated	0.99
гидрофильность	noun	гидрофильность	гидрофильности	гидрофильности	гидрофильность	гидрофильностью	curated	curated	0.99
гиена	noun	гиена	гиены	гиене	гиену	гиеной	curated	curated	0.99
гик	noun	гик	гика	гике	гик	гиком	curated	curated	0.99
гиль	noun	гиль	гили	гили	гиль	гилью	curated	curated	0.99
гиляк	noun	гиляк	гиляка	гиляке	гиляка	гиляком	curated	curated	0.99
гимен	noun	гимен	гимена	гимене	гимен	гименом	curated	curated	0.99
гимн	noun	гимн	гимна	гимне	гимн	гимном	curated	curated	0.99
гимнастика	noun	гимнастика	гимнастики	гимнастике	гимнастику	гимнастикой	curated	curated	0.99
гинея	noun	гинея	гинеи	гинее	гинею	гинеей	curated	curated	0.99
гиоид	noun	гиоид	гиоида	гиоиде	гиоид	гиоидом	curated	curated	0.99
гипотеза	noun	гипотеза	гипотезы	гипотезе	гипотезу	гипотезой	curated	curated	0.98
гипотетичность	noun	гипотетичность	гипотетичности	гипотетичности	гипотетичность	гипотетичностью	curated	curated	0.99
гипс	noun	гипс	гипса	гипсе	гипс	гипсом	curated	curated	0.99
гипюр	noun	гипюр	гипюра	гипюре	гипюр	гипюром	curated	curated	0.99
гирей	noun	гирей	гирея	гирее	гирея	гиреем	curated	curated	0.99
гирло	noun	гирло	гирла	гирле	гирло	гирлом	curated	curated	0.99
гиродинамика	noun	гиродинамика	гиродинамики	гиродинамике	гиродинамику	гиродинамикой	curated	curated	0.99
гиростатика	noun	гиростатика	гиростатики	гиростатике	гиростатику	гиростатикой	curated	curated	0.99
гит	noun	гит	гита	гите	гит	гитом	curated	curated	0.99
гитара	noun	гитара	гитары	гитаре	гитару	гитарой	curated	curated	0.99
гитарист	noun	гитарист	гитариста	гитаристе	гитариста	гитаристом	curated	curated	0.99
гитов	noun	гитов	гитова	гитове	гитов	гитовом	curated	curated	0.99
гичка	noun	гичка	гички	гичке	гичку	гичкой	curated	curated	0.99
глава	noun	глава	главы	главе	главу	главой	curated	curated	0.99
главк	noun	главк	главка	главке	главк	главком	curated	curated	0.99
глагол	noun	глагол	глагола	глаголе	глагол	глаголом	curated	curated	0.99
глад	noun	глад	глада	гладе	глад	гладом	curated	curated	0.99
гладь	noun	гладь	глади	глади	гладь	гладью	curated	curated	0.99
глазок	noun	глазок	глазка	глазке	глазок	глазком	curated	curated	0.99
глайд	noun	глайд	глайда	глайде	глайд	глайдом	curated	curated	0.99
глас	noun	глас	гласа	гласе	глас	гласом	curated	curated	0.99
глей	noun	глей	глея	глее	глей	глеем	curated	curated	0.99
глень	noun	глень	глени	глени	глень	гленью	curated	curated	0.99
глет	noun	глет	глета	глете	глет	глетом	curated	curated	0.99
глинт	noun	глинт	глинта	глинте	глинт	глинтом	curated	curated	0.99
глипт	noun	глипт	глипта	глипте	глипт	глиптом	curated	curated	0.99
глист	noun	глист	глиста	глисте	глиста	глистом	curated	curated	0.99
глиф	noun	глиф	глифа	глифе	глиф	глифом	curated	curated	0.99
глия	noun	глия	глии	глии	глию	глией	curated	curated	0.99
глоб	noun	глоб	глоба	глобе	глоб	глобом	curated	curated	0.99
глобус	noun	глобус	глобуса	глобусе	глобус	глобусом	curated	curated	0.99
глосс	noun	глосс	глосса	глоссе	глосса	глоссом	curated	curated	0.99
глоссематика	noun	глоссематика	глоссематики	глоссематике	глоссематику	глоссематикой	curated	curated	0.99
глот	noun	глот	глота	глоте	глота	глотом	curated	curated	0.99
глоток	noun	глоток	глотка	глотке	глоток	глотком	curated	curated	0.99
глубина	noun	глубина	глубины	глубине	глубину	глубиной	curated	curated	0.99
глубинность	noun	глубинность	глубинности	глубинности	глубинность	глубинностью	curated	curated	0.99
глубь	noun	глубь	глуби	глуби	глубь	глубью	curated	curated	0.99
глум	noun	глум	глума	глуме	глум	глумом	curated	curated	0.99
глуповатость	noun	глуповатость	глуповатости	глуповатости	глуповатость	глуповатостью	curated	curated	0.99
глупость	noun	глупость	глупости	глупости	глупость	глупостью	curated	curated	0.99
глухость	noun	глухость	глухости	глухости	глухость	глухостью	curated	curated	0.99
глушь	noun	глушь	глуши	глуши	глушь	глушью	curated	curated	0.99
глыба	noun	глыба	глыбы	глыбе	глыбу	глыбой	curated	curated	0.99
глэм	noun	глэм	глэма	глэме	глэм	глэмом	curated	curated	0.99
глюк	noun	глюк	глюка	глюке	глюк	глюком	curated	curated	0.99
глюон	noun	глюон	глюона	глюоне	глюон	глюоном	curated	curated	0.99
гмина	noun	гмина	гмины	гмине	гмину	гминой	curated	curated	0.99
гнев	noun	гнев	гнева	гневе	гнев	гневом	curated	curated	0.98
гнездо	noun	гнездо	гнезда	гнезде	гнездо	гнездом	curated	curated	0.99
гнейс	noun	гнейс	гнейса	гнейсе	гнейс	гнейсом	curated	curated	0.99
гнет	noun	гнет	гнета	гнете	гнет	гнетом	curated	curated	0.99
гнида	noun	гнида	гниды	гниде	гниду	гнидой	curated	curated	0.99
гниль	noun	гниль	гнили	гнили	гниль	гнилью	curated	curated	0.99
гной	noun	гной	гною	гное	гной	гноем	curated	curated	0.99
гном	noun	гном	гнома	гноме	гнома	гномом	curated	curated	0.99
гнотобиотика	noun	гнотобиотика	гнотобиотики	гнотобиотике	гнотобиотику	гнотобиотикой	curated	curated	0.99
гнус	noun	гнус	гнуса	гнусе	гнус	гнусом	curated	curated	0.99
гнусь	noun	гнусь	гнуси	гнуси	гнусь	гнусью	curated	curated	0.99
гобан	noun	гобан	гобана	гобане	гобан	гобаном	curated	curated	0.99
гоббл	noun	гоббл	гоббла	гоббле	гоббл	гобблом	curated	curated	0.99
гобой	noun	гобой	гобоя	гобое	гобой	гобоем	curated	curated	0.99
говор	noun	говор	говора	говоре	говор	говором	curated	curated	0.99
гогот	noun	гогот	гогота	гоготе	гогот	гоготом	curated	curated	0.99
год	noun	год	года	году	год	годом	curated	curated	0.99
годик	noun	годик	годика	годике	годик	годиком	curated	curated	0.99
гол	noun	гол	гола	голе	гол	голом	curated	curated	0.99
голова	noun	голова	головы	голове	голову	головой	curated	curated	0.99
головка	noun	головка	головки	головке	головку	головкой	curated	curated	0.99
головокружительность	noun	головокружительность	головокружительности	головокружительности	головокружительность	головокружительностью	curated	curated	0.99
голод	noun	голод	голода	голоде	голод	голодом	curated	curated	0.99
голос	noun	голос	голоса	голосе	голос	голосом	curated	curated	0.99
голубь	noun	голубь	голубя	голубе	голубя	голубем	curated	curated	0.99
гомогенность	noun	гомогенность	гомогенности	гомогенности	гомогенность	гомогенностью	curated	curated	0.99
гомозиготность	noun	гомозиготность	гомозиготности	гомозиготности	гомозиготность	гомозиготностью	curated	curated	0.99
гомоморфизм	noun	гомоморфизм	гомоморфизма	гомоморфизме	гомоморфизм	гомоморфизмом	curated	curated	0.99
гомоскедастичность	noun	гомоскедастичность	гомоскедастичности	гомоскедастичности	гомоскедастичность	гомоскедастичностью	curated	curated	0.99
гондола	noun	гондола	гондолы	гондоле	гондолу	гондолой	curated	curated	0.99
гонец	noun	гонец	гонца	гонце	гонца	гонцом	curated	curated	0.99
гонимость	noun	гонимость	гонимости	гонимости	гонимость	гонимостью	curated	curated	0.99
горб	noun	горб	горба	горбе	горб	горбом	curated	curated	0.99
гордость	noun	гордость	гордости	гордости	гордость	гордостью	curated	curated	0.98
горе	noun	горе	горя	горе	горе	горем	curated	curated	0.99
горение	noun	горение	горения	горении	горение	горением	curated	curated	0.99
горизонт	noun	горизонт	горизонта	горизонте	горизонт	горизонтом	curated	curated	0.99
горка	noun	горка	горки	горке	горку	горкой	curated	curated	0.99
горло	noun	горло	горла	горле	горло	горлом	curated	curated	0.99
город	noun	город	города	городе	город	городом	curated	curated	0.99
горох	noun	горох	гороха	горохе	горох	горохом	curated	curated	0.99
горшок	noun	горшок	горшка	горшке	горшок	горшком	curated	curated	0.99
госбезопасность	noun	госбезопасность	госбезопасности	госбезопасности	госбезопасность	госбезопасностью	curated	curated	0.99
гостиница	noun	гостиница	гостиницы	гостинице	гостиницу	гостиницей	curated	curated	0.99
гость	noun	гость	гостя	госте	гостя	гостем	curated	curated	0.99
государство	noun	государство	государства	государстве	государство	государством	curated	curated	0.99
грабеж	noun	грабеж	грабежа	грабеже	грабеж	грабежом	curated	curated	0.99
гравитация	noun	гравитация	гравитации	гравитации	гравитацию	гравитацией	curated	curated	0.99
град	noun	град	града	граде	град	градом	curated	curated	0.99
градуировка	noun	градуировка	градуировки	градуировке	градуировку	градуировкой	curated	curated	0.99
градус	noun	градус	градуса	градусе	градус	градусом	curated	curated	0.99
грамм	noun	грамм	грамма	грамме	грамм	граммом	curated	curated	0.99
грамматичность	noun	грамматичность	грамматичности	грамматичности	грамматичность	грамматичностью	curated	curated	0.99
грамотей	noun	грамотей	грамотея	грамотее	грамотея	грамотеем	curated	curated	0.99
гранат	noun	гранат	граната	гранате	гранат	гранатом	curated	curated	0.99
гранит	noun	гранит	гранита	граните	гранит	гранитом	curated	curated	0.99
граница	noun	граница	границы	границе	границу	границей	curated	curated	0.98
граф	noun	граф	графа	графе	граф	графом	curated	curated	0.99
график	noun	график	графика	графике	график	графиком	curated	curated	0.99
графоман	noun	графоман	графомана	графомане	графомана	графоманом	curated	curated	0.99
гребень	noun	гребень	гребня	гребне	гребень	гребнем	curated	curated	0.99
греховность	noun	греховность	греховности	греховности	греховность	греховностью	curated	curated	0.99
грешность	noun	грешность	грешности	грешности	грешность	грешностью	curated	curated	0.99
гриб	noun	гриб	гриба	грибе	гриб	грибом	curated	curated	0.99
грид	noun	грид	грида	гриде	грид	гридом	curated	curated	0.99
гриша	noun	гриша	гриши	грише	гришу	гришей	curated	curated	0.99
гроза	noun	гроза	грозы	грозе	грозу	грозой	curated	curated	0.99
гром	noun	гром	грома	громе	гром	громом	curated	curated	0.99
гротескность	noun	гротескность	гротескности	гротескности	гротескность	гротескностью	curated	curated	0.99
грохот	noun	грохот	грохота	грохоте	грохот	грохотом	curated	curated	0.99
грубоватость	noun	грубоватость	грубоватости	грубоватости	грубоватость	грубоватостью	curated	curated	0.99
грузонапряженность	noun	грузонапряженность	грузонапряженности	грузонапряженности	грузонапряженность	грузонапряженностью	curated	curated	0.99
грум	noun	грум	грума	груме	грума	грумом	curated	curated	0.99
грунт	noun	грунт	грунта	грунте	грунт	грунтом	curated	curated	0.99
группа	noun	группа	группы	группе	группу	группой	curated	curated	0.99
грусть	noun	грусть	грусти	грусти	грусть	грустью	curated	curated	0.99
груша	noun	груша	груши	груше	грушу	грушей	curated	curated	0.99
грызун	noun	грызун	грызуна	грызуне	грызуна	грызуном	curated	curated	0.99
грядка	noun	грядка	грядки	грядке	грядку	грядкой	curated	curated	0.99
губерния	noun	губерния	губернии	губернии	губернию	губернией	curated	curated	0.99
губкообразность	noun	губкообразность	губкообразности	губкообразности	губкообразность	губкообразностью	curated	curated	0.99
губчатость	noun	губчатость	губчатости	губчатости	губчатость	губчатостью	curated	curated	0.99
гудок	noun	гудок	гудка	гудке	гудок	гудком	curated	curated	0.99
гусеница	noun	гусеница	гусеницы	гусенице	гусеницу	гусеницей	curated	curated	0.99
густота	noun	густота	густоты	густоте	густоту	густотой	curated	curated	0.99
гусь	noun	гусь	гуся	гусе	гуся	гусем	curated	curated	0.99
давка	noun	давка	давки	давке	давку	давкой	curated	curated	0.99
давление	noun	давление	давления	давлении	давление	давлением	curated	curated	0.99
дада	noun	дада	дады	даде	даду	дадой	curated	curated	0.99
далеко	noun	далеко	далека	далеке	далеко	далеком	curated	curated	0.99
дальновидность	noun	дальновидность	дальновидности	дальновидности	дальновидность	дальновидностью	curated	curated	0.99
дама	noun	дама	дамы	даме	даму	дамой	curated	curated	0.99
данжер	noun	данжер	данжера	данжере	данжер	данжером	curated	curated	0.99
данные	noun	данные	данных	данных	данные	данными	curated	curated	0.99
дань	noun	дань	дани	дани	дань	данью	curated	curated	0.99
датчик	noun	датчик	датчика	датчике	датчика	датчиком	curated	curated	0.99
дача	noun	дача	дачи	даче	дачу	дачей	curated	curated	0.99
дверь	noun	дверь	двери	двери	дверь	дверью	curated	curated	0.99
движение	noun	движение	движения	движении	движение	движением	curated	curated	0.99
двойня	noun	двойня	двойни	двойне	двойню	двойней	curated	curated	0.99
двор	noun	двор	двора	дворе	двор	двором	curated	curated	0.99
дворец	noun	дворец	дворца	дворце	дворец	дворцом	curated	curated	0.99
двузначность	noun	двузначность	двузначности	двузначности	двузначность	двузначностью	curated	curated	0.99
двунациональность	noun	двунациональность	двунациональности	двунациональности	двунациональность	двунациональностью	curated	curated	0.99
двусмысленность	noun	двусмысленность	двусмысленности	двусмысленности	двусмысленность	двусмысленностью	curated	curated	0.99
двухмерность	noun	двухмерность	двухмерности	двухмерности	двухмерность	двухмерностью	curated	curated	0.99
двухцветность	noun	двухцветность	двухцветности	двухцветности	двухцветность	двухцветностью	curated	curated	0.99
дебаты	noun	дебаты	дебатов	дебатах	дебаты	дебатами	curated	curated	0.99
девочка	noun	девочка	девочки	девочке	девочку	девочкой	curated	curated	0.99
деградация	noun	деградация	деградации	деградации	деградацию	деградацией	curated	curated	0.99
дед	noun	дед	деда	деде	деда	дедом	curated	curated	0.99
дедлайн	noun	дедлайн	дедлайна	дедлайне	дедлайн	дедлайном	curated	curated	0.99
дедукция	noun	дедукция	дедукции	дедукции	дедукцию	дедукцией	curated	curated	0.99
дедупликация	noun	дедупликация	дедупликации	дедупликации	дедупликацию	дедупликацией	curated	curated	0.99
дезактивизация	noun	дезактивизация	дезактивизации	дезактивизации	дезактивизацию	дезактивизацией	curated	curated	0.99
дезориентированность	noun	дезориентированность	дезориентированности	дезориентированности	дезориентированность	дезориентированностью	curated	curated	0.99
деизм	noun	деизм	деизма	деизме	деизм	деизмом	curated	curated	0.99
действие	noun	действие	действия	действии	действие	действием	curated	curated	0.99
действительность	noun	действительность	действительности	действительности	действительность	действительностью	curated	curated	0.99
декабрь	noun	декабрь	декабря	декабре	декабрь	декабрем	curated	curated	0.99
деклассированность	noun	деклассированность	деклассированности	деклассированности	деклассированность	деклассированностью	curated	curated	0.99
декомпозиция	noun	декомпозиция	декомпозиции	декомпозиции	декомпозицию	декомпозицией	curated	curated	0.99
делать	verb	делать	делать	делать	делать	делать	curated	curated	0.95
делегирование	noun	делегирование	делегирования	делегировании	делегирование	делегированием	curated	curated	0.99
дело	noun	дело	дела	деле	дело	делом	curated	curated	0.99
демаркация	noun	демаркация	демаркации	демаркации	демаркацию	демаркацией	curated	curated	0.99
демократия	noun	демократия	демократии	демократии	демократию	демократией	curated	curated	0.99
деморализованность	noun	деморализованность	деморализованности	деморализованности	деморализованность	деморализованностью	curated	curated	0.99
денормализация	noun	денормализация	денормализации	денормализации	денормализацию	денормализацией	curated	curated	0.99
день	noun	день	дня	дне	день	днем	curated	curated	0.99
деплой	noun	деплой	деплоя	деплое	деплой	деплоем	curated	curated	0.99
депрессивность	noun	депрессивность	депрессивности	депрессивности	депрессивность	депрессивностью	curated	curated	0.99
депутат	noun	депутат	депутата	депутате	депутата	депутатом	curated	curated	0.99
деревня	noun	деревня	деревни	деревне	деревню	деревней	curated	curated	0.99
дерьмо	noun	дерьмо	дерьма	дерьме	дерьмо	дерьмом	curated	curated	0.99
десант	noun	десант	десанта	десанте	десант	десантом	curated	curated	0.99
десериализация	noun	десериализация	десериализации	десериализации	десериализацию	десериализацией	curated	curated	0.99
десна	noun	десна	десны	десне	десну	десной	curated	curated	0.99
детализация	noun	детализация	детализации	детализации	детализацию	детализацией	curated	curated	0.99
деталь	noun	деталь	детали	детали	деталь	деталью	curated	curated	0.99
детерминизм	noun	детерминизм	детерминизма	детерминизме	детерминизм	детерминизмом	curated	curated	0.99
детерминированность	noun	детерминированность	детерминированности	детерминированности	детерминированность	детерминированностью	curated	curated	0.99
дети	noun	дети	детей	детях	дети	детьми	curated	curated	0.99
деторождаемость	noun	деторождаемость	деторождаемости	деторождаемости	деторождаемость	деторождаемостью	curated	curated	0.99
детство	noun	детство	детства	детстве	детство	детством	curated	curated	0.99
дефиниция	noun	дефиниция	дефиниции	дефиниции	дефиницию	дефиницией	curated-p0-logic	curated	0.95
дефицит	noun	дефицит	дефицита	дефиците	дефицит	дефицитом	curated	curated	0.99
деформация	noun	деформация	деформации	деформации	деформацию	деформацией	curated	curated	0.99
дешифрование	noun	дешифрование	дешифрования	дешифровании	дешифрование	дешифрованием	curated	curated	0.99
деятель	noun	деятель	деятеля	деятеле	деятеля	деятелем	curated	curated	0.99
диагностика	noun	диагностика	диагностики	диагностике	диагностику	диагностикой	curated	curated	0.99
диагональ	noun	диагональ	диагонали	диагонали	диагональ	диагональю	curated	curated	0.99
диакаустика	noun	диакаустика	диакаустики	диакаустике	диакаустику	диакаустикой	curated	curated	0.99
диакритика	noun	диакритика	диакритики	диакритике	диакритику	диакритикой	curated	curated	0.99
диалог	noun	диалог	диалога	диалоге	диалог	диалогом	curated	curated	0.99
диалогичность	noun	диалогичность	диалогичности	диалогичности	диалогичность	диалогичностью	curated	curated	0.99
диаметр	noun	диаметр	диаметра	диаметре	диаметр	диаметром	curated	curated	0.99
диана	noun	диана	дианы	диане	диану	дианой	curated	curated	0.99
диапазон	noun	диапазон	диапазона	диапазоне	диапазон	диапазоном	curated	curated	0.99
диатермичность	noun	диатермичность	диатермичности	диатермичности	диатермичность	диатермичностью	curated	curated	0.99
диван	noun	диван	дивана	диване	диван	диваном	curated	curated	0.99
дивизия	noun	дивизия	дивизии	дивизии	дивизию	дивизией	curated	curated	0.99
диг	noun	диг	дига	диге	диг	дигом	curated	curated	0.99
диджитроника	noun	диджитроника	диджитроники	диджитронике	диджитронику	диджитроникой	curated	curated	0.99
дизъюнкция	noun	дизъюнкция	дизъюнкции	дизъюнкции	дизъюнкцию	дизъюнкцией	curated	curated	0.99
дим	noun	дим	дима	диме	дим	димом	curated	curated	0.99
динамо	noun	динамо	динамо	динамо	динамо	динамом	curated	curated	0.99
династия	noun	династия	династии	династии	династию	династией	curated	curated	0.99
динозавр	noun	динозавр	динозавра	динозавре	динозавра	динозавром	curated	curated	0.99
директор	noun	директор	директора	директоре	директора	директором	curated	curated	0.99
дисбаланс	noun	дисбаланс	дисбаланса	дисбалансе	дисбаланс	дисбалансом	curated	curated	0.99
диск	noun	диск	диска	диске	диск	диском	curated	curated	0.99
дискотека	noun	дискотека	дискотеки	дискотеке	дискотеку	дискотекой	curated	curated	0.99
дисп	noun	дисп	диспа	диспе	дисп	диспом	curated	curated	0.99
дисперсия	noun	дисперсия	дисперсии	дисперсии	дисперсию	дисперсией	curated	curated	0.99
диспетчер	noun	диспетчер	диспетчера	диспетчере	диспетчера	диспетчером	curated	curated	0.99
дист	noun	дист	диста	дисте	дист	дистом	curated	curated	0.99
дистанция	noun	дистанция	дистанции	дистанции	дистанцию	дистанцией	curated	curated	0.99
дистинкция	noun	дистинкция	дистинкции	дистинкции	дистинкцию	дистинкцией	curated-p0-logic	curated	0.95
дифференциация	noun	дифференциация	дифференциации	дифференциации	дифференциацию	дифференциацией	curated	curated	0.99
дифференцируемость	noun	дифференцируемость	дифференцируемости	дифференцируемости	дифференцируемость	дифференцируемостью	curated	curated	0.99
длина	noun	длина	длины	длине	длину	длиной	curated	curated	0.99
дневник	noun	дневник	дневника	дневнике	дневник	дневником	curated	curated	0.99
добро	noun	добро	добра	добре	добро	добром	curated	curated	0.99
добыча	noun	добыча	добычи	добыче	добычу	добычей	curated	curated	0.99
доверие	noun	доверие	доверия	доверии	доверие	доверием	curated	curated	0.98
довод	noun	довод	довода	доводе	довод	доводом	curated-p0-logic	curated	0.97
довольство	noun	довольство	довольства	довольстве	довольство	довольством	curated	curated	0.99
договор	noun	договор	договора	договоре	договор	договором	curated	curated	0.99
дождь	noun	дождь	дождя	дожде	дождь	дождем	curated	curated	0.99
док	noun	док	дока	доке	док	доком	curated	curated	0.99
доказательство	noun	доказательство	доказательства	доказательстве	доказательство	доказательством	curated-p0-logic	curated	0.99
доказуемость	noun	доказуемость	доказуемости	доказуемости	доказуемость	доказуемостью	curated	curated	0.99
доклад	noun	доклад	доклада	докладе	доклад	докладом	curated	curated	0.99
доктор	noun	доктор	доктора	докторе	доктора	доктором	curated	curated	0.99
документ	noun	документ	документа	документе	документ	документом	curated	curated	0.99
документалистика	noun	документалистика	документалистики	документалистике	документалистику	документалистикой	curated	curated	0.99
долг	noun	долг	долга	долге	долг	долгом	curated	curated	0.98
долгосрочность	noun	долгосрочность	долгосрочности	долгосрочности	долгосрочность	долгосрочностью	curated	curated	0.99
долина	noun	долина	долины	долине	долину	долиной	curated	curated	0.99
дом	noun	дом	дома	доме	дом	домом	curated	curated	0.99
домик	noun	домик	домика	домике	домик	домиком	curated	curated	0.99
доминантность	noun	доминантность	доминантности	доминантности	доминантность	доминантностью	curated	curated	0.99
дон	noun	дон	дона	доне	дона	доном	curated	curated	0.99
дополнение	noun	дополнение	дополнения	дополнении	дополнение	дополнением	curated	curated	0.99
дополнительность	noun	дополнительность	дополнительности	дополнительности	дополнительность	дополнительностью	curated	curated	0.99
дополняемость	noun	дополняемость	дополняемости	дополняемости	дополняемость	дополняемостью	curated	curated	0.99
допуск	noun	допуск	допуска	допуске	допуск	допуском	curated	curated	0.99
допущение	noun	допущение	допущения	допущении	допущение	допущением	curated-p0-logic	curated	0.97
дорога	noun	дорога	дороги	дороге	дорогу	дорогой	curated	curated	0.99
доска	noun	доска	доски	доске	доску	доской	curated	curated	0.99
доспехи	noun	доспехи	доспехов	доспехах	доспехи	доспехами	curated	curated	0.99
доставка	noun	доставка	доставки	доставке	доставку	доставкой	curated	curated	0.99
достаточность	noun	достаточность	достаточности	достаточности	достаточность	достаточностью	curated-p0-modality	curated	0.98
достижение	noun	достижение	достижения	достижении	достижение	достижением	curated	curated	0.99
достоверность	noun	достоверность	достоверности	достоверности	достоверность	достоверностью	curated-p0-epistemic	curated	0.98
достоинство	noun	достоинство	достоинства	достоинстве	достоинство	достоинством	curated	curated	0.99
доступ	noun	доступ	доступа	доступе	доступ	доступом	curated	curated	0.99
доступность	noun	доступность	доступности	доступности	доступность	доступностью	curated	curated	0.99
досуг	noun	досуг	досуга	досуге	досуг	досугом	curated	curated	0.99
дотационность	noun	дотационность	дотационности	дотационности	дотационность	дотационностью	curated	curated	0.99
дохлость	noun	дохлость	дохлости	дохлости	дохлость	дохлостью	curated	curated	0.99
доход	noun	доход	дохода	доходе	доход	доходом	curated	curated	0.99
дочь	noun	дочь	дочери	дочери	дочь	дочерью	curated	curated	0.99
дра	noun	дра	дры	дра	дру	драм	curated	curated	0.99
драка	noun	драка	драки	драке	драку	дракой	curated	curated	0.99
дракон	noun	дракон	дракона	драконе	дракона	драконом	curated	curated	0.99
драма	noun	драма	драмы	драме	драму	драмой	curated	curated	0.99
древесина	noun	древесина	древесины	древесине	древесину	древесиной	curated	curated	0.99
дробь	noun	дробь	дроби	дроби	дробь	дробью	curated	curated	0.99
дрова	noun	дрова	дров	дровах	дрову	дровами	curated	curated	0.99
дрожки	noun	дрожки	дрожек	дрожках	дрожки	дрожками	curated	curated	0.99
дрожь	noun	дрожь	дрожи	дрожи	дрожь	дрожью	curated	curated	0.99
друг	noun	друг	друга	друге	друга	другом	curated	curated	0.99
другой	noun	другой	другого	другому	другой	другим	curated	curated	0.99
дружба	noun	дружба	дружбы	дружбе	дружбу	дружбой	curated	curated	0.99
дуальность	noun	дуальность	дуальности	дуальности	дуальность	дуальностью	curated	curated	0.99
дуб	noun	дуб	дуба	дубе	дуб	дубом	curated	curated	0.99
дублетность	noun	дублетность	дублетности	дублетности	дублетность	дублетностью	curated	curated	0.99
дубль	noun	дубль	дубля	дубле	дубль	дублем	curated	curated	0.99
дубность	noun	дубность	дубности	дубности	дубность	дубностью	curated	curated	0.99
дуга	noun	дуга	дуги	дуге	дугу	дугой	curated	curated	0.99
дума	noun	дума	думы	думе	думу	думой	curated	curated	0.99
дурак	noun	дурак	дурака	дураке	дурака	дураком	curated	curated	0.99
дух	noun	дух	духа	духе	дух	духом	curated	curated	0.99
духи	noun	духи	духов	духах	духи	духами	curated	curated	0.99
духовитость	noun	духовитость	духовитости	духовитости	духовитость	духовитостью	curated	curated	0.99
духовка	noun	духовка	духовки	духовке	духовку	духовкой	curated	curated	0.99
душа	noun	душа	души	душе	душу	душой	curated	curated	0.99
душистость	noun	душистость	душистости	душистости	душистость	душистостью	curated	curated	0.99
дуэль	noun	дуэль	дуэли	дуэли	дуэль	дуэлью	curated	curated	0.99
дымка	noun	дымка	дымки	дымке	дымку	дымкой	curated	curated	0.99
дымность	noun	дымность	дымности	дымности	дымность	дымностью	curated	curated	0.99
дымчатость	noun	дымчатость	дымчатости	дымчатости	дымчатость	дымчатостью	curated	curated	0.99
дядя	noun	дядя	дяди	дяде	дядю	дядей	curated	curated	0.99
еврей	noun	еврей	еврея	еврее	еврея	евреем	curated	curated	0.99
европа	noun	европа	европы	европе	европу	европой	curated	curated	0.99
евфеника	noun	евфеника	евфеники	евфенике	евфенику	евфеникой	curated	curated	0.99
еда	noun	еда	еды	еде	еду	едой	curated	curated	0.99
единокровность	noun	единокровность	единокровности	единокровности	единокровность	единокровностью	curated	curated	0.99
единородность	noun	единородность	единородности	единородности	единородность	единородностью	curated	curated	0.99
единосущность	noun	единосущность	единосущности	единосущности	единосущность	единосущностью	curated	curated	0.99
единственность	noun	единственность	единственности	единственности	единственность	единственностью	curated	curated	0.99
ежедневность	noun	ежедневность	ежедневности	ежедневности	ежедневность	ежедневностью	curated	curated	0.99
езда	noun	езда	езды	езде	езду	ездой	curated	curated	0.99
елка	noun	елка	елки	елке	елку	елкой	curated	curated	0.99
есть	noun	есть	ести	ести	есть	естью	curated	curated	0.99
ехать	noun	ехать	ехать	ехать	ехать	ехатью	curated	curated	0.99
жалоба	noun	жалоба	жалобы	жалобе	жалобу	жалобой	curated	curated	0.99
жалобность	noun	жалобность	жалобности	жалобности	жалобность	жалобностью	curated	curated	0.99
жара	noun	жара	жары	жаре	жару	жарой	curated	curated	0.99
железо	noun	железо	железа	железе	железо	железом	curated	curated	0.99
желтушность	noun	желтушность	желтушности	желтушности	желтушность	желтушностью	curated	curated	0.99
желудь	noun	желудь	желудя	желуде	желудь	желудем	curated	curated	0.99
жена	noun	жена	жены	жене	жену	женой	curated	curated	0.99
жених	noun	жених	жениха	женихе	жениха	женихом	curated	curated	0.99
женоподобность	noun	женоподобность	женоподобности	женоподобности	женоподобность	женоподобностью	curated	curated	0.99
женщина	noun	женщина	женщины	женщине	женщину	женщиной	curated	curated	0.99
жертва	noun	жертва	жертвы	жертве	жертву	жертвой	curated	curated	0.99
живот	noun	живот	живота	животе	живот	животом	curated	curated	0.99
животное	noun	животное	животного	животном	животное	животным	curated	curated	0.99
жизнеспособность	noun	жизнеспособность	жизнеспособности	жизнеспособности	жизнеспособность	жизнеспособностью	curated	curated	0.99
жизнь	noun	жизнь	жизни	жизни	жизнь	жизнью	curated	curated	0.98
журнал	noun	журнал	журнала	журнале	журнал	журналом	curated	curated	0.99
журналист	noun	журналист	журналиста	журналисте	журналиста	журналистом	curated	curated	0.99
забава	noun	забава	забавы	забаве	забаву	забавой	curated	curated	0.99
заблаговременность	noun	заблаговременность	заблаговременности	заблаговременности	заблаговременность	заблаговременностью	curated	curated	0.99
забор	noun	забор	забора	заборе	забор	забором	curated	curated	0.99
завершение	noun	завершение	завершения	завершении	завершение	завершением	curated	curated	0.99
завершенность	noun	завершенность	завершенности	завершенности	завершенность	завершенностью	curated	curated	0.99
зависимость	noun	зависимость	зависимости	зависимости	зависимость	зависимостью	curated	curated	0.99
зависть	noun	зависть	зависти	зависти	зависть	завистью	curated	curated	0.99
завод	noun	завод	завода	заводе	завод	заводом	curated	curated	0.99
завороженность	noun	завороженность	завороженности	завороженности	завороженность	завороженностью	curated	curated	0.99
завтра	noun	завтра	завтра	завтра	завтру	завтрой	curated	curated	0.99
загадка	noun	загадка	загадки	загадке	загадку	загадкой	curated	curated	0.99
загруженость	noun	загруженость	загружености	загружености	загруженость	загруженостью	curated	curated	0.99
задача	noun	задача	задачи	задаче	задачу	задачей	curated	curated	0.97
задержка	noun	задержка	задержки	задержке	задержку	задержкой	curated	curated	0.99
зажатость	noun	зажатость	зажатости	зажатости	зажатость	зажатостью	curated	curated	0.99
заика	noun	заика	заики	заике	заику	заикой	curated	curated	0.99
заказ	noun	заказ	заказа	заказе	заказ	заказом	curated	curated	0.99
закат	noun	закат	заката	закате	закат	закатом	curated	curated	0.99
заключение	noun	заключение	заключения	заключении	заключение	заключением	curated-p0-logic	curated	0.98
закомплексованность	noun	закомплексованность	закомплексованности	закомплексованности	закомплексованность	закомплексованностью	curated	curated	0.99
закон	noun	закон	закона	законе	закон	законом	curated	curated	0.99
законнорожденность	noun	законнорожденность	законнорожденности	законнорожденности	законнорожденность	законнорожденностью	curated	curated	0.99
закономерность	noun	закономерность	закономерности	закономерности	закономерность	закономерностью	curated	curated	0.99
закопченность	noun	закопченность	закопченности	закопченности	закопченность	закопченностью	curated	curated	0.99
закрепленность	noun	закрепленность	закрепленности	закрепленности	закрепленность	закрепленностью	curated	curated	0.99
закрученность	noun	закрученность	закрученности	закрученности	закрученность	закрученностью	curated	curated	0.99
закрытость	noun	закрытость	закрытости	закрытости	закрытость	закрытостью	curated	curated	0.99
зализанность	noun	зализанность	зализанности	зализанности	зализанность	зализанностью	curated	curated	0.99
замедление	noun	замедление	замедления	замедлении	замедление	замедлением	curated	curated	0.99
заменяемость	noun	заменяемость	заменяемости	заменяемости	заменяемость	заменяемостью	curated	curated	0.99
заметка	noun	заметка	заметки	заметке	заметку	заметкой	curated	curated	0.99
заметность	noun	заметность	заметности	заметности	заметность	заметностью	curated	curated	0.99
замешанность	noun	замешанность	замешанности	замешанности	замешанность	замешанностью	curated	curated	0.99
замкнутость	noun	замкнутость	замкнутости	замкнутости	замкнутость	замкнутостью	curated	curated	0.99
замусоленность	noun	замусоленность	замусоленности	замусоленности	замусоленность	замусоленностью	curated	curated	0.99
замутненность	noun	замутненность	замутненности	замутненности	замутненность	замутненностью	curated	curated	0.99
замысел	noun	замысел	замысла	замысле	замысел	замыслом	curated	curated	0.99
занавес	noun	занавес	занавеса	занавесе	занавес	занавесом	curated	curated	0.99
запад	noun	запад	запада	западе	запад	западом	curated	curated	0.99
запас	noun	запас	запаса	запасе	запас	запасом	curated	curated	0.99
запах	noun	запах	запаха	запахе	запах	запахом	curated	curated	0.99
запись	noun	запись	записи	записи	запись	записью	curated	curated	0.99
заполненность	noun	заполненность	заполненности	заполненности	заполненность	заполненностью	curated	curated	0.99
запрет	noun	запрет	запрета	запрете	запрет	запретом	curated-p0-agency	curated	0.96
запрещенность	noun	запрещенность	запрещенности	запрещенности	запрещенность	запрещенностью	curated	curated	0.99
заря	noun	заря	зари	заре	зарю	зарей	curated	curated	0.99
заряд	noun	заряд	заряда	заряде	заряд	зарядом	curated	curated	0.99
заряженность	noun	заряженность	заряженности	заряженности	заряженность	заряженностью	curated	curated	0.99
засаленность	noun	засаленность	засаленности	засаленности	засаленность	засаленностью	curated	curated	0.99
заслуженность	noun	заслуженность	заслуженности	заслуженности	заслуженность	заслуженностью	curated	curated	0.99
засуха	noun	засуха	засухи	засухе	засуху	засухой	curated	curated	0.99
засухостойкость	noun	засухостойкость	засухостойкости	засухостойкости	засухостойкость	засухостойкостью	curated	curated	0.99
затворенность	noun	затворенность	затворенности	затворенности	затворенность	затворенностью	curated	curated	0.99
заторможенность	noun	заторможенность	заторможенности	заторможенности	заторможенность	заторможенностью	curated	curated	0.99
затрапезность	noun	затрапезность	затрапезности	затрапезности	затрапезность	затрапезностью	curated	curated	0.99
затянутость	noun	затянутость	затянутости	затянутости	затянутость	затянутостью	curated	curated	0.99
зачарованность	noun	зачарованность	зачарованности	зачарованности	зачарованность	зачарованностью	curated	curated	0.99
защищенность	noun	защищенность	защищенности	защищенности	защищенность	защищенностью	curated	curated	0.99
заявка	noun	заявка	заявки	заявке	заявку	заявкой	curated	curated	0.99
заявление	noun	заявление	заявления	заявлении	заявление	заявлением	curated	curated	0.99
заяц	noun	заяц	зайца	зайце	зайца	зайцем	curated	curated	0.99
звон	noun	звон	звона	звоне	звон	звоном	curated	curated	0.99
звонок	noun	звонок	звонка	звонке	звонок	звонком	curated	curated	0.99
звукотехника	noun	звукотехника	звукотехники	звукотехнике	звукотехнику	звукотехникой	curated	curated	0.99
здание	noun	здание	здания	здании	здание	зданием	curated	curated	0.99
здоровье	noun	здоровье	здоровья	здоровье	здоровье	здоровьем	curated	curated	0.99
землетрясение	noun	землетрясение	землетрясения	землетрясении	землетрясение	землетрясением	curated	curated	0.99
зерно	noun	зерно	зерна	зерне	зерно	зерном	curated	curated	0.99
зима	noun	зима	зимы	зиме	зиму	зимой	curated	curated	0.99
зло	noun	зло	зла	зле	зло	злом	curated	curated	0.99
змея	noun	змея	змеи	змее	змею	змеей	curated	curated	0.99
знаковость	noun	знаковость	знаковости	знаковости	знаковость	знаковостью	curated	curated	0.99
знамя	noun	знамя	знамени	знамени	знамя	знаменем	curated	curated	0.99
знать	verb	знать	знать	знать	знать	знать	curated	curated	0.95
значение	noun	значение	значения	значении	значение	значением	curated	curated	0.99
золото	noun	золото	золота	золоте	золото	золотом	curated	curated	0.99
зона	noun	зона	зоны	зоне	зону	зоной	curated	curated	0.99
зритель	noun	зритель	зрителя	зрителе	зрителя	зрителем	curated	curated	0.99
зуб	noun	зуб	зуба	зубе	зуб	зубом	curated	curated	0.99
зубчатость	noun	зубчатость	зубчатости	зубчатости	зубчатость	зубчатостью	curated	curated	0.99
идемпотентность	noun	идемпотентность	идемпотентности	идемпотентности	идемпотентность	идемпотентностью	curated	curated	0.99
идентификация	noun	идентификация	идентификации	идентификации	идентификацию	идентификацией	curated	curated	0.99
идентифицируемость	noun	идентифицируемость	идентифицируемости	идентифицируемости	идентифицируемость	идентифицируемостью	curated	curated	0.99
идентичность	noun	идентичность	идентичности	идентичности	идентичность	идентичностью	curated	curated	0.99
идиотичность	noun	идиотичность	идиотичности	идиотичности	идиотичность	идиотичностью	curated	curated	0.99
иерархия	noun	иерархия	иерархии	иерархии	иерархию	иерархией	curated	curated	0.99
иероглифика	noun	иероглифика	иероглифики	иероглифике	иероглифику	иероглификой	curated	curated	0.99
изба	noun	изба	избы	избе	избу	избой	curated	curated	0.99
известие	noun	известие	известия	известии	известие	известием	curated	curated	0.99
изгнание	noun	изгнание	изгнания	изгнании	изгнание	изгнанием	curated	curated	0.99
излечимость	noun	излечимость	излечимости	излечимости	излечимость	излечимостью	curated	curated	0.99
излучение	noun	излучение	излучения	излучении	излучение	излучением	curated	curated	0.99
измена	noun	измена	измены	измене	измену	изменой	curated	curated	0.99
изменение	noun	изменение	изменения	изменении	изменение	изменением	curated	curated	0.99
измеримость	noun	измеримость	измеримости	измеримости	измеримость	измеримостью	curated	curated	0.99
измотанность	noun	измотанность	измотанности	измотанности	измотанность	измотанностью	curated	curated	0.99
изнеможенность	noun	изнеможенность	изнеможенности	изнеможенности	изнеможенность	изнеможенностью	curated	curated	0.99
изобретательность	noun	изобретательность	изобретательности	изобретательности	изобретательность	изобретательностью	curated	curated	0.99
изоляция	noun	изоляция	изоляции	изоляции	изоляцию	изоляцией	curated	curated	0.99
изоморфизм	noun	изоморфизм	изоморфизма	изоморфизме	изоморфизм	изоморфизмом	curated	curated	0.99
изотропность	noun	изотропность	изотропности	изотропности	изотропность	изотропностью	curated	curated	0.99
изрезанность	noun	изрезанность	изрезанности	изрезанности	изрезанность	изрезанностью	curated	curated	0.99
икона	noun	икона	иконы	иконе	икону	иконой	curated	curated	0.99
иконика	noun	иконика	иконики	иконике	иконику	иконикой	curated	curated	0.99
иллюзия	noun	иллюзия	иллюзии	иллюзии	иллюзию	иллюзией	curated	curated	0.98
имбецильность	noun	имбецильность	имбецильности	имбецильности	имбецильность	имбецильностью	curated	curated	0.99
иммуногенетика	noun	иммуногенетика	иммуногенетики	иммуногенетике	иммуногенетику	иммуногенетикой	curated	curated	0.99
империя	noun	империя	империи	империи	империю	империей	curated	curated	0.99
импликация	noun	импликация	импликации	импликации	импликацию	импликацией	curated-p0-logic	curated	0.98
импульс	noun	импульс	импульса	импульсе	импульс	импульсом	curated	curated	0.99
имя	noun	имя	имени	имени	имя	именем	curated	curated	0.99
инвариант	noun	инвариант	инварианта	инварианте	инвариант	инвариантом	curated	curated	0.99
инвариантность	noun	инвариантность	инвариантности	инвариантности	инвариантность	инвариантностью	curated	curated	0.99
индекс	noun	индекс	индекса	индексе	индекс	индексом	curated	curated	0.99
индексация	noun	индексация	индексации	индексации	индексацию	индексацией	curated	curated	0.99
индикатор	noun	индикатор	индикатора	индикаторе	индикатор	индикатором	curated	curated	0.99
индукция	noun	индукция	индукции	индукции	индукцию	индукцией	curated	curated	0.99
иней	noun	иней	инея	инее	иней	инеем	curated	curated	0.99
инерционность	noun	инерционность	инерционности	инерционности	инерционность	инерционностью	curated	curated	0.99
инерция	noun	инерция	инерции	инерции	инерцию	инерцией	curated	curated	0.99
инкапсуляция	noun	инкапсуляция	инкапсуляции	инкапсуляции	инкапсуляцию	инкапсуляцией	curated	curated	0.99
инспекция	noun	инспекция	инспекции	инспекции	инспекцию	инспекцией	curated	curated	0.99
инструктивность	noun	инструктивность	инструктивности	инструктивности	инструктивность	инструктивностью	curated	curated	0.99
инструкция	noun	инструкция	инструкции	инструкции	инструкцию	инструкцией	curated	curated	0.99
инструмент	noun	инструмент	инструмента	инструменте	инструмент	инструментом	curated	curated	0.99
инсулярность	noun	инсулярность	инсулярности	инсулярности	инсулярность	инсулярностью	curated	curated	0.99
интеграция	noun	интеграция	интеграции	интеграции	интеграцию	интеграцией	curated	curated	0.99
интегрированность	noun	интегрированность	интегрированности	интегрированности	интегрированность	интегрированностью	curated	curated	0.99
интегрируемость	noun	интегрируемость	интегрируемости	интегрируемости	интегрируемость	интегрируемостью	curated	curated	0.99
интерактивность	noun	интерактивность	интерактивности	интерактивности	интерактивность	интерактивностью	curated	curated	0.99
интервал	noun	интервал	интервала	интервале	интервал	интервалом	curated	curated	0.99
интерес	noun	интерес	интереса	интересе	интерес	интересом	curated	curated	0.99
интернациональность	noun	интернациональность	интернациональности	интернациональности	интернациональность	интернациональностью	curated	curated	0.99
интерполяция	noun	интерполяция	интерполяции	интерполяции	интерполяцию	интерполяцией	curated	curated	0.99
интерпретация	noun	интерпретация	интерпретации	интерпретации	интерпретацию	интерпретацией	curated-p0-epistemic	curated	0.97
интерпретируемость	noun	интерпретируемость	интерпретируемости	интерпретируемости	интерпретируемость	интерпретируемостью	curated	curated	0.99
интерфейс	noun	интерфейс	интерфейса	интерфейсе	интерфейс	интерфейсом	curated	curated	0.99
интерфейсность	noun	интерфейсность	интерфейсности	интерфейсности	интерфейсность	интерфейсностью	curated	curated	0.99
интрига	noun	интрига	интриги	интриге	интригу	интригой	curated	curated	0.99
инференция	noun	инференция	инференции	инференции	инференцию	инференцией	curated-p0-logic	curated	0.95
информативность	noun	информативность	информативности	информативности	информативность	информативностью	curated	curated	0.99
информатика	noun	информатика	информатики	информатике	информатику	информатикой	curated	curated	0.99
информационность	noun	информационность	информационности	информационности	информационность	информационностью	curated	curated	0.99
информация	noun	информация	информации	информации	информацию	информацией	curated	curated	0.99
информированность	noun	информированность	информированности	информированности	информированность	информированностью	curated	curated	0.99
информтехника	noun	информтехника	информтехники	информтехнике	информтехнику	информтехникой	curated	curated	0.99
инцидент	noun	инцидент	инцидента	инциденте	инцидент	инцидентом	curated	curated	0.99
ионика	noun	ионика	ионики	ионике	ионику	ионикой	curated	curated	0.99
иррегулярность	noun	иррегулярность	иррегулярности	иррегулярности	иррегулярность	иррегулярностью	curated	curated	0.99
иск	noun	иск	иска	иске	иск	иском	curated	curated	0.99
исключение	noun	исключение	исключения	исключении	исключение	исключением	curated-p0-logic	curated	0.96
искра	noun	искра	искры	искре	искру	искрой	curated	curated	0.99
искренность	noun	искренность	искренности	искренности	искренность	искренностью	curated	curated	0.99
искушенность	noun	искушенность	искушенности	искушенности	искушенность	искушенностью	curated	curated	0.99
испарение	noun	испарение	испарения	испарении	испарение	испарением	curated	curated	0.99
испещренность	noun	испещренность	испещренности	испещренности	испещренность	испещренностью	curated	curated	0.99
исполнитель	noun	исполнитель	исполнителя	исполнителе	исполнителя	исполнителем	curated	curated	0.99
исправимость	noun	исправимость	исправимости	исправимости	исправимость	исправимостью	curated	curated	0.99
исправление	noun	исправление	исправления	исправлении	исправление	исправлением	curated	curated	0.99
испытание	noun	испытание	испытания	испытании	испытание	испытанием	curated	curated	0.99
исследованность	noun	исследованность	исследованности	исследованности	исследованность	исследованностью	curated	curated	0.99
истина	noun	истина	истины	истине	истину	истиной	curated	curated	0.99
истинность	noun	истинность	истинности	истинности	истинность	истинностью	curated-p0-epistemic	curated	0.98
историк	noun	историк	историка	историке	историка	историком	curated	curated	0.99
источник	noun	источник	источника	источнике	источник	источником	curated	curated	0.99
истрепанность	noun	истрепанность	истрепанности	истрепанности	истрепанность	истрепанностью	curated	curated	0.99
исход	noun	исход	исхода	исходе	исход	исходом	curated	curated	0.99
исчерпываемость	noun	исчерпываемость	исчерпываемости	исчерпываемости	исчерпываемость	исчерпываемостью	curated	curated	0.99
исчислимость	noun	исчислимость	исчислимости	исчислимости	исчислимость	исчислимостью	curated	curated	0.99
исчисляемость	noun	исчисляемость	исчисляемости	исчисляемости	исчисляемость	исчисляемостью	curated	curated	0.99
итерация	noun	итерация	итерации	итерации	итерацию	итерацией	curated	curated	0.99
кабинет	noun	кабинет	кабинета	кабинете	кабинет	кабинетом	curated	curated	0.99
кавалер	noun	кавалер	кавалера	кавалере	кавалера	кавалером	curated	curated	0.99
кавычка	noun	кавычка	кавычки	кавычке	кавычку	кавычкой	curated	curated	0.99
казарма	noun	казарма	казармы	казарме	казарму	казармой	curated	curated	0.99
казенность	noun	казенность	казенности	казенности	казенность	казенностью	curated	curated	0.99
казнь	noun	казнь	казни	казни	казнь	казнью	curated	curated	0.99
календарь	noun	календарь	календаря	календаре	календарь	календарем	curated	curated	0.99
калибровка	noun	калибровка	калибровки	калибровке	калибровку	калибровкой	curated	curated	0.99
камень	noun	камень	камня	камне	камень	камнем	curated	curated	0.99
камера	noun	камера	камеры	камере	камеру	камерой	curated	curated	0.99
канал	noun	канал	канала	канале	канал	каналом	curated	curated	0.99
кантата	noun	кантата	кантаты	кантате	кантату	кантатой	curated	curated	0.99
канцерогенность	noun	канцерогенность	канцерогенности	канцерогенности	канцерогенность	канцерогенностью	curated	curated	0.99
капитал	noun	капитал	капитала	капитале	капитал	капиталом	curated	curated	0.99
капиталоемкость	noun	капиталоемкость	капиталоемкости	капиталоемкости	капиталоемкость	капиталоемкостью	curated	curated	0.99
капитан	noun	капитан	капитана	капитане	капитана	капитаном	curated	curated	0.99
карандаш	noun	карандаш	карандаша	карандаше	карандаш	карандашом	curated	curated	0.99
карликовость	noun	карликовость	карликовости	карликовости	карликовость	карликовостью	curated	curated	0.99
карман	noun	карман	кармана	кармане	карман	карманом	curated	curated	0.99
карьера	noun	карьера	карьеры	карьере	карьеру	карьерой	curated	curated	0.99
касса	noun	касса	кассы	кассе	кассу	кассой	curated	curated	0.99
катадиоптрика	noun	катадиоптрика	катадиоптрики	катадиоптрике	катадиоптрику	катадиоптрикой	curated	curated	0.99
каталог	noun	каталог	каталога	каталоге	каталог	каталогом	curated	curated	0.99
катастрофа	noun	катастрофа	катастрофы	катастрофе	катастрофу	катастрофой	curated	curated	0.99
категоризация	noun	категоризация	категоризации	категоризации	категоризацию	категоризацией	curated	curated	0.99
каузация	noun	каузация	каузации	каузации	каузацию	каузацией	curated	curated	0.99
кафе	noun	кафе	кафе	кафе	кафе	кафем	curated	curated	0.99
каша	noun	каша	каши	каше	кашу	кашей	curated	curated	0.99
квадрат	noun	квадрат	квадрата	квадрате	квадрат	квадратом	curated	curated	0.99
квадратность	noun	квадратность	квадратности	квадратности	квадратность	квадратностью	curated	curated	0.99
квадрика	noun	квадрика	квадрики	квадрике	квадрику	квадрикой	curated	curated	0.99
квадрируемость	noun	квадрируемость	квадрируемости	квадрируемости	квадрируемость	квадрируемостью	curated	curated	0.99
квазиоптика	noun	квазиоптика	квазиоптики	квазиоптике	квазиоптику	квазиоптикой	curated	curated	0.99
квантиль	noun	квантиль	квантиля	квантиле	квантиль	квантилем	curated	curated	0.99
квантор	noun	квантор	квантора	кванторе	квантор	квантором	curated-p0-logic	curated	0.96
квартал	noun	квартал	квартала	квартале	квартал	кварталом	curated	curated	0.99
квартира	noun	квартира	квартиры	квартире	квартиру	квартирой	curated	curated	0.99
квелость	noun	квелость	квелости	квелости	квелость	квелостью	curated	curated	0.99
квитанция	noun	квитанция	квитанции	квитанции	квитанцию	квитанцией	curated	curated	0.99
кедр	noun	кедр	кедра	кедре	кедр	кедром	curated	curated	0.99
керосин	noun	керосин	керосина	керосине	керосин	керосином	curated	curated	0.99
кика	noun	кика	кики	кике	кику	кикой	curated	curated	0.99
километр	noun	километр	километра	километре	километр	километром	curated	curated	0.99
кинесика	noun	кинесика	кинесики	кинесике	кинесику	кинесикой	curated	curated	0.99
киноавтоматика	noun	киноавтоматика	киноавтоматики	киноавтоматике	киноавтоматику	киноавтоматикой	curated	curated	0.99
кинокритика	noun	кинокритика	кинокритики	кинокритике	кинокритику	кинокритикой	curated	curated	0.99
киномеханика	noun	киномеханика	киномеханики	киномеханике	киномеханику	киномеханикой	curated	curated	0.99
кинорадиомеханика	noun	кинорадиомеханика	кинорадиомеханики	кинорадиомеханике	кинорадиомеханику	кинорадиомеханикой	curated	curated	0.99
киральность	noun	киральность	киральности	киральности	киральность	киральностью	curated	curated	0.99
кислород	noun	кислород	кислорода	кислороде	кислород	кислородом	curated	curated	0.99
кислота	noun	кислота	кислоты	кислоте	кислоту	кислотой	curated	curated	0.99
кислоторастворимость	noun	кислоторастворимость	кислоторастворимости	кислоторастворимости	кислоторастворимость	кислоторастворимостью	curated	curated	0.99
кислотоустойчивость	noun	кислотоустойчивость	кислотоустойчивости	кислотоустойчивости	кислотоустойчивость	кислотоустойчивостью	curated	curated	0.99
клад	noun	клад	клада	кладе	клад	кладом	curated	curated	0.99
класс	noun	класс	класса	классе	класс	классом	curated	curated	0.99
классификация	noun	классификация	классификации	классификации	классификацию	классификацией	curated	curated	0.99
классифицирование	noun	классифицирование	классифицирования	классифицировании	классифицирование	классифицированием	curated	curated	0.99
клетка	noun	клетка	клетки	клетке	клетку	клеткой	curated	curated	0.99
клеть	noun	клеть	клети	клети	клеть	клетью	curated	curated	0.99
клиент	noun	клиент	клиента	клиенте	клиента	клиентом	curated	curated	0.99
клика	noun	клика	клики	клике	клику	кликой	curated	curated	0.99
климат	noun	климат	климата	климате	климат	климатом	curated	curated	0.99
клиника	noun	клиника	клиники	клинике	клинику	клиникой	curated	curated	0.99
клиновидность	noun	клиновидность	клиновидности	клиновидности	клиновидность	клиновидностью	curated	curated	0.99
книжка	noun	книжка	книжки	книжке	книжку	книжкой	curated	curated	0.99
кнопка	noun	кнопка	кнопки	кнопке	кнопку	кнопкой	curated	curated	0.99
кнут	noun	кнут	кнута	кнуте	кнут	кнутом	curated	curated	0.99
князь	noun	князь	князя	князе	князя	князем	curated	curated	0.99
ковалентность	noun	ковалентность	ковалентности	ковалентности	ковалентность	ковалентностью	curated	curated	0.99
ковер	noun	ковер	ковра	ковре	ковер	ковром	curated	curated	0.99
ковш	noun	ковш	ковша	ковше	ковш	ковшом	curated	curated	0.99
когезия	noun	когезия	когезии	когезии	когезию	когезией	curated	curated	0.99
когерентность	noun	когерентность	когерентности	когерентности	когерентность	когерентностью	curated	curated	0.99
когнитивистика	noun	когнитивистика	когнитивистики	когнитивистике	когнитивистику	когнитивистикой	curated	curated	0.99
кодификация	noun	кодификация	кодификации	кодификации	кодификацию	кодификацией	curated	curated	0.99
кожух	noun	кожух	кожуха	кожухе	кожух	кожухом	curated	curated	0.99
козел	noun	козел	козла	козле	козел	козлом	curated	curated	0.99
кокос	noun	кокос	кокоса	кокосе	кокос	кокосом	curated	curated	0.99
колебание	noun	колебание	колебания	колебании	колебание	колебанием	curated	curated	0.99
колесо	noun	колесо	колеса	колесе	колесо	колесом	curated	curated	0.99
коллега	noun	коллега	коллеги	коллеге	коллегу	коллегой	curated	curated	0.99
коллектив	noun	коллектив	коллектива	коллективе	коллектив	коллективом	curated	curated	0.99
коллинеарность	noun	коллинеарность	коллинеарности	коллинеарности	коллинеарность	коллинеарностью	curated	curated	0.99
колодец	noun	колодец	колодца	колодце	колодец	колодцом	curated	curated	0.99
колонка	noun	колонка	колонки	колонке	колонку	колонкой	curated	curated	0.99
колонна	noun	колонна	колонны	колонне	колонну	колонной	curated	curated	0.99
кольцо	noun	кольцо	кольца	кольце	кольцо	кольцом	curated	curated	0.99
команда	noun	команда	команды	команде	команду	командой	curated	curated	0.99
командир	noun	командир	командира	командире	командира	командиром	curated	curated	0.99
комар	noun	комар	комара	комаре	комара	комаром	curated	curated	0.99
комбинаторика	noun	комбинаторика	комбинаторики	комбинаторике	комбинаторику	комбинаторикой	curated	curated	0.99
комета	noun	комета	кометы	комете	комету	кометой	curated	curated	0.99
коммутативность	noun	коммутативность	коммутативности	коммутативности	коммутативность	коммутативностью	curated	curated	0.99
комната	noun	комната	комнаты	комнате	комнату	комнатой	curated	curated	0.99
компактность	noun	компактность	компактности	компактности	компактность	компактностью	curated	curated	0.99
компания	noun	компания	компании	компании	компанию	компанией	curated	curated	0.99
комплаенс	noun	комплаенс	комплаенса	комплаенсе	комплаенс	комплаенсом	curated	curated	0.99
комплекс	noun	комплекс	комплекса	комплексе	комплекс	комплексом	curated	curated	0.99
комплементарность	noun	комплементарность	комплементарности	комплементарности	комплементарность	комплементарностью	curated	curated	0.99
компонент	noun	компонент	компонента	компоненте	компонент	компонентом	curated	curated	0.99
компрессия	noun	компрессия	компрессии	компрессии	компрессию	компрессией	curated	curated	0.99
комфортность	noun	комфортность	комфортности	комфортности	комфортность	комфортностью	curated	curated	0.99
конвейер	noun	конвейер	конвейера	конвейере	конвейер	конвейером	curated	curated	0.99
конвертируемость	noun	конвертируемость	конвертируемости	конвертируемости	конвертируемость	конвертируемостью	curated	curated	0.99
конгруэнтность	noun	конгруэнтность	конгруэнтности	конгруэнтности	конгруэнтность	конгруэнтностью	curated	curated	0.99
конденсация	noun	конденсация	конденсации	конденсации	конденсацию	конденсацией	curated	curated	0.99
конец	noun	конец	конца	конце	конец	концом	curated	curated	0.99
конкретизация	noun	конкретизация	конкретизации	конкретизации	конкретизацию	конкретизацией	curated	curated	0.99
конкурентность	noun	конкурентность	конкурентности	конкурентности	конкурентность	конкурентностью	curated	curated	0.99
конкурс	noun	конкурс	конкурса	конкурсе	конкурс	конкурсом	curated	curated	0.99
коннектор	noun	коннектор	коннектора	коннекторе	коннектор	коннектором	curated	curated	0.99
консистентность	noun	консистентность	консистентности	консистентности	консистентность	консистентностью	curated	curated	0.99
константа	noun	константа	константы	константе	константу	константой	curated	curated	0.99
конституционность	noun	конституционность	конституционности	конституционности	конституционность	конституционностью	curated	curated	0.99
конструктор	noun	конструктор	конструктора	конструкторе	конструктора	конструктором	curated	curated	0.99
контакт	noun	контакт	контакта	контакте	контакт	контактом	curated	curated	0.98
контактность	noun	контактность	контактности	контактности	контактность	контактностью	curated	curated	0.99
контекст	noun	контекст	контекста	контексте	контекст	контекстом	curated	curated	0.99
контекстуальность	noun	контекстуальность	контекстуальности	контекстуальности	контекстуальность	контекстуальностью	curated	curated	0.99
континентальность	noun	континентальность	континентальности	континентальности	континентальность	континентальностью	curated	curated	0.99
контракт	noun	контракт	контракта	контракте	контракт	контрактом	curated	curated	0.99
контролируемость	noun	контролируемость	контролируемости	контролируемости	контролируемость	контролируемостью	curated	curated	0.99
контроль	noun	контроль	контроля	контроле	контроль	контролем	curated	curated	0.99
контрпример	noun	контрпример	контрпримера	контрпримере	контрпример	контрпримером	curated-p0-logic	curated	0.98
контур	noun	контур	контура	контуре	контур	контуром	curated	curated	0.99
конусность	noun	конусность	конусности	конусности	конусность	конусностью	curated	curated	0.99
конусообразность	noun	конусообразность	конусообразности	конусообразности	конусообразность	конусообразностью	curated	curated	0.99
конфета	noun	конфета	конфеты	конфете	конфету	конфетой	curated	curated	0.99
конфигурирование	noun	конфигурирование	конфигурирования	конфигурировании	конфигурирование	конфигурированием	curated	curated	0.99
конфиденциальность	noun	конфиденциальность	конфиденциальности	конфиденциальности	конфиденциальность	конфиденциальностью	curated	curated	0.99
конфликт	noun	конфликт	конфликта	конфликте	конфликт	конфликтом	curated	curated	0.98
конфликтность	noun	конфликтность	конфликтности	конфликтности	конфликтность	конфликтностью	curated	curated	0.99
конфронтация	noun	конфронтация	конфронтации	конфронтации	конфронтацию	конфронтацией	curated	curated	0.98
концентрированность	noun	концентрированность	концентрированности	концентрированности	концентрированность	концентрированностью	curated	curated	0.99
концерт	noun	концерт	концерта	концерте	концерт	концертом	curated	curated	0.99
конъюнктурность	noun	конъюнктурность	конъюнктурности	конъюнктурности	конъюнктурность	конъюнктурностью	curated	curated	0.99
конъюнкция	noun	конъюнкция	конъюнкции	конъюнкции	конъюнкцию	конъюнкцией	curated	curated	0.99
конь	noun	конь	коня	коне	коня	конем	curated	curated	0.99
координата	noun	координата	координаты	координате	координату	координатой	curated	curated	0.99
координация	noun	координация	координации	координации	координацию	координацией	curated	curated	0.99
координированность	noun	координированность	координированности	координированности	координированность	координированностью	curated	curated	0.99
копейка	noun	копейка	копейки	копейке	копейку	копейкой	curated	curated	0.99
корабль	noun	корабль	корабля	корабле	корабль	кораблем	curated	curated	0.99
корень	noun	корень	корня	корне	корень	корнем	curated	curated	0.99
корзина	noun	корзина	корзины	корзине	корзину	корзиной	curated	curated	0.99
коридор	noun	коридор	коридора	коридоре	коридор	коридором	curated	curated	0.99
коробка	noun	коробка	коробки	коробке	коробку	коробкой	curated	curated	0.99
корова	noun	корова	коровы	корове	корову	коровой	curated	curated	0.99
королларий	noun	королларий	короллария	королларии	королларий	королларием	curated-p0-logic	curated	0.95
корпус	noun	корпус	корпуса	корпусе	корпус	корпусом	curated	curated	0.99
корректируемость	noun	корректируемость	корректируемости	корректируемости	корректируемость	корректируемостью	curated	curated	0.99
корректность	noun	корректность	корректности	корректности	корректность	корректностью	curated-p0-epistemic	curated	0.97
коррекция	noun	коррекция	коррекции	коррекции	коррекцию	коррекцией	curated	curated	0.99
коррелированность	noun	коррелированность	коррелированности	коррелированности	коррелированность	коррелированностью	curated	curated	0.99
корреляция	noun	корреляция	корреляции	корреляции	корреляцию	корреляцией	curated	curated	0.99
коррумпированность	noun	коррумпированность	коррумпированности	коррумпированности	коррумпированность	коррумпированностью	curated	curated	0.99
косвенность	noun	косвенность	косвенности	косвенности	косвенность	косвенностью	curated	curated	0.99
косматость	noun	косматость	косматости	косматости	косматость	косматостью	curated	curated	0.99
космичность	noun	космичность	космичности	космичности	космичность	космичностью	curated	curated	0.99
космос	noun	космос	космоса	космосе	космос	космосом	curated	curated	0.99
костер	noun	костер	костра	костре	костер	костром	curated	curated	0.99
кость	noun	кость	кости	кости	кость	костью	curated	curated	0.99
котел	noun	котел	котла	котле	котел	котлом	curated	curated	0.99
коэрцитивность	noun	коэрцитивность	коэрцитивности	коэрцитивности	коэрцитивность	коэрцитивностью	curated	curated	0.99
крапчатость	noun	крапчатость	крапчатости	крапчатости	крапчатость	крапчатостью	curated	curated	0.99
краска	noun	краска	краски	краске	краску	краской	curated	curated	0.99
красностойкость	noun	красностойкость	красностойкости	красностойкости	красностойкость	красностойкостью	curated	curated	0.99
кредит	noun	кредит	кредита	кредите	кредит	кредитом	curated	curated	0.99
кресло	noun	кресло	кресла	кресле	кресло	креслом	curated	curated	0.99
крест	noun	крест	креста	кресте	крест	крестом	curated	curated	0.99
криворукость	noun	криворукость	криворукости	криворукости	криворукость	криворукостью	curated	curated	0.99
кризис	noun	кризис	кризиса	кризисе	кризис	кризисом	curated	curated	0.99
криогеника	noun	криогеника	криогеники	криогенике	криогенику	криогеникой	curated	curated	0.99
криоэлектроника	noun	криоэлектроника	криоэлектроники	криоэлектронике	криоэлектронику	криоэлектроникой	curated	curated	0.99
кристалл	noun	кристалл	кристалла	кристалле	кристалл	кристаллом	curated	curated	0.99
кристаллизация	noun	кристаллизация	кристаллизации	кристаллизации	кристаллизацию	кристаллизацией	curated	curated	0.99
критериальность	noun	критериальность	критериальности	критериальности	критериальность	критериальностью	curated	curated	0.99
критерий	noun	критерий	критерия	критерии	критерий	критерием	curated-p0-epistemic	curated	0.97
кровать	noun	кровать	кровати	кровати	кровать	кроватью	curated	curated	0.99
кровность	noun	кровность	кровности	кровности	кровность	кровностью	curated	curated	0.99
кролик	noun	кролик	кролика	кролике	кролика	кроликом	curated	curated	0.99
кругообразность	noun	кругообразность	кругообразности	кругообразности	кругообразность	кругообразностью	curated	curated	0.99
крупность	noun	крупность	крупности	крупности	крупность	крупностью	curated	curated	0.99
крыло	noun	крыло	крыла	крыле	крыло	крылом	curated	curated	0.99
крыса	noun	крыса	крысы	крысе	крысу	крысой	curated	curated	0.99
крыша	noun	крыша	крыши	крыше	крышу	крышей	curated	curated	0.99
куб	noun	куб	куба	кубе	куб	кубом	curated	curated	0.99
кузнец	noun	кузнец	кузнеца	кузнеце	кузнеца	кузнецом	curated	curated	0.99
кукуруза	noun	кукуруза	кукурузы	кукурузе	кукурузу	кукурузой	curated	curated	0.99
культтехника	noun	культтехника	культтехники	культтехнике	культтехнику	культтехникой	curated	curated	0.99
купол	noun	купол	купола	куполе	купол	куполом	curated	curated	0.99
курорт	noun	курорт	курорта	курорте	курорт	курортом	curated	curated	0.99
куст	noun	куст	куста	кусте	куст	кустом	curated	curated	0.99
кухня	noun	кухня	кухни	кухне	кухню	кухней	curated	curated	0.99
кэширование	noun	кэширование	кэширования	кэшировании	кэширование	кэшированием	curated	curated	0.99
лаборатория	noun	лаборатория	лаборатории	лаборатории	лабораторию	лабораторией	curated	curated	0.99
лагерь	noun	лагерь	лагеря	лагере	лагерь	лагерем	curated	curated	0.99
ладность	noun	ладность	ладности	ладности	ладность	ладностью	curated	curated	0.99
ладонь	noun	ладонь	ладони	ладони	ладонь	ладонью	curated	curated	0.99
лак	noun	лак	лака	лаке	лак	лаком	curated	curated	0.99
ламинарность	noun	ламинарность	ламинарности	ламинарности	ламинарность	ламинарностью	curated	curated	0.99
лампа	noun	лампа	лампы	лампе	лампу	лампой	curated	curated	0.99
лампочка	noun	лампочка	лампочки	лампочке	лампочку	лампочкой	curated	curated	0.99
лапа	noun	лапа	лапы	лапе	лапу	лапой	curated	curated	0.99
латентность	noun	латентность	латентности	латентности	латентность	латентностью	curated	curated	0.99
латунь	noun	латунь	латуни	латуни	латунь	латунью	curated	curated	0.99
лгун	noun	лгун	лгуна	лгуне	лгуна	лгуном	curated	curated	0.99
лев	noun	лев	льва	льве	лев	левом	curated	curated	0.99
левая	noun	левая	левой	левой	левую	левой	curated	curated	0.99
легенда	noun	легенда	легенды	легенде	легенду	легендой	curated	curated	0.99
легитимность	noun	легитимность	легитимности	легитимности	легитимность	легитимностью	curated	curated	0.99
легкое	noun	легкое	легкого	легком	легкое	легким	curated	curated	0.99
лежак	noun	лежак	лежака	лежаке	лежак	лежаком	curated	curated	0.99
лежкость	noun	лежкость	лежкости	лежкости	лежкость	лежкостью	curated	curated	0.99
лексикостатистика	noun	лексикостатистика	лексикостатистики	лексикостатистике	лексикостатистику	лексикостатистикой	curated	curated	0.99
лемма	noun	лемма	леммы	лемме	лемму	леммой	curated-p0-logic	curated	0.96
лепесток	noun	лепесток	лепестка	лепестке	лепесток	лепестком	curated	curated	0.99
лесник	noun	лесник	лесника	леснике	лесника	лесником	curated	curated	0.99
лето	noun	лето	лета	лете	лето	летом	curated	curated	0.99
летчик	noun	летчик	летчика	летчике	летчика	летчиком	curated	curated	0.99
ливень	noun	ливень	ливня	ливне	ливень	ливнем	curated	curated	0.99
линейка	noun	линейка	линейки	линейке	линейку	линейкой	curated	curated	0.99
линия	noun	линия	линии	линии	линию	линией	curated	curated	0.99
листоватость	noun	листоватость	листоватости	листоватости	листоватость	листоватостью	curated	curated	0.99
листок	noun	листок	листка	листке	листок	листком	curated	curated	0.99
литература	noun	литература	литературы	литературе	литературу	литературой	curated	curated	0.99
лицей	noun	лицей	лицея	лицее	лицей	лицеем	curated	curated	0.99
ловушка	noun	ловушка	ловушки	ловушке	ловушку	ловушкой	curated	curated	0.99
логарифметика	noun	логарифметика	логарифметики	логарифметике	логарифметику	логарифметикой	curated	curated	0.99
логарифмика	noun	логарифмика	логарифмики	логарифмике	логарифмику	логарифмикой	curated	curated	0.99
логика	noun	логика	логики	логике	логику	логикой	curated-p0-logic	curated	0.98
лодка	noun	лодка	лодки	лодке	лодку	лодкой	curated	curated	0.99
ложка	noun	ложка	ложки	ложке	ложку	ложкой	curated	curated	0.99
ложность	noun	ложность	ложности	ложности	ложность	ложностью	curated	curated	0.99
ложь	noun	ложь	лжи	лжи	ложь	ложью	curated-p0-epistemic	curated	0.98
лоза	noun	лоза	лозы	лозе	лозу	лозой	curated	curated	0.99
локомотив	noun	локомотив	локомотива	локомотиве	локомотив	локомотивом	curated	curated	0.99
локон	noun	локон	локона	локоне	локон	локоном	curated	curated	0.99
лопата	noun	лопата	лопаты	лопате	лопату	лопатой	curated	curated	0.99
лопух	noun	лопух	лопуха	лопухе	лопух	лопухом	curated	curated	0.99
лоток	noun	лоток	лотка	лотке	лоток	лотком	curated	curated	0.99
лоция	noun	лоция	лоции	лоции	лоцию	лоцией	curated	curated	0.99
лошадь	noun	лошадь	лошади	лошади	лошадь	лошадью	curated	curated	0.99
лук	noun	лук	лука	луке	лук	луком	curated	curated	0.99
лучина	noun	лучина	лучины	лучине	лучину	лучиной	curated	curated	0.99
льдистость	noun	льдистость	льдистости	льдистости	льдистость	льдистостью	curated	curated	0.99
любовность	noun	любовность	любовности	любовности	любовность	любовностью	curated	curated	0.99
любовь	noun	любовь	любви	любви	любовь	любовью	curated	curated	0.98
люди	noun	люди	людей	людях	людей	людьми	curated	curated	0.99
люстра	noun	люстра	люстры	люстре	люстру	люстрой	curated	curated	0.99
лягушка	noun	лягушка	лягушки	лягушке	лягушку	лягушкой	curated	curated	0.99
легкость	noun	легкость	легкости	легкости	легкость	легкостью	curated	curated	0.99
магазин	noun	магазин	магазина	магазине	магазин	магазином	curated	curated	0.99
магнионика	noun	магнионика	магнионики	магнионике	магнионику	магнионикой	curated	curated	0.99
магнит	noun	магнит	магнита	магните	магнит	магнитом	curated	curated	0.99
магнитоаэродинамика	noun	магнитоаэродинамика	магнитоаэродинамики	магнитоаэродинамике	магнитоаэродинамику	магнитоаэродинамикой	curated	curated	0.99
магнитогазодинамика	noun	магнитогазодинамика	магнитогазодинамики	магнитогазодинамике	магнитогазодинамику	магнитогазодинамикой	curated	curated	0.99
магнитогидродинамика	noun	магнитогидродинамика	магнитогидродинамики	магнитогидродинамике	магнитогидродинамику	магнитогидродинамикой	curated	curated	0.99
мазь	noun	мазь	мази	мази	мазь	мазью	curated	curated	0.99
май	noun	май	мая	мае	май	маем	curated	curated	0.99
майка	noun	майка	майки	майке	майку	майкой	curated	curated	0.99
мак	noun	мак	мака	маке	мак	маком	curated	curated	0.99
макет	noun	макет	макета	макете	макет	макетом	curated	curated	0.99
макробиотика	noun	макробиотика	макробиотики	макробиотике	макробиотику	макробиотикой	curated	curated	0.99
макрокинетика	noun	макрокинетика	макрокинетики	макрокинетике	макрокинетику	макрокинетикой	curated	curated	0.99
макролингвистика	noun	макролингвистика	макролингвистики	макролингвистике	макролингвистику	макролингвистикой	curated	curated	0.99
макронеоднородность	noun	макронеоднородность	макронеоднородности	макронеоднородности	макронеоднородность	макронеоднородностью	curated	curated	0.99
макротурбулентность	noun	макротурбулентность	макротурбулентности	макротурбулентности	макротурбулентность	макротурбулентностью	curated	curated	0.99
макроэкономика	noun	макроэкономика	макроэкономики	макроэкономике	макроэкономику	макроэкономикой	curated	curated	0.99
маловажность	noun	маловажность	маловажности	маловажности	маловажность	маловажностью	curated	curated	0.99
малоинерционность	noun	малоинерционность	малоинерционности	малоинерционности	малоинерционность	малоинерционностью	curated	curated	0.99
малыш	noun	малыш	малыша	малыше	малыша	малышом	curated	curated	0.99
маляр	noun	маляр	маляра	маляре	маляра	маляром	curated	curated	0.99
мама	noun	мама	мамы	маме	маму	мамой	curated	curated	0.99
мандарин	noun	мандарин	мандарина	мандарине	мандарин	мандарином	curated	curated	0.99
манеж	noun	манеж	манежа	манеже	манеж	манежем	curated	curated	0.99
манифест	noun	манифест	манифеста	манифесте	манифест	манифестом	curated	curated	0.99
маньяк	noun	маньяк	маньяка	маньяке	маньяка	маньяком	curated	curated	0.99
марафон	noun	марафон	марафона	марафоне	марафон	марафоном	curated	curated	0.99
марка	noun	марка	марки	марке	марку	маркой	curated	curated	0.99
марковость	noun	марковость	марковости	марковости	марковость	марковостью	curated	curated	0.99
март	noun	март	марта	марте	март	мартом	curated	curated	0.99
маршрут	noun	маршрут	маршрута	маршруте	маршрут	маршрутом	curated	curated	0.99
маршрутизация	noun	маршрутизация	маршрутизации	маршрутизации	маршрутизацию	маршрутизацией	curated	curated	0.99
маршрутность	noun	маршрутность	маршрутности	маршрутности	маршрутность	маршрутностью	curated	curated	0.99
масло	noun	масло	масла	масле	масло	маслом	curated	curated	0.99
маслобензостойкость	noun	маслобензостойкость	маслобензостойкости	маслобензостойкости	маслобензостойкость	маслобензостойкостью	curated	curated	0.99
маслопоглощаемость	noun	маслопоглощаемость	маслопоглощаемости	маслопоглощаемости	маслопоглощаемость	маслопоглощаемостью	curated	curated	0.99
масса	noun	масса	массы	массе	массу	массой	curated	curated	0.99
массив	noun	массив	массива	массиве	массив	массивом	curated	curated	0.99
массированность	noun	массированность	массированности	массированности	массированность	массированностью	curated	curated	0.99
мастер	noun	мастер	мастера	мастере	мастера	мастером	curated	curated	0.99
мастерская	noun	мастерская	мастерской	мастерской	мастерскую	мастерской	curated	curated	0.99
масштаб	noun	масштаб	масштаба	масштабе	масштаб	масштабом	curated	curated	0.99
масштабируемость	noun	масштабируемость	масштабируемости	масштабируемости	масштабируемость	масштабируемостью	curated	curated	0.99
мат	noun	мат	мата	мате	мат	матом	curated	curated	0.99
материалоемкость	noun	материалоемкость	материалоемкости	материалоемкости	материалоемкость	материалоемкостью	curated	curated	0.99
материя	noun	материя	материи	материи	материю	материей	curated	curated	0.99
матрас	noun	матрас	матраса	матрасе	матрас	матрасом	curated	curated	0.99
махорка	noun	махорка	махорки	махорке	махорку	махоркой	curated	curated	0.99
машина	noun	машина	машины	машине	машину	машиной	curated	curated	0.99
машинист	noun	машинист	машиниста	машинисте	машиниста	машинистом	curated	curated	0.99
мгновение	noun	мгновение	мгновения	мгновении	мгновение	мгновением	curated	curated	0.99
мгновенность	noun	мгновенность	мгновенности	мгновенности	мгновенность	мгновенностью	curated	curated	0.99
мед	noun	мед	меда	меде	мед	медом	curated	curated	0.99
медаль	noun	медаль	медали	медали	медаль	медалью	curated	curated	0.99
медведь	noun	медведь	медведя	медведе	медведя	медведем	curated	curated	0.99
медиана	noun	медиана	медианы	медиане	медиану	медианой	curated	curated	0.99
медстатистика	noun	медстатистика	медстатистики	медстатистике	медстатистику	медстатистикой	curated	curated	0.99
медтехника	noun	медтехника	медтехники	медтехнике	медтехнику	медтехникой	curated	curated	0.99
мел	noun	мел	мела	меле	мел	мелом	curated	curated	0.99
мелкозернистость	noun	мелкозернистость	мелкозернистости	мелкозернистости	мелкозернистость	мелкозернистостью	curated	curated	0.99
мелкоплодность	noun	мелкоплодность	мелкоплодности	мелкоплодности	мелкоплодность	мелкоплодностью	curated	curated	0.99
мелкослойность	noun	мелкослойность	мелкослойности	мелкослойности	мелкослойность	мелкослойностью	curated	curated	0.99
мелодия	noun	мелодия	мелодии	мелодии	мелодию	мелодией	curated	curated	0.99
ментальность	noun	ментальность	ментальности	ментальности	ментальность	ментальностью	curated	curated	0.99
мера	noun	мера	меры	мере	меру	мерой	curated	curated	0.99
мертвость	noun	мертвость	мертвости	мертвости	мертвость	мертвостью	curated	curated	0.99
местность	noun	местность	местности	местности	местность	местностью	curated	curated	0.99
месяц	noun	месяц	месяца	месяце	месяц	месяцем	curated	curated	0.99
металингвистика	noun	металингвистика	металингвистики	металингвистике	металингвистику	металингвистикой	curated	curated	0.99
металл	noun	металл	металла	металле	металл	металлом	curated	curated	0.99
металлопластика	noun	металлопластика	металлопластики	металлопластике	металлопластику	металлопластикой	curated	curated	0.99
металогика	noun	металогика	металогики	металогике	металогику	металогикой	curated	curated	0.99
метаматематика	noun	метаматематика	метаматематики	метаматематике	метаматематику	метаматематикой	curated	curated	0.99
метасемиотика	noun	метасемиотика	метасемиотики	метасемиотике	метасемиотику	метасемиотикой	curated	curated	0.99
метастабильность	noun	метастабильность	метастабильности	метастабильности	метастабильность	метастабильностью	curated	curated	0.99
метафизичность	noun	метафизичность	метафизичности	метафизичности	метафизичность	метафизичностью	curated	curated	0.99
метель	noun	метель	метели	метели	метель	метелью	curated	curated	0.99
метла	noun	метла	метлы	метле	метлу	метлой	curated	curated	0.99
метод	noun	метод	метода	методе	метод	методом	curated	curated	0.99
методика	noun	методика	методики	методике	методику	методикой	curated	curated	0.99
методологичность	noun	методологичность	методологичности	методологичности	методологичность	методологичностью	curated	curated	0.99
метрика	noun	метрика	метрики	метрике	метрику	метрикой	curated	curated	0.99
метро	noun	метро	метро	метро	метро	метром	curated	curated	0.99
мех	noun	мех	меха	мехе	мех	мехом	curated	curated	0.99
механизм	noun	механизм	механизма	механизме	механизм	механизмом	curated	curated	0.99
мехатроника	noun	мехатроника	мехатроники	мехатронике	мехатронику	мехатроникой	curated	curated	0.99
меч	noun	меч	меча	мече	меч	мечом	curated	curated	0.99
мечта	noun	мечта	мечты	мечте	мечту	мечтой	curated	curated	0.99
мешок	noun	мешок	мешка	мешке	мешок	мешком	curated	curated	0.99
миграция	noun	миграция	миграции	миграции	миграцию	миграцией	curated	curated	0.99
микрографика	noun	микрографика	микрографики	микрографике	микрографику	микрографикой	curated	curated	0.99
микромеханика	noun	микромеханика	микромеханики	микромеханике	микромеханику	микромеханикой	curated	curated	0.99
микроскладчатость	noun	микроскладчатость	микроскладчатости	микроскладчатости	микроскладчатость	микроскладчатостью	curated	curated	0.99
микросхемотехника	noun	микросхемотехника	микросхемотехники	микросхемотехнике	микросхемотехнику	микросхемотехникой	curated	curated	0.99
микротвердость	noun	микротвердость	микротвердости	микротвердости	микротвердость	микротвердостью	curated	curated	0.99
микротехника	noun	микротехника	микротехники	микротехнике	микротехнику	микротехникой	curated	curated	0.99
микрофизика	noun	микрофизика	микрофизики	микрофизике	микрофизику	микрофизикой	curated	curated	0.99
микрофотоэлектроника	noun	микрофотоэлектроника	микрофотоэлектроники	микрофотоэлектронике	микрофотоэлектронику	микрофотоэлектроникой	curated	curated	0.99
микроэкономика	noun	микроэкономика	микроэкономики	микроэкономике	микроэкономику	микроэкономикой	curated	curated	0.99
микроэлектроника	noun	микроэлектроника	микроэлектроники	микроэлектронике	микроэлектронику	микроэлектроникой	curated	curated	0.99
миля	noun	миля	мили	миле	милю	милей	curated	curated	0.99
минерал	noun	минерал	минерала	минерале	минерал	минералом	curated	curated	0.99
минералокерамика	noun	минералокерамика	минералокерамики	минералокерамике	минералокерамику	минералокерамикой	curated	curated	0.99
минута	noun	минута	минуты	минуте	минуту	минутой	curated	curated	0.99
минутность	noun	минутность	минутности	минутности	минутность	минутностью	curated	curated	0.99
миролюбие	noun	миролюбие	миролюбия	миролюбии	миролюбие	миролюбием	curated	curated	0.99
многоаспектность	noun	многоаспектность	многоаспектности	многоаспектности	многоаспектность	многоаспектностью	curated	curated	0.99
многовалентность	noun	многовалентность	многовалентности	многовалентности	многовалентность	многовалентностью	curated	curated	0.99
многовариантность	noun	многовариантность	многовариантности	многовариантности	многовариантность	многовариантностью	curated	curated	0.99
многозадачность	noun	многозадачность	многозадачности	многозадачности	многозадачность	многозадачностью	curated	curated	0.99
многоканальность	noun	многоканальность	многоканальности	многоканальности	многоканальность	многоканальностью	curated	curated	0.99
многокрасочность	noun	многокрасочность	многокрасочности	многокрасочности	многокрасочность	многокрасочностью	curated	curated	0.99
многомерность	noun	многомерность	многомерности	многомерности	многомерность	многомерностью	curated	curated	0.99
многоопытность	noun	многоопытность	многоопытности	многоопытности	многоопытность	многоопытностью	curated	curated	0.99
многопалость	noun	многопалость	многопалости	многопалости	многопалость	многопалостью	curated	curated	0.99
многопартийность	noun	многопартийность	многопартийности	многопартийности	многопартийность	многопартийностью	curated	curated	0.99
многословность	noun	многословность	многословности	многословности	многословность	многословностью	curated	curated	0.99
многоступенчатость	noun	многоступенчатость	многоступенчатости	многоступенчатости	многоступенчатость	многоступенчатостью	curated	curated	0.99
многотомность	noun	многотомность	многотомности	многотомности	многотомность	многотомностью	curated	curated	0.99
многоукладность	noun	многоукладность	многоукладности	многоукладности	многоукладность	многоукладностью	curated	curated	0.99
многоцветность	noun	многоцветность	многоцветности	многоцветности	многоцветность	многоцветностью	curated	curated	0.99
многоядность	noun	многоядность	многоядности	многоядности	многоядность	многоядностью	curated	curated	0.99
множество	noun	множество	множества	множестве	множество	множеством	curated	curated	0.99
модальность	noun	модальность	модальности	модальности	модальность	модальностью	curated-p0-modality	curated	0.96
модуль	noun	модуль	модуля	модуле	модуль	модулем	curated	curated	0.99
модульность	noun	модульность	модульности	модульности	модульность	модульностью	curated	curated	0.99
молектроника	noun	молектроника	молектроники	молектронике	молектронику	молектроникой	curated	curated	0.99
молекула	noun	молекула	молекулы	молекуле	молекулу	молекулой	curated	curated	0.99
молния	noun	молния	молнии	молнии	молнию	молнией	curated	curated	0.99
молчание	noun	молчание	молчания	молчании	молчание	молчанием	curated	curated	0.97
молярность	noun	молярность	молярности	молярности	молярность	молярностью	curated	curated	0.99
момент	noun	момент	момента	моменте	момент	моментом	curated	curated	0.99
монах	noun	монах	монаха	монахе	монаха	монахом	curated	curated	0.99
монета	noun	монета	монеты	монете	монету	монетой	curated	curated	0.99
мониторинг	noun	мониторинг	мониторинга	мониторинге	мониторинг	мониторингом	curated	curated	0.99
монолог	noun	монолог	монолога	монологе	монолог	монологом	curated	curated	0.99
монохроматичность	noun	монохроматичность	монохроматичности	монохроматичности	монохроматичность	монохроматичностью	curated	curated	0.99
монохромность	noun	монохромность	монохромности	монохромности	монохромность	монохромностью	curated	curated	0.99
моноэнергетичность	noun	моноэнергетичность	моноэнергетичности	моноэнергетичности	моноэнергетичность	моноэнергетичностью	curated	curated	0.99
мораль	noun	мораль	морали	морали	мораль	моралью	curated	curated	0.99
мороз	noun	мороз	мороза	морозе	мороз	морозом	curated	curated	0.99
морозность	noun	морозность	морозности	морозности	морозность	морозностью	curated	curated	0.99
морось	noun	морось	мороси	мороси	морось	моросью	curated	curated	0.99
мостик	noun	мостик	мостика	мостике	мостик	мостиком	curated	curated	0.99
мотоцикл	noun	мотоцикл	мотоцикла	мотоцикле	мотоцикл	мотоциклом	curated	curated	0.99
мотылек	noun	мотылек	мотылька	мотыльке	мотылек	мотыльком	curated	curated	0.99
мощность	noun	мощность	мощности	мощности	мощность	мощностью	curated	curated	0.99
мощь	noun	мощь	мощи	мощи	мощь	мощью	curated	curated	0.99
мрамор	noun	мрамор	мрамора	мраморе	мрамор	мрамором	curated	curated	0.99
мраморность	noun	мраморность	мраморности	мраморности	мраморность	мраморностью	curated	curated	0.99
мудрец	noun	мудрец	мудреца	мудреце	мудреца	мудрецом	curated	curated	0.99
мужеподобность	noun	мужеподобность	мужеподобности	мужеподобности	мужеподобность	мужеподобностью	curated	curated	0.99
музей	noun	музей	музея	музее	музей	музеем	curated	curated	0.99
мука	noun	мука	муки	муке	муку	мукой	curated	curated	0.99
мультиколлинеарность	noun	мультиколлинеарность	мультиколлинеарности	мультиколлинеарности	мультиколлинеарность	мультиколлинеарностью	curated	curated	0.99
мультиплетность	noun	мультиплетность	мультиплетности	мультиплетности	мультиплетность	мультиплетностью	curated	curated	0.99
мультиустойчивость	noun	мультиустойчивость	мультиустойчивости	мультиустойчивости	мультиустойчивость	мультиустойчивостью	curated	curated	0.99
мундир	noun	мундир	мундира	мундире	мундира	мундиром	curated	curated	0.99
муравей	noun	муравей	муравья	муравье	муравья	муравьем	curated	curated	0.99
мутагенность	noun	мутагенность	мутагенности	мутагенности	мутагенность	мутагенностью	curated	curated	0.99
мутантность	noun	мутантность	мутантности	мутантности	мутантность	мутантностью	curated	curated	0.99
мыслить	verb	мыслить	мыслить	мыслить	мыслить	мыслить	curated	curated	0.95
мышь	noun	мышь	мыши	мыши	мышь	мышью	curated	curated	0.99
мэр	noun	мэр	мэра	мэре	мэра	мэром	curated	curated	0.99
мяч	noun	мяч	мяча	мяче	мяч	мячом	curated	curated	0.99
наблюдаемость	noun	наблюдаемость	наблюдаемости	наблюдаемости	наблюдаемость	наблюдаемостью	curated	curated	0.99
наваждение	noun	наваждение	наваждения	наваждении	наваждение	наваждением	curated	curated	0.99
навес	noun	навес	навеса	навесе	навес	навесом	curated	curated	0.99
награда	noun	награда	награды	награде	награду	наградой	curated	curated	0.99
нагрузка	noun	нагрузка	нагрузки	нагрузке	нагрузку	нагрузкой	curated	curated	0.99
надежда	noun	надежда	надежды	надежде	надежду	надеждой	curated	curated	0.98
надежность	noun	надежность	надежности	надежности	надежность	надежностью	curated	curated	0.98
назначаемость	noun	назначаемость	назначаемости	назначаемости	назначаемость	назначаемостью	curated	curated	0.99
назначение	noun	назначение	назначения	назначении	назначение	назначением	curated	curated	0.98
наигранность	noun	наигранность	наигранности	наигранности	наигранность	наигранностью	curated	curated	0.99
намерение	noun	намерение	намерения	намерении	намерение	намерением	curated	curated	0.99
наметанность	noun	наметанность	наметанности	наметанности	наметанность	наметанностью	curated	curated	0.99
наноэлектроника	noun	наноэлектроника	наноэлектроники	наноэлектронике	наноэлектронику	наноэлектроникой	curated	curated	0.99
нападение	noun	нападение	нападения	нападении	нападение	нападением	curated	curated	0.99
наполняемость	noun	наполняемость	наполняемости	наполняемости	наполняемость	наполняемостью	curated	curated	0.99
направление	noun	направление	направления	направлении	направление	направлением	curated	curated	0.99
напрасность	noun	напрасность	напрасности	напрасности	напрасность	напрасностью	curated	curated	0.99
напряжение	noun	напряжение	напряжения	напряжении	напряжение	напряжением	curated	curated	0.99
народ	noun	народ	народа	народе	народ	народом	curated	curated	0.99
наряд	noun	наряд	наряда	наряде	наряд	нарядом	curated	curated	0.99
настоящее	noun	настоящее	настоящего	настоящем	настоящее	настоящим	curated	curated	0.99
настраиваемость	noun	настраиваемость	настраиваемости	настраиваемости	настраиваемость	настраиваемостью	curated	curated	0.99
насыщенность	noun	насыщенность	насыщенности	насыщенности	насыщенность	насыщенностью	curated	curated	0.99
натужность	noun	натужность	натужности	натужности	натужность	натужностью	curated	curated	0.99
натура	noun	натура	натуры	натуре	натуру	натурой	curated	curated	0.99
нация	noun	нация	нации	нации	нацию	нацией	curated	curated	0.99
начало	noun	начало	начала	начале	начало	началом	curated	curated	0.99
наэлектризованность	noun	наэлектризованность	наэлектризованности	наэлектризованности	наэлектризованность	наэлектризованностью	curated	curated	0.99
неадекватность	noun	неадекватность	неадекватности	неадекватности	неадекватность	неадекватностью	curated	curated	0.99
небезопасность	noun	небезопасность	небезопасности	небезопасности	небезопасность	небезопасностью	curated	curated	0.99
небеспристрастность	noun	небеспристрастность	небеспристрастности	небеспристрастности	небеспристрастность	небеспристрастностью	curated	curated	0.99
неважность	noun	неважность	неважности	неважности	неважность	неважностью	curated	curated	0.99
невескость	noun	невескость	невескости	невескости	невескость	невескостью	curated	curated	0.99
невеста	noun	невеста	невесты	невесте	невесту	невестой	curated	curated	0.99
невещественность	noun	невещественность	невещественности	невещественности	невещественность	невещественностью	curated	curated	0.99
невзаимозаместимость	noun	невзаимозаместимость	невзаимозаместимости	невзаимозаместимости	невзаимозаместимость	невзаимозаместимостью	curated	curated	0.99
невидимость	noun	невидимость	невидимости	невидимости	невидимость	невидимостью	curated	curated	0.99
невирулентность	noun	невирулентность	невирулентности	невирулентности	невирулентность	невирулентностью	curated	curated	0.99
невозвратимость	noun	невозвратимость	невозвратимости	невозвратимости	невозвратимость	невозвратимостью	curated	curated	0.99
невозделанность	noun	невозделанность	невозделанности	невозделанности	невозделанность	невозделанностью	curated	curated	0.99
невостребованность	noun	невостребованность	невостребованности	невостребованности	невостребованность	невостребованностью	curated	curated	0.99
невпечатлительность	noun	невпечатлительность	невпечатлительности	невпечатлительности	невпечатлительность	невпечатлительностью	curated	curated	0.99
негерметичность	noun	негерметичность	негерметичности	негерметичности	негерметичность	негерметичностью	curated	curated	0.99
неготовность	noun	неготовность	неготовности	неготовности	неготовность	неготовностью	curated	curated	0.99
недвижность	noun	недвижность	недвижности	недвижности	недвижность	недвижностью	curated	curated	0.99
недевственность	noun	недевственность	недевственности	недевственности	недевственность	недевственностью	curated	curated	0.99
недейственность	noun	недейственность	недейственности	недейственности	недейственность	недейственностью	curated	curated	0.99
неделя	noun	неделя	недели	неделе	неделю	неделей	curated	curated	0.99
недоказанность	noun	недоказанность	недоказанности	недоказанности	недоказанность	недоказанностью	curated	curated	0.99
недооцененность	noun	недооцененность	недооцененности	недооцененности	недооцененность	недооцененностью	curated	curated	0.99
недра	noun	недра	недр	недрах	недру	недрами	curated	curated	0.99
незагруженность	noun	незагруженность	незагруженности	незагруженности	незагруженность	незагруженностью	curated	curated	0.99
незаконнорожденность	noun	незаконнорожденность	незаконнорожденности	незаконнорожденности	незаконнорожденность	незаконнорожденностью	curated	curated	0.99
незакрепленность	noun	незакрепленность	незакрепленности	незакрепленности	незакрепленность	незакрепленностью	curated	curated	0.99
незамедлительность	noun	незамедлительность	незамедлительности	незамедлительности	незамедлительность	незамедлительностью	curated	curated	0.99
незаметность	noun	незаметность	незаметности	незаметности	незаметность	незаметностью	curated	curated	0.99
незанятость	noun	незанятость	незанятости	незанятости	незанятость	незанятостью	curated	curated	0.99
незаполненность	noun	незаполненность	незаполненности	незаполненности	незаполненность	незаполненностью	curated	curated	0.99
незараженность	noun	незараженность	незараженности	незараженности	незараженность	незараженностью	curated	curated	0.99
незащищенность	noun	незащищенность	незащищенности	незащищенности	незащищенность	незащищенностью	curated	curated	0.99
незлопамятность	noun	незлопамятность	незлопамятности	незлопамятности	незлопамятность	незлопамятностью	curated	curated	0.99
неизвестность	noun	неизвестность	неизвестности	неизвестности	неизвестность	неизвестностью	curated	curated	0.99
неизъяснимость	noun	неизъяснимость	неизъяснимости	неизъяснимости	неизъяснимость	неизъяснимостью	curated	curated	0.99
неизящность	noun	неизящность	неизящности	неизящности	неизящность	неизящностью	curated	curated	0.99
неинтересность	noun	неинтересность	неинтересности	неинтересности	неинтересность	неинтересностью	curated	curated	0.99
неискусность	noun	неискусность	неискусности	неискусности	неискусность	неискусностью	curated	curated	0.99
нейробионика	noun	нейробионика	нейробионики	нейробионике	нейробионику	нейробионикой	curated	curated	0.99
нейроинформатика	noun	нейроинформатика	нейроинформатики	нейроинформатике	нейроинформатику	нейроинформатикой	curated	curated	0.99
нейролингвистика	noun	нейролингвистика	нейролингвистики	нейролингвистике	нейролингвистику	нейролингвистикой	curated	curated	0.99
нейтралитет	noun	нейтралитет	нейтралитета	нейтралитете	нейтралитет	нейтралитетом	curated	curated	0.99
нейтроника	noun	нейтроника	нейтроники	нейтронике	нейтронику	нейтроникой	curated	curated	0.99
некогерентность	noun	некогерентность	некогерентности	некогерентности	некогерентность	некогерентностью	curated	curated	0.99
неконвертируемость	noun	неконвертируемость	неконвертируемости	неконвертируемости	неконвертируемость	неконвертируемостью	curated	curated	0.99
неконституционность	noun	неконституционность	неконституционности	неконституционности	неконституционность	неконституционностью	curated	curated	0.99
неконформность	noun	неконформность	неконформности	неконформности	неконформность	неконформностью	curated	curated	0.99
некоррелированность	noun	некоррелированность	некоррелированности	некоррелированности	некоррелированность	некоррелированностью	curated	curated	0.99
некотируемость	noun	некотируемость	некотируемости	некотируемости	некотируемость	некотируемостью	curated	curated	0.99
некристалличность	noun	некристалличность	некристалличности	некристалличности	некристалличность	некристалличностью	curated	curated	0.99
нелегитимность	noun	нелегитимность	нелегитимности	нелегитимности	нелегитимность	нелегитимностью	curated	curated	0.99
нелинейность	noun	нелинейность	нелинейности	нелинейности	нелинейность	нелинейностью	curated	curated	0.99
нелицеприятность	noun	нелицеприятность	нелицеприятности	нелицеприятности	нелицеприятность	нелицеприятностью	curated	curated	0.99
нелюбезность	noun	нелюбезность	нелюбезности	нелюбезности	нелюбезность	нелюбезностью	curated	curated	0.99
нематериальность	noun	нематериальность	нематериальности	нематериальности	нематериальность	нематериальностью	curated	curated	0.99
немец	noun	немец	немца	немце	немца	немцем	curated	curated	0.99
немногочисленность	noun	немногочисленность	немногочисленности	немногочисленности	немногочисленность	немногочисленностью	curated	curated	0.99
немудреность	noun	немудреность	немудрености	немудрености	немудреность	немудреностью	curated	curated	0.99
ненаполненность	noun	ненаполненность	ненаполненности	ненаполненности	ненаполненность	ненаполненностью	curated	curated	0.99
ненасыщенность	noun	ненасыщенность	ненасыщенности	ненасыщенности	ненасыщенность	ненасыщенностью	curated	curated	0.99
необработанность	noun	необработанность	необработанности	необработанности	необработанность	необработанностью	curated	curated	0.99
необходимость	noun	необходимость	необходимости	необходимости	необходимость	необходимостью	curated-p0-modality	curated	0.98
необъяснимость	noun	необъяснимость	необъяснимости	необъяснимости	необъяснимость	необъяснимостью	curated	curated	0.99
неопасность	noun	неопасность	неопасности	неопасности	неопасность	неопасностью	curated	curated	0.99
неоправданность	noun	неоправданность	неоправданности	неоправданности	неоправданность	неоправданностью	curated	curated	0.99
неопределенность	noun	неопределенность	неопределенности	неопределенности	неопределенность	неопределенностью	curated	curated	0.99
неортодоксальность	noun	неортодоксальность	неортодоксальности	неортодоксальности	неортодоксальность	неортодоксальностью	curated	curated	0.99
неосвоенность	noun	неосвоенность	неосвоенности	неосвоенности	неосвоенность	неосвоенностью	curated	curated	0.99
неосязаемость	noun	неосязаемость	неосязаемости	неосязаемости	неосязаемость	неосязаемостью	curated	curated	0.99
неответственность	noun	неответственность	неответственности	неответственности	неответственность	неответственностью	curated	curated	0.99
неотделанность	noun	неотделанность	неотделанности	неотделанности	неотделанность	неотделанностью	curated	curated	0.99
неотзывчивость	noun	неотзывчивость	неотзывчивости	неотзывчивости	неотзывчивость	неотзывчивостью	curated	curated	0.99
неоткровенность	noun	неоткровенность	неоткровенности	неоткровенности	неоткровенность	неоткровенностью	curated	curated	0.99
неотносимость	noun	неотносимость	неотносимости	неотносимости	неотносимость	неотносимостью	curated	curated	0.99
неотработанность	noun	неотработанность	неотработанности	неотработанности	неотработанность	неотработанностью	curated	curated	0.99
неотрегулированность	noun	неотрегулированность	неотрегулированности	неотрегулированности	неотрегулированность	неотрегулированностью	curated	curated	0.99
неотчуждаемость	noun	неотчуждаемость	неотчуждаемости	неотчуждаемости	неотчуждаемость	неотчуждаемостью	curated	curated	0.99
неоформленность	noun	неоформленность	неоформленности	неоформленности	неоформленность	неоформленностью	curated	curated	0.99
неочевидность	noun	неочевидность	неочевидности	неочевидности	неочевидность	неочевидностью	curated	curated	0.99
неощутимость	noun	неощутимость	неощутимости	неощутимости	неощутимость	неощутимостью	curated	curated	0.99
непарность	noun	непарность	непарности	непарности	непарность	непарностью	curated	curated	0.99
непатентоспособность	noun	непатентоспособность	непатентоспособности	непатентоспособности	непатентоспособность	непатентоспособностью	curated	curated	0.99
непередаваемость	noun	непередаваемость	непередаваемости	непередаваемости	непередаваемость	непередаваемостью	curated	curated	0.99
непереносимость	noun	непереносимость	непереносимости	непереносимости	непереносимость	непереносимостью	curated	curated	0.99
непериодичность	noun	непериодичность	непериодичности	непериодичности	непериодичность	непериодичностью	curated	curated	0.99
неплавкость	noun	неплавкость	неплавкости	неплавкости	неплавкость	неплавкостью	curated	curated	0.99
неплодородность	noun	неплодородность	неплодородности	неплодородности	неплодородность	неплодородностью	curated	curated	0.99
неповрежденность	noun	неповрежденность	неповрежденности	неповрежденности	неповрежденность	неповрежденностью	curated	curated	0.99
неподотчетность	noun	неподотчетность	неподотчетности	неподотчетности	неподотчетность	неподотчетностью	curated	curated	0.99
неподтвержденность	noun	неподтвержденность	неподтвержденности	неподтвержденности	неподтвержденность	неподтвержденностью	curated	curated	0.99
неподчиненность	noun	неподчиненность	неподчиненности	неподчиненности	неподчиненность	неподчиненностью	curated	curated	0.99
неполезность	noun	неполезность	неполезности	неполезности	неполезность	неполезностью	curated	curated	0.99
неполнота	noun	неполнота	неполноты	неполноте	неполноту	неполнотой	curated	curated	0.99
неполововзрослость	noun	неполововзрослость	неполововзрослости	неполововзрослости	неполововзрослость	неполововзрослостью	curated	curated	0.99
непопулярность	noun	непопулярность	непопулярности	непопулярности	непопулярность	непопулярностью	curated	curated	0.99
непостижимость	noun	непостижимость	непостижимости	непостижимости	непостижимость	непостижимостью	curated	curated	0.99
неправильность	noun	неправильность	неправильности	неправильности	неправильность	неправильностью	curated	curated	0.99
непредвзятость	noun	непредвзятость	непредвзятости	непредвзятости	непредвзятость	непредвзятостью	curated	curated	0.99
непредсказуемость	noun	непредсказуемость	непредсказуемости	непредсказуемости	непредсказуемость	непредсказуемостью	curated	curated	0.99
непредубежденность	noun	непредубежденность	непредубежденности	непредубежденности	непредубежденность	непредубежденностью	curated	curated	0.99
непременность	noun	непременность	непременности	непременности	непременность	непременностью	curated	curated	0.99
непрерывность	noun	непрерывность	непрерывности	непрерывности	непрерывность	непрерывностью	curated	curated	0.99
непрестижность	noun	непрестижность	непрестижности	непрестижности	непрестижность	непрестижностью	curated	curated	0.99
неприводимость	noun	неприводимость	неприводимости	неприводимости	неприводимость	неприводимостью	curated	curated	0.99
неприкасаемость	noun	неприкасаемость	неприкасаемости	неприкасаемости	неприкасаемость	неприкасаемостью	curated	curated	0.99
неприкрытость	noun	неприкрытость	неприкрытости	неприкрытости	неприкрытость	неприкрытостью	curated	curated	0.99
непринадлежность	noun	непринадлежность	непринадлежности	непринадлежности	непринадлежность	непринадлежностью	curated	curated	0.99
непроглядность	noun	непроглядность	непроглядности	непроглядности	непроглядность	непроглядностью	curated	curated	0.99
непродуманность	noun	непродуманность	непродуманности	непродуманности	непродуманность	непродуманностью	curated	curated	0.99
непрозрачность	noun	непрозрачность	непрозрачности	непрозрачности	непрозрачность	непрозрачностью	curated	curated	0.99
непротиворечивость	noun	непротиворечивость	непротиворечивости	непротиворечивости	непротиворечивость	непротиворечивостью	curated-p0-epistemic	curated	0.96
неразделенность	noun	неразделенность	неразделенности	неразделенности	неразделенность	неразделенностью	curated	curated	0.99
неразличимость	noun	неразличимость	неразличимости	неразличимости	неразличимость	неразличимостью	curated	curated	0.99
неразменность	noun	неразменность	неразменности	неразменности	неразменность	неразменностью	curated	curated	0.99
неразработанность	noun	неразработанность	неразработанности	неразработанности	неразработанность	неразработанностью	curated	curated	0.99
неразрешенность	noun	неразрешенность	неразрешенности	неразрешенности	неразрешенность	неразрешенностью	curated	curated	0.99
неразрушаемость	noun	неразрушаемость	неразрушаемости	неразрушаемости	неразрушаемость	неразрушаемостью	curated	curated	0.99
неразрушимость	noun	неразрушимость	неразрушимости	неразрушимости	неразрушимость	неразрушимостью	curated	curated	0.99
нераскаянность	noun	нераскаянность	нераскаянности	нераскаянности	нераскаянность	нераскаянностью	curated	curated	0.99
нерезкость	noun	нерезкость	нерезкости	нерезкости	нерезкость	нерезкостью	curated	curated	0.99
нерешенность	noun	нерешенность	нерешенности	нерешенности	нерешенность	нерешенностью	curated	curated	0.99
неритмичность	noun	неритмичность	неритмичности	неритмичности	неритмичность	неритмичностью	curated	curated	0.99
несбалансированность	noun	несбалансированность	несбалансированности	несбалансированности	несбалансированность	несбалансированностью	curated	curated	0.99
несводимость	noun	несводимость	несводимости	несводимости	несводимость	несводимостью	curated	curated	0.99
несвойственность	noun	несвойственность	несвойственности	несвойственности	несвойственность	несвойственностью	curated	curated	0.99
несвязанность	noun	несвязанность	несвязанности	несвязанности	несвязанность	несвязанностью	curated	curated	0.99
несжимаемость	noun	несжимаемость	несжимаемости	несжимаемости	несжимаемость	несжимаемостью	curated	curated	0.99
несклонность	noun	несклонность	несклонности	несклонности	несклонность	несклонностью	curated	curated	0.99
нескончаемость	noun	нескончаемость	нескончаемости	нескончаемости	нескончаемость	нескончаемостью	curated	curated	0.99
неслитность	noun	неслитность	неслитности	неслитности	неслитность	неслитностью	curated	curated	0.99
неслучайность	noun	неслучайность	неслучайности	неслучайности	неслучайность	неслучайностью	curated	curated	0.99
неслышимость	noun	неслышимость	неслышимости	неслышимости	неслышимость	неслышимостью	curated	curated	0.99
несметность	noun	несметность	несметности	несметности	несметность	несметностью	curated	curated	0.99
несминаемость	noun	несминаемость	несминаемости	несминаемости	несминаемость	несминаемостью	curated	curated	0.99
несовершенность	noun	несовершенность	несовершенности	несовершенности	несовершенность	несовершенностью	curated	curated	0.99
несовместимость	noun	несовместимость	несовместимости	несовместимости	несовместимость	несовместимостью	curated-p0-logic	curated	0.96
несовременность	noun	несовременность	несовременности	несовременности	несовременность	несовременностью	curated	curated	0.99
несогласие	noun	несогласие	несогласия	несогласии	несогласие	несогласием	curated	curated	0.99
несократимость	noun	несократимость	несократимости	несократимости	несократимость	несократимостью	curated	curated	0.99
несоосность	noun	несоосность	несоосности	несоосности	несоосность	несоосностью	curated	curated	0.99
несочетаемость	noun	несочетаемость	несочетаемости	несочетаемости	несочетаемость	несочетаемостью	curated	curated	0.99
неспешность	noun	неспешность	неспешности	неспешности	неспешность	неспешностью	curated	curated	0.99
неспокойность	noun	неспокойность	неспокойности	неспокойности	неспокойность	неспокойностью	curated	curated	0.99
нестабильность	noun	нестабильность	нестабильности	нестабильности	нестабильность	нестабильностью	curated	curated	0.99
нестерильность	noun	нестерильность	нестерильности	нестерильности	нестерильность	нестерильностью	curated	curated	0.99
нестерпимость	noun	нестерпимость	нестерпимости	нестерпимости	нестерпимость	нестерпимостью	curated	curated	0.99
несущественность	noun	несущественность	несущественности	несущественности	несущественность	несущественностью	curated	curated	0.99
несформированность	noun	несформированность	несформированности	несформированности	несформированность	несформированностью	curated	curated	0.99
несходимость	noun	несходимость	несходимости	несходимости	несходимость	несходимостью	curated	curated	0.99
несчетность	noun	несчетность	несчетности	несчетности	несчетность	несчетностью	curated	curated	0.99
неталантливость	noun	неталантливость	неталантливости	неталантливости	неталантливость	неталантливостью	curated	curated	0.99
нетронутость	noun	нетронутость	нетронутости	нетронутости	нетронутость	нетронутостью	curated	curated	0.99
нетрудность	noun	нетрудность	нетрудности	нетрудности	нетрудность	нетрудностью	curated	curated	0.99
неузаконенность	noun	неузаконенность	неузаконенности	неузаконенности	неузаконенность	неузаконенностью	curated	curated	0.99
неукомплектованность	noun	неукомплектованность	неукомплектованности	неукомплектованности	неукомплектованность	неукомплектованностью	curated	curated	0.99
неумышленность	noun	неумышленность	неумышленности	неумышленности	неумышленность	неумышленностью	curated	curated	0.99
неуправляемость	noun	неуправляемость	неуправляемости	неуправляемости	неуправляемость	неуправляемостью	curated	curated	0.99
неупругость	noun	неупругость	неупругости	неупругости	неупругость	неупругостью	curated	curated	0.99
неурегулированность	noun	неурегулированность	неурегулированности	неурегулированности	неурегулированность	неурегулированностью	curated	curated	0.99
неустойчивость	noun	неустойчивость	неустойчивости	неустойчивости	неустойчивость	неустойчивостью	curated	curated	0.99
неформальность	noun	неформальность	неформальности	неформальности	неформальность	неформальностью	curated	curated	0.99
нефтегазоносность	noun	нефтегазоносность	нефтегазоносности	нефтегазоносности	нефтегазоносность	нефтегазоносностью	curated	curated	0.99
нефтегеофизика	noun	нефтегеофизика	нефтегеофизики	нефтегеофизике	нефтегеофизику	нефтегеофизикой	curated	curated	0.99
нефть	noun	нефть	нефти	нефти	нефть	нефтью	curated	curated	0.99
нецеломудренность	noun	нецеломудренность	нецеломудренности	нецеломудренности	нецеломудренность	нецеломудренностью	curated	curated	0.99
нецентрированность	noun	нецентрированность	нецентрированности	нецентрированности	нецентрированность	нецентрированностью	curated	curated	0.99
нецивилизованность	noun	нецивилизованность	нецивилизованности	нецивилизованности	нецивилизованность	нецивилизованностью	curated	curated	0.99
нешаблонность	noun	нешаблонность	нешаблонности	нешаблонности	нешаблонность	нешаблонностью	curated	curated	0.99
нешуточность	noun	нешуточность	нешуточности	нешуточности	нешуточность	нешуточностью	curated	curated	0.99
неэкономность	noun	неэкономность	неэкономности	неэкономности	неэкономность	неэкономностью	curated	curated	0.99
неэластичность	noun	неэластичность	неэластичности	неэластичности	неэластичность	неэластичностью	curated	curated	0.99
неэффективность	noun	неэффективность	неэффективности	неэффективности	неэффективность	неэффективностью	curated	curated	0.99
неяркость	noun	неяркость	неяркости	неяркости	неяркость	неяркостью	curated	curated	0.99
нива	noun	нива	нивы	ниве	ниву	нивой	curated	curated	0.99
низ	noun	низ	низа	низе	низ	низом	curated	curated	0.99
ничейность	noun	ничейность	ничейности	ничейности	ничейность	ничейностью	curated	curated	0.99
ничто	noun	ничто	ничего	ничем	ничто	ничтом	curated	curated	0.97
новость	noun	новость	новости	новости	новость	новостью	curated	curated	0.99
нож	noun	нож	ножа	ноже	нож	ножом	curated	curated	0.99
ножка	noun	ножка	ножки	ножке	ножку	ножкой	curated	curated	0.99
ножницы	noun	ножницы	ножниц	ножницах	ножницы	ножницами	curated	curated	0.99
норма	noun	норма	нормы	норме	норму	нормой	curated	curated	0.99
нормализация	noun	нормализация	нормализации	нормализации	нормализацию	нормализацией	curated	curated	0.99
нормативность	noun	нормативность	нормативности	нормативности	нормативность	нормативностью	curated	curated	0.99
нос	noun	нос	носа	носе	нос	носом	curated	curated	0.99
носок	noun	носок	носка	носке	носок	носком	curated	curated	0.99
ночлег	noun	ночлег	ночлега	ночлеге	ночлег	ночлегом	curated	curated	0.99
ночь	noun	ночь	ночи	ночи	ночь	ночью	curated	curated	0.99
ноябрь	noun	ноябрь	ноября	ноябре	ноябрь	ноябрем	curated	curated	0.99
нрав	noun	нрав	нрава	нраве	нрав	нравом	curated	curated	0.99
нужность	noun	нужность	нужности	нужности	нужность	нужностью	curated	curated	0.99
нуклеоника	noun	нуклеоника	нуклеоники	нуклеонике	нуклеонику	нуклеоникой	curated	curated	0.99
обалделость	noun	обалделость	обалделости	обалделости	обалделость	обалделостью	curated	curated	0.99
обветренность	noun	обветренность	обветренности	обветренности	обветренность	обветренностью	curated	curated	0.99
обводненность	noun	обводненность	обводненности	обводненности	обводненность	обводненностью	curated	curated	0.99
обед	noun	обед	обеда	обеде	обед	обедом	curated	curated	0.99
обезличенность	noun	обезличенность	обезличенности	обезличенности	обезличенность	обезличенностью	curated	curated	0.99
обескураженность	noun	обескураженность	обескураженности	обескураженности	обескураженность	обескураженностью	curated	curated	0.99
обеспокоенность	noun	обеспокоенность	обеспокоенности	обеспокоенности	обеспокоенность	обеспокоенностью	curated	curated	0.99
обещание	noun	обещание	обещания	обещании	обещание	обещанием	curated	curated	0.99
обида	noun	обида	обиды	обиде	обиду	обидой	curated	curated	0.97
облагаемость	noun	облагаемость	облагаемости	облагаемости	облагаемость	облагаемостью	curated	curated	0.99
облако	noun	облако	облака	облаке	облако	облаком	curated	curated	0.99
область	noun	область	области	области	область	областью	curated	curated	0.99
облик	noun	облик	облика	облике	облик	обликом	curated	curated	0.99
облученность	noun	облученность	облученности	облученности	облученность	облученностью	curated	curated	0.99
обман	noun	обман	обмана	обмане	обман	обманом	curated	curated	0.99
обобщение	noun	обобщение	обобщения	обобщении	обобщение	обобщением	curated	curated	0.99
оболочка	noun	оболочка	оболочки	оболочке	оболочку	оболочкой	curated	curated	0.99
оборванность	noun	оборванность	оборванности	оборванности	оборванность	оборванностью	curated	curated	0.99
обороноустойчивость	noun	обороноустойчивость	обороноустойчивости	обороноустойчивости	обороноустойчивость	обороноустойчивостью	curated	curated	0.99
оборотоспособность	noun	оборотоспособность	оборотоспособности	оборотоспособности	оборотоспособность	оборотоспособностью	curated	curated	0.99
обоснование	noun	обоснование	обоснования	обосновании	обоснование	обоснованием	curated-p0-logic	curated	0.98
обоснованность	noun	обоснованность	обоснованности	обоснованности	обоснованность	обоснованностью	curated	curated	0.99
обработка	noun	обработка	обработки	обработке	обработку	обработкой	curated	curated	0.99
обработчик	noun	обработчик	обработчика	обработчике	обработчика	обработчиком	curated	curated	0.99
образец	noun	образец	образца	образце	образец	образцом	curated	curated	0.99
обратимость	noun	обратимость	обратимости	обратимости	обратимость	обратимостью	curated	curated	0.99
обращенность	noun	обращенность	обращенности	обращенности	обращенность	обращенностью	curated	curated	0.99
обрядовость	noun	обрядовость	обрядовости	обрядовости	обрядовость	обрядовостью	curated	curated	0.99
обслуживаемость	noun	обслуживаемость	обслуживаемости	обслуживаемости	обслуживаемость	обслуживаемостью	curated	curated	0.99
обслуживание	noun	обслуживание	обслуживания	обслуживании	обслуживание	обслуживанием	curated	curated	0.99
обструкционность	noun	обструкционность	обструкционности	обструкционности	обструкционность	обструкционностью	curated	curated	0.99
обсуждение	noun	обсуждение	обсуждения	обсуждении	обсуждение	обсуждением	curated	curated	0.99
обувь	noun	обувь	обуви	обуви	обувь	обувью	curated	curated	0.99
обусловленность	noun	обусловленность	обусловленности	обусловленности	обусловленность	обусловленностью	curated	curated	0.99
обучаемость	noun	обучаемость	обучаемости	обучаемости	обучаемость	обучаемостью	curated	curated	0.99
общезначимость	noun	общезначимость	общезначимости	общезначимости	общезначимость	общезначимостью	curated	curated	0.99
общепринятость	noun	общепринятость	общепринятости	общепринятости	общепринятость	общепринятостью	curated	curated	0.99
общинность	noun	общинность	общинности	общинности	общинность	общинностью	curated	curated	0.99
объединение	noun	объединение	объединения	объединении	объединение	объединением	curated	curated	0.99
объективируемость	noun	объективируемость	объективируемости	объективируемости	объективируемость	объективируемостью	curated	curated	0.99
объяснение	noun	объяснение	объяснения	объяснении	объяснение	объяснением	curated-p0-logic	curated	0.98
объяснимость	noun	объяснимость	объяснимости	объяснимости	объяснимость	объяснимостью	curated	curated	0.99
объем	noun	объем	объема	объеме	объем	объемом	curated	curated	0.99
обязанность	noun	обязанность	обязанности	обязанности	обязанность	обязанностью	curated-p0-agency	curated	0.98
обязательство	noun	обязательство	обязательства	обязательстве	обязательство	обязательством	curated-p0-agency	curated	0.97
овраг	noun	овраг	оврага	овраге	овраг	оврагом	curated	curated	0.99
овца	noun	овца	овцы	овце	овцу	овцой	curated	curated	0.99
огненность	noun	огненность	огненности	огненности	огненность	огненностью	curated	curated	0.99
огород	noun	огород	огорода	огороде	огород	огородом	curated	curated	0.99
ограничение	noun	ограничение	ограничения	ограничении	ограничение	ограничением	curated-p0-agency	curated	0.96
одиночество	noun	одиночество	одиночества	одиночестве	одиночество	одиночеством	curated	curated	0.98
одноатомность	noun	одноатомность	одноатомности	одноатомности	одноатомность	одноатомностью	curated	curated	0.99
однодетность	noun	однодетность	однодетности	однодетности	однодетность	однодетностью	curated	curated	0.99
однозвучность	noun	однозвучность	однозвучности	однозвучности	однозвучность	однозвучностью	curated	curated	0.99
однозначность	noun	однозначность	однозначности	однозначности	однозначность	однозначностью	curated	curated	0.99
одномерность	noun	одномерность	одномерности	одномерности	одномерность	одномерностью	curated	curated	0.99
однохозяйность	noun	однохозяйность	однохозяйности	однохозяйности	однохозяйность	однохозяйностью	curated	curated	0.99
одурелость	noun	одурелость	одурелости	одурелости	одурелость	одурелостью	curated	curated	0.99
озеро	noun	озеро	озера	озере	озеро	озером	curated	curated	0.99
океан	noun	океан	океана	океане	океан	океаном	curated	curated	0.99
окисление	noun	окисление	окисления	окислении	окисление	окислением	curated	curated	0.99
окисляемость	noun	окисляемость	окисляемости	окисляемости	окисляемость	окисляемостью	curated	curated	0.99
окказиональность	noun	окказиональность	окказиональности	окказиональности	окказиональность	окказиональностью	curated	curated	0.99
окно	noun	окно	окна	окне	окно	окном	curated	curated	0.99
околдованность	noun	околдованность	околдованности	околдованности	околдованность	околдованностью	curated	curated	0.99
окольность	noun	окольность	окольности	окольности	окольность	окольностью	curated	curated	0.99
окончательность	noun	окончательность	окончательности	окончательности	окончательность	окончательностью	curated	curated	0.99
окрашенность	noun	окрашенность	окрашенности	окрашенности	окрашенность	окрашенностью	curated	curated	0.99
окристаллизованность	noun	окристаллизованность	окристаллизованности	окристаллизованности	окристаллизованность	окристаллизованностью	curated	curated	0.99
округ	noun	округ	округа	округе	округ	округом	curated	curated	0.99
окружение	noun	окружение	окружения	окружении	окружение	окружением	curated	curated	0.99
окруженность	noun	окруженность	окруженности	окруженности	окруженность	окруженностью	curated	curated	0.99
окупаемость	noun	окупаемость	окупаемости	окупаемости	окупаемость	окупаемостью	curated	curated	0.99
олень	noun	олень	оленя	олене	олень	оленем	curated	curated	0.99
ольфактроника	noun	ольфактроника	ольфактроники	ольфактронике	ольфактронику	ольфактроникой	curated	curated	0.99
омофоничность	noun	омофоничность	омофоничности	омофоничности	омофоничность	омофоничностью	curated	curated	0.99
опека	noun	опека	опеки	опеке	опеку	опекой	curated	curated	0.99
опера	noun	опера	оперы	опере	оперу	оперой	curated	curated	0.99
операбельность	noun	операбельность	операбельности	операбельности	операбельность	операбельностью	curated	curated	0.99
операциональность	noun	операциональность	операциональности	операциональности	операциональность	операциональностью	curated	curated	0.99
операция	noun	операция	операции	операции	операцию	операцией	curated	curated	0.99
опережение	noun	опережение	опережения	опережении	опережение	опережением	curated	curated	0.99
оперенность	noun	оперенность	оперенности	оперенности	оперенность	оперенностью	curated	curated	0.99
опилки	noun	опилки	опилок	опилках	опилки	опилками	curated	curated	0.99
описание	noun	описание	описания	описании	описание	описанием	curated	curated	0.97
опосредствованность	noun	опосредствованность	опосредствованности	опосредствованности	опосредствованность	опосредствованностью	curated	curated	0.99
оппозиция	noun	оппозиция	оппозиции	оппозиции	оппозицию	оппозицией	curated	curated	0.99
оправданность	noun	оправданность	оправданности	оправданности	оправданность	оправданностью	curated	curated	0.99
оправдываемость	noun	оправдываемость	оправдываемости	оправдываемости	оправдываемость	оправдываемостью	curated	curated	0.99
определение	noun	определение	определения	определении	определение	определением	curated	curated	0.98
определимость	noun	определимость	определимости	определимости	определимость	определимостью	curated	curated	0.99
опровергаемость	noun	опровергаемость	опровергаемости	опровергаемости	опровергаемость	опровергаемостью	curated	curated	0.99
опровержение	noun	опровержение	опровержения	опровержении	опровержение	опровержением	curated-p0-logic	curated	0.98
опровержимость	noun	опровержимость	опровержимости	опровержимости	опровержимость	опровержимостью	curated	curated	0.99
опрос	noun	опрос	опроса	опросе	опрос	опросом	curated	curated	0.99
оптимизация	noun	оптимизация	оптимизации	оптимизации	оптимизацию	оптимизацией	curated	curated	0.99
оптимизируемость	noun	оптимизируемость	оптимизируемости	оптимизируемости	оптимизируемость	оптимизируемостью	curated	curated	0.99
оптоакустика	noun	оптоакустика	оптоакустики	оптоакустике	оптоакустику	оптоакустикой	curated	curated	0.99
оптотехника	noun	оптотехника	оптотехники	оптотехнике	оптотехнику	оптотехникой	curated	curated	0.99
оптоэлектроника	noun	оптоэлектроника	оптоэлектроники	оптоэлектронике	оптоэлектронику	оптоэлектроникой	curated	curated	0.99
оранжерея	noun	оранжерея	оранжереи	оранжерее	оранжерею	оранжереей	curated	curated	0.99
орбита	noun	орбита	орбиты	орбите	орбиту	орбитой	curated	curated	0.99
орган	noun	орган	органа	органе	орган	органом	curated	curated	0.99
организатор	noun	организатор	организатора	организаторе	организатора	организатором	curated	curated	0.99
органичность	noun	органичность	органичности	органичности	органичность	органичностью	curated	curated	0.99
оргтехника	noun	оргтехника	оргтехники	оргтехнике	оргтехнику	оргтехникой	curated	curated	0.99
орден	noun	орден	ордена	ордене	орден	орденом	curated	curated	0.99
орел	noun	орел	орла	орле	орел	орлом	curated	curated	0.99
ориентация	noun	ориентация	ориентации	ориентации	ориентацию	ориентацией	curated	curated	0.99
ориентированность	noun	ориентированность	ориентированности	ориентированности	ориентированность	ориентированностью	curated	curated	0.99
оркестрация	noun	оркестрация	оркестрации	оркестрации	оркестрацию	оркестрацией	curated	curated	0.99
ортогональность	noun	ортогональность	ортогональности	ортогональности	ортогональность	ортогональностью	curated	curated	0.99
ортоптика	noun	ортоптика	ортоптики	ортоптике	ортоптику	ортоптикой	curated	curated	0.99
орудие	noun	орудие	орудия	орудии	орудие	орудием	curated	curated	0.99
осадок	noun	осадок	осадка	осадке	осадок	осадком	curated	curated	0.99
осел	noun	осел	осла	осле	осла	ослом	curated	curated	0.99
осень	noun	осень	осени	осени	осень	осенью	curated	curated	0.99
осина	noun	осина	осины	осине	осину	осиной	curated	curated	0.99
осколок	noun	осколок	осколка	осколке	осколок	осколком	curated	curated	0.99
ослабленность	noun	ослабленность	ослабленности	ослабленности	ослабленность	ослабленностью	curated	curated	0.99
осмотр	noun	осмотр	осмотра	осмотре	осмотр	осмотром	curated	curated	0.99
осмысленность	noun	осмысленность	осмысленности	осмысленности	осмысленность	осмысленностью	curated	curated	0.99
основание	noun	основание	основания	основании	основание	основанием	curated	curated	0.98
основность	noun	основность	основности	основности	основность	основностью	curated	curated	0.99
основывать	verb	основывать	основывать	основывать	основывать	основывать	curated	curated	0.95
особенность	noun	особенность	особенности	особенности	особенность	особенностью	curated	curated	0.99
осолоненность	noun	осолоненность	осолоненности	осолоненности	осолоненность	осолоненностью	curated	curated	0.99
остановка	noun	остановка	остановки	остановке	остановку	остановкой	curated	curated	0.99
остеопластика	noun	остеопластика	остеопластики	остеопластике	остеопластику	остеопластикой	curated	curated	0.99
остров	noun	остров	острова	острове	остров	островом	curated	curated	0.99
остроумность	noun	остроумность	остроумности	остроумности	остроумность	остроумностью	curated	curated	0.99
ость	noun	ость	ости	ости	ость	остью	curated	curated	0.99
ось	noun	ось	оси	оси	ось	осью	curated	curated	0.99
осьминог	noun	осьминог	осьминога	осьминоге	осьминога	осьминогом	curated	curated	0.99
отборность	noun	отборность	отборности	отборности	отборность	отборностью	curated	curated	0.99
отвага	noun	отвага	отваги	отваге	отвагу	отвагой	curated	curated	0.99
ответ	noun	ответ	ответа	ответе	ответ	ответом	curated	curated	0.98
ответственность	noun	ответственность	ответственности	ответственности	ответственность	ответственностью	curated	curated	0.99
отдел	noun	отдел	отдела	отделе	отдел	отделом	curated	curated	0.99
отдых	noun	отдых	отдыха	отдыхе	отдых	отдыхом	curated	curated	0.99
отель	noun	отель	отеля	отеле	отель	отелем	curated	curated	0.99
отказ	noun	отказ	отказа	отказе	отказ	отказом	curated	curated	0.99
отказоустойчивость	noun	отказоустойчивость	отказоустойчивости	отказоустойчивости	отказоустойчивость	отказоустойчивостью	curated	curated	0.99
отказоусточивость	noun	отказоусточивость	отказоусточивости	отказоусточивости	отказоусточивость	отказоусточивостью	curated	curated	0.99
откат	noun	откат	отката	откате	откат	откатом	curated	curated	0.99
отклонение	noun	отклонение	отклонения	отклонении	отклонение	отклонением	curated	curated	0.99
откровенность	noun	откровенность	откровенности	откровенности	откровенность	откровенностью	curated	curated	0.99
открытость	noun	открытость	открытости	открытости	открытость	открытостью	curated	curated	0.99
отличие	noun	отличие	отличия	отличии	отличие	отличием	curated	curated	0.99
отличимость	noun	отличимость	отличимости	отличимости	отличимость	отличимостью	curated	curated	0.99
отнесенность	noun	отнесенность	отнесенности	отнесенности	отнесенность	отнесенностью	curated	curated	0.99
относимость	noun	относимость	относимости	относимости	относимость	относимостью	curated	curated	0.99
отношение	noun	отношение	отношения	отношении	отношение	отношением	curated	curated	0.99
отпуск	noun	отпуск	отпуска	отпуске	отпуск	отпуском	curated	curated	0.99
отрава	noun	отрава	отравы	отраве	отраву	отравой	curated	curated	0.99
отрадность	noun	отрадность	отрадности	отрадности	отрадность	отрадностью	curated	curated	0.99
отражение	noun	отражение	отражения	отражении	отражение	отражением	curated	curated	0.97
отрицание	noun	отрицание	отрицания	отрицании	отрицание	отрицанием	curated	curated	0.99
отряд	noun	отряд	отряда	отряде	отряд	отрядом	curated	curated	0.99
отслеживаемость	noun	отслеживаемость	отслеживаемости	отслеживаемости	отслеживаемость	отслеживаемостью	curated	curated	0.99
отстраненность	noun	отстраненность	отстраненности	отстраненности	отстраненность	отстраненностью	curated	curated	0.99
отточенность	noun	отточенность	отточенности	отточенности	отточенность	отточенностью	curated	curated	0.99
отчаяние	noun	отчаяние	отчаяния	отчаянии	отчаяние	отчаянием	curated	curated	0.99
отчужденность	noun	отчужденность	отчужденности	отчужденности	отчужденность	отчужденностью	curated	curated	0.99
отчет	noun	отчет	отчета	отчете	отчет	отчетом	curated	curated	0.99
офис	noun	офис	офиса	офисе	офис	офисом	curated	curated	0.99
охота	noun	охота	охоты	охоте	охоту	охотой	curated	curated	0.99
охрана	noun	охрана	охраны	охране	охрану	охраной	curated	curated	0.99
охраноспособность	noun	охраноспособность	охраноспособности	охраноспособности	охраноспособность	охраноспособностью	curated	curated	0.99
очаг	noun	очаг	очага	очаге	очаг	очагом	curated	curated	0.99
очередь	noun	очередь	очереди	очереди	очередь	очередью	curated	curated	0.99
очумелость	noun	очумелость	очумелости	очумелости	очумелость	очумелостью	curated	curated	0.99
ошалелость	noun	ошалелость	ошалелости	ошалелости	ошалелость	ошалелостью	curated	curated	0.99
ошейник	noun	ошейник	ошейника	ошейнике	ошейника	ошейником	curated	curated	0.99
ошибка	noun	ошибка	ошибки	ошибке	ошибку	ошибкой	curated-p0-epistemic	curated	0.97
ошибкоустойчивость	noun	ошибкоустойчивость	ошибкоустойчивости	ошибкоустойчивости	ошибкоустойчивость	ошибкоустойчивостью	curated	curated	0.99
пайплайн	noun	пайплайн	пайплайна	пайплайне	пайплайн	пайплайном	curated	curated	0.99
палата	noun	палата	палаты	палате	палату	палатой	curated	curated	0.99
палатка	noun	палатка	палатки	палатке	палатку	палаткой	curated	curated	0.99
палеобионика	noun	палеобионика	палеобионики	палеобионике	палеобионику	палеобионикой	curated	curated	0.99
палеогеофизика	noun	палеогеофизика	палеогеофизики	палеогеофизике	палеогеофизику	палеогеофизикой	curated	curated	0.99
палец	noun	палец	пальца	пальце	палец	пальцем	curated	curated	0.99
памятник	noun	памятник	памятника	памятнике	памятник	памятником	curated	curated	0.99
память	noun	память	памяти	памяти	память	памятью	curated	curated	0.98
панель	noun	панель	панели	панели	панель	панелью	curated	curated	0.99
папа	noun	папа	папы	папе	папу	папой	curated	curated	0.99
папаха	noun	папаха	папахи	папахе	папаху	папахой	curated	curated	0.99
парад	noun	парад	парада	параде	парад	парадом	curated	curated	0.99
парадигмальность	noun	парадигмальность	парадигмальности	парадигмальности	парадигмальность	парадигмальностью	curated	curated	0.99
парадокс	noun	парадокс	парадокса	парадоксе	парадокс	парадоксом	curated	curated	0.99
паралингвистика	noun	паралингвистика	паралингвистики	паралингвистике	паралингвистику	паралингвистикой	curated	curated	0.99
параметризация	noun	параметризация	параметризации	параметризации	параметризацию	параметризацией	curated	curated	0.99
парк	noun	парк	парка	парке	парк	парком	curated	curated	0.99
паронепроницаемость	noun	паронепроницаемость	паронепроницаемости	паронепроницаемости	паронепроницаемость	паронепроницаемостью	curated	curated	0.99
парта	noun	парта	парты	парте	парту	партой	curated	curated	0.99
партия	noun	партия	партии	партии	партию	партией	curated	curated	0.99
парус	noun	парус	паруса	парусе	парус	парусом	curated	curated	0.99
пасека	noun	пасека	пасеки	пасеке	пасеку	пасекой	curated	curated	0.99
пассажировместимость	noun	пассажировместимость	пассажировместимости	пассажировместимости	пассажировместимость	пассажировместимостью	curated	curated	0.99
патафизика	noun	патафизика	патафизики	патафизике	патафизику	патафизикой	curated	curated	0.99
патентоспособность	noun	патентоспособность	патентоспособности	патентоспособности	патентоспособность	патентоспособностью	curated	curated	0.99
патогенность	noun	патогенность	патогенности	патогенности	патогенность	патогенностью	curated	curated	0.99
патрилинейность	noun	патрилинейность	патрилинейности	патрилинейности	патрилинейность	патрилинейностью	curated	curated	0.99
пауза	noun	пауза	паузы	паузе	паузу	паузой	curated	curated	0.99
паутина	noun	паутина	паутины	паутине	паутину	паутиной	curated	curated	0.99
пахотопригодность	noun	пахотопригодность	пахотопригодности	пахотопригодности	пахотопригодность	пахотопригодностью	curated	curated	0.99
певец	noun	певец	певца	певце	певца	певцом	curated	curated	0.99
пекарня	noun	пекарня	пекарни	пекарне	пекарню	пекарней	curated	curated	0.99
пенетрантность	noun	пенетрантность	пенетрантности	пенетрантности	пенетрантность	пенетрантностью	curated	curated	0.99
пенсия	noun	пенсия	пенсии	пенсии	пенсию	пенсией	curated	curated	0.99
пепел	noun	пепел	пепла	пепле	пепел	пеплом	curated	curated	0.99
первозданность	noun	первозданность	первозданности	первозданности	первозданность	первозданностью	curated	curated	0.99
перевод	noun	перевод	перевода	переводе	перевод	переводом	curated	curated	0.99
переворот	noun	переворот	переворота	перевороте	переворот	переворотом	curated	curated	0.99
передача	noun	передача	передачи	передаче	передачу	передачей	curated	curated	0.99
переливчатость	noun	переливчатость	переливчатости	переливчатости	переливчатость	переливчатостью	curated	curated	0.99
перелом	noun	перелом	перелома	переломе	перелом	переломом	curated	curated	0.99
перемежаемость	noun	перемежаемость	перемежаемости	перемежаемости	перемежаемость	перемежаемостью	curated	curated	0.99
переменная	noun	переменная	переменной	переменной	переменную	переменной	curated	curated	0.99
переместительность	noun	переместительность	переместительности	переместительности	переместительность	переместительностью	curated	curated	0.99
перемещаемость	noun	перемещаемость	перемещаемости	перемещаемости	перемещаемость	перемещаемостью	curated	curated	0.99
перемещение	noun	перемещение	перемещения	перемещении	перемещение	перемещением	curated	curated	0.99
переналаживаемость	noun	переналаживаемость	переналаживаемости	переналаживаемости	переналаживаемость	переналаживаемостью	curated	curated	0.99
перенормируемость	noun	перенормируемость	перенормируемости	перенормируемости	перенормируемость	перенормируемостью	curated	curated	0.99
перенос	noun	перенос	переноса	переносе	перенос	переносом	curated	curated	0.99
переносимость	noun	переносимость	переносимости	переносимости	переносимость	переносимостью	curated	curated	0.99
переопределяемость	noun	переопределяемость	переопределяемости	переопределяемости	переопределяемость	переопределяемостью	curated	curated	0.99
переправа	noun	переправа	переправы	переправе	переправу	переправой	curated	curated	0.99
перепутанность	noun	перепутанность	перепутанности	перепутанности	перепутанность	перепутанностью	curated	curated	0.99
пересечение	noun	пересечение	пересечения	пересечении	пересечение	пересечением	curated	curated	0.99
перестановочность	noun	перестановочность	перестановочности	перестановочности	перестановочность	перестановочностью	curated	curated	0.99
переход	noun	переход	перехода	переходе	переход	переходом	curated	curated	0.99
период	noun	период	периода	периоде	период	периодом	curated	curated	0.99
перистость	noun	перистость	перистости	перистости	перистость	перистостью	curated	curated	0.99
перо	noun	перо	пера	пере	перо	пером	curated	curated	0.99
персистентность	noun	персистентность	персистентности	персистентности	персистентность	персистентностью	curated	curated	0.99
перспектива	noun	перспектива	перспективы	перспективе	перспективу	перспективой	curated	curated	0.99
песня	noun	песня	песни	песне	песню	песней	curated	curated	0.99
песок	noun	песок	песка	песке	песок	песком	curated	curated	0.99
петля	noun	петля	петли	петле	петлю	петлей	curated	curated	0.99
петух	noun	петух	петуха	петухе	петуха	петухом	curated	curated	0.99
печаль	noun	печаль	печали	печали	печаль	печалью	curated	curated	0.99
печать	noun	печать	печати	печати	печать	печатью	curated	curated	0.99
печка	noun	печка	печки	печке	печку	печкой	curated	curated	0.99
пешка	noun	пешка	пешки	пешке	пешку	пешкой	curated	curated	0.99
пика	noun	пика	пики	пике	пику	пикой	curated	curated	0.99
пила	noun	пила	пилы	пиле	пилу	пилой	curated	curated	0.99
пилообразность	noun	пилообразность	пилообразности	пилообразности	пилообразность	пилообразностью	curated	curated	0.99
пионер	noun	пионер	пионера	пионере	пионера	пионером	curated	curated	0.99
пирог	noun	пирог	пирога	пироге	пирог	пирогом	curated	curated	0.99
пиропроводимость	noun	пиропроводимость	пиропроводимости	пиропроводимости	пиропроводимость	пиропроводимостью	curated	curated	0.99
писатель	noun	писатель	писателя	писателе	писателя	писателем	curated	curated	0.99
письмо	noun	письмо	письма	письме	письмо	письмом	curated	curated	0.99
питание	noun	питание	питания	питании	питание	питанием	curated	curated	0.99
пища	noun	пища	пищи	пище	пищу	пищей	curated	curated	0.99
плавление	noun	плавление	плавления	плавлении	плавление	плавлением	curated	curated	0.99
планета	noun	планета	планеты	планете	планету	планетой	curated	curated	0.99
пластичность	noun	пластичность	пластичности	пластичности	пластичность	пластичностью	curated	curated	0.99
плата	noun	плата	платы	плате	плату	платой	curated	curated	0.99
платежность	noun	платежность	платежности	платежности	платежность	платежностью	curated	curated	0.99
платформа	noun	платформа	платформы	платформе	платформу	платформой	curated	curated	0.99
платье	noun	платье	платья	платье	платье	платьем	curated	curated	0.99
платеж	noun	платеж	платежа	платеже	платеж	платежом	curated	curated	0.99
плита	noun	плита	плиты	плите	плиту	плитой	curated	curated	0.99
плод	noun	плод	плода	плоде	плод	плодом	curated	curated	0.99
плойчатость	noun	плойчатость	плойчатости	плойчатости	плойчатость	плойчатостью	curated	curated	0.99
плоскостность	noun	плоскостность	плоскостности	плоскостности	плоскостность	плоскостностью	curated	curated	0.99
плоскость	noun	плоскость	плоскости	плоскости	плоскость	плоскостью	curated	curated	0.99
плотность	noun	плотность	плотности	плотности	плотность	плотностью	curated	curated	0.99
площадка	noun	площадка	площадки	площадке	площадку	площадкой	curated	curated	0.99
площадь	noun	площадь	площади	площади	площадь	площадью	curated	curated	0.99
пляж	noun	пляж	пляжа	пляже	пляж	пляжем	curated	curated	0.99
пневматичность	noun	пневматичность	пневматичности	пневматичности	пневматичность	пневматичностью	curated	curated	0.99
пневмоавтоматика	noun	пневмоавтоматика	пневмоавтоматики	пневмоавтоматике	пневмоавтоматику	пневмоавтоматикой	curated	curated	0.99
пневмоника	noun	пневмоника	пневмоники	пневмонике	пневмонику	пневмоникой	curated	curated	0.99
победа	noun	победа	победы	победе	победу	победой	curated	curated	0.99
побережье	noun	побережье	побережья	побережье	побережье	побережьем	curated	curated	0.99
побитость	noun	побитость	побитости	побитости	побитость	побитостью	curated	curated	0.99
повар	noun	повар	повара	поваре	повара	поваром	curated	curated	0.99
поведение	noun	поведение	поведения	поведении	поведение	поведением	curated	curated	0.99
поверхность	noun	поверхность	поверхности	поверхности	поверхность	поверхностью	curated	curated	0.99
повод	noun	повод	повода	поводе	повод	поводом	curated	curated	0.99
поворот	noun	поворот	поворота	повороте	поворот	поворотом	curated	curated	0.99
повтор	noun	повтор	повтора	повторе	повтор	повтором	curated	curated	0.99
погашенность	noun	погашенность	погашенности	погашенности	погашенность	погашенностью	curated	curated	0.99
поглощенность	noun	поглощенность	поглощенности	поглощенности	поглощенность	поглощенностью	curated	curated	0.99
погода	noun	погода	погоды	погоде	погоду	погодой	curated	curated	0.99
погодоустойчивость	noun	погодоустойчивость	погодоустойчивости	погодоустойчивости	погодоустойчивость	погодоустойчивостью	curated	curated	0.99
погон	noun	погон	погона	погоне	погон	погоном	curated	curated	0.99
погрешность	noun	погрешность	погрешности	погрешности	погрешность	погрешностью	curated	curated	0.99
погруженность	noun	погруженность	погруженности	погруженности	погруженность	погруженностью	curated	curated	0.99
подвал	noun	подвал	подвала	подвале	подвал	подвалом	curated	curated	0.99
подвиг	noun	подвиг	подвига	подвиге	подвиг	подвигом	curated	curated	0.99
поддержка	noun	поддержка	поддержки	поддержке	поддержку	поддержкой	curated	curated	0.99
подкова	noun	подкова	подковы	подкове	подкову	подковой	curated	curated	0.99
подконтрольность	noun	подконтрольность	подконтрольности	подконтрольности	подконтрольность	подконтрольностью	curated	curated	0.99
подкупность	noun	подкупность	подкупности	подкупности	подкупность	подкупностью	curated	curated	0.99
подлодка	noun	подлодка	подлодки	подлодке	подлодку	подлодкой	curated	curated	0.99
подмножество	noun	подмножество	подмножества	подмножестве	подмножество	подмножеством	curated	curated	0.99
поднадзорность	noun	поднадзорность	поднадзорности	поднадзорности	поднадзорность	поднадзорностью	curated	curated	0.99
поднос	noun	поднос	подноса	подносе	поднос	подносом	curated	curated	0.99
подотчетность	noun	подотчетность	подотчетности	подотчетности	подотчетность	подотчетностью	curated	curated	0.99
подпись	noun	подпись	подписи	подписи	подпись	подписью	curated	curated	0.99
подробность	noun	подробность	подробности	подробности	подробность	подробностью	curated	curated	0.99
подрубрика	noun	подрубрика	подрубрики	подрубрике	подрубрику	подрубрикой	curated	curated	0.99
подруга	noun	подруга	подруги	подруге	подругу	подругой	curated	curated	0.99
подсистема	noun	подсистема	подсистемы	подсистеме	подсистему	подсистемой	curated	curated	0.99
подследственность	noun	подследственность	подследственности	подследственности	подследственность	подследственностью	curated	curated	0.99
подсудимость	noun	подсудимость	подсудимости	подсудимости	подсудимость	подсудимостью	curated	curated	0.99
подтверждаемость	noun	подтверждаемость	подтверждаемости	подтверждаемости	подтверждаемость	подтверждаемостью	curated	curated	0.99
поезд	noun	поезд	поезда	поезде	поезд	поездом	curated	curated	0.99
пожар	noun	пожар	пожара	пожаре	пожар	пожаром	curated	curated	0.99
пожаробезопасность	noun	пожаробезопасность	пожаробезопасности	пожаробезопасности	пожаробезопасность	пожаробезопасностью	curated	curated	0.99
пожароопасность	noun	пожароопасность	пожароопасности	пожароопасности	пожароопасность	пожароопасностью	curated	curated	0.99
позиция	noun	позиция	позиции	позиции	позицию	позицией	curated-p0-logic	curated	0.97
показательность	noun	показательность	показательности	показательности	показательность	показательностью	curated	curated	0.99
покинутость	noun	покинутость	покинутости	покинутости	покинутость	покинутостью	curated	curated	0.99
покой	noun	покой	покоя	покое	покой	покоем	curated	curated	0.99
покоробленность	noun	покоробленность	покоробленности	покоробленности	покоробленность	покоробленностью	curated	curated	0.99
покрышка	noun	покрышка	покрышки	покрышке	покрышку	покрышкой	curated	curated	0.99
покупка	noun	покупка	покупки	покупке	покупку	покупкой	curated	curated	0.99
пол	noun	пол	пола	поле	пол	полом	curated	curated	0.99
полгодика	noun	полгодика	полугодика	полугодике	полгодику	полугодиком	curated	curated	0.99
полемика	noun	полемика	полемики	полемике	полемику	полемикой	curated	curated	0.99
полетопригодность	noun	полетопригодность	полетопригодности	полетопригодности	полетопригодность	полетопригодностью	curated	curated	0.99
поливалентность	noun	поливалентность	поливалентности	поливалентности	поливалентность	поливалентностью	curated	curated	0.99
политика	noun	политика	политики	политике	политику	политикой	curated	curated	0.99
политкорректность	noun	политкорректность	политкорректности	политкорректности	политкорректность	политкорректностью	curated	curated	0.99
политональность	noun	политональность	политональности	политональности	политональность	политональностью	curated	curated	0.99
полноводность	noun	полноводность	полноводности	полноводности	полноводность	полноводностью	curated	curated	0.99
полнодревесность	noun	полнодревесность	полнодревесности	полнодревесности	полнодревесность	полнодревесностью	curated	curated	0.99
полнокровность	noun	полнокровность	полнокровности	полнокровности	полнокровность	полнокровностью	curated	curated	0.99
полноценность	noun	полноценность	полноценности	полноценности	полноценность	полноценностью	curated	curated	0.99
положенность	noun	положенность	положенности	положенности	положенность	положенностью	curated	curated	0.99
поломка	noun	поломка	поломки	поломке	поломку	поломкой	curated	curated	0.99
полоса	noun	полоса	полосы	полосе	полосу	полосой	curated	curated	0.99
полосчатость	noun	полосчатость	полосчатости	полосчатости	полосчатость	полосчатостью	curated	curated	0.99
полстаканчика	noun	полстаканчика	полустаканчика	полустаканчике	полстаканчику	полустаканчиком	curated	curated	0.99
полуанонимность	noun	полуанонимность	полуанонимности	полуанонимности	полуанонимность	полуанонимностью	curated	curated	0.99
полуготовность	noun	полуготовность	полуготовности	полуготовности	полуготовность	полуготовностью	curated	curated	0.99
полуплоскость	noun	полуплоскость	полуплоскости	полуплоскости	полуплоскость	полуплоскостью	curated	curated	0.99
полупрозрачность	noun	полупрозрачность	полупрозрачности	полупрозрачности	полупрозрачность	полупрозрачностью	curated	curated	0.99
полчасика	noun	полчасика	получасика	получасике	полчасику	получасиком	curated	curated	0.99
полюбовность	noun	полюбовность	полюбовности	полюбовности	полюбовность	полюбовностью	curated	curated	0.99
полюс	noun	полюс	полюса	полюсе	полюс	полюсом	curated	curated	0.99
поляна	noun	поляна	поляны	поляне	поляну	поляной	curated	curated	0.99
поляризуемость	noun	поляризуемость	поляризуемости	поляризуемости	поляризуемость	поляризуемостью	curated	curated	0.99
помехозащищенность	noun	помехозащищенность	помехозащищенности	помехозащищенности	помехозащищенность	помехозащищенностью	curated	curated	0.99
помещение	noun	помещение	помещения	помещении	помещение	помещением	curated	curated	0.99
помещик	noun	помещик	помещика	помещике	помещика	помещиком	curated	curated	0.99
помидор	noun	помидор	помидора	помидоре	помидор	помидором	curated	curated	0.99
помощь	noun	помощь	помощи	помощи	помощь	помощью	curated	curated	0.99
понедельник	noun	понедельник	понедельника	понедельнике	понедельник	понедельником	curated	curated	0.99
понимание	noun	понимание	понимания	понимании	понимание	пониманием	curated	curated	0.98
понимать	verb	понимать	понимать	понимать	понимать	понимать	curated	curated	0.95
пончо	noun	пончо	пончо	пончо	пончо	пончом	curated	curated	0.99
понятие	noun	понятие	понятия	понятии	понятие	понятием	curated-p0-logic	curated	0.98
понятность	noun	понятность	понятности	понятности	понятность	понятностью	curated	curated	0.99
поп	noun	поп	попа	попе	попа	попом	curated	curated	0.99
попытка	noun	попытка	попытки	попытке	попытку	попыткой	curated	curated	0.99
порабощенность	noun	порабощенность	порабощенности	порабощенности	порабощенность	порабощенностью	curated	curated	0.99
пораженность	noun	пораженность	пораженности	пораженности	пораженность	пораженностью	curated	curated	0.99
порог	noun	порог	порога	пороге	порог	порогом	curated	curated	0.99
порода	noun	порода	породы	породе	породу	породой	curated	curated	0.99
порозность	noun	порозность	порозности	порозности	порозность	порозностью	curated	curated	0.99
порох	noun	порох	пороха	порохе	порох	порохом	curated	curated	0.99
портрет	noun	портрет	портрета	портрете	портрет	портретом	curated	curated	0.99
портьера	noun	портьера	портьеры	портьере	портьеру	портьерой	curated	curated	0.99
поручение	noun	поручение	поручения	поручении	поручение	поручением	curated	curated	0.99
посвященность	noun	посвященность	посвященности	посвященности	посвященность	посвященностью	curated	curated	0.99
посев	noun	посев	посева	посеве	посев	посевом	curated	curated	0.99
последовательность	noun	последовательность	последовательности	последовательности	последовательность	последовательностью	curated	curated	0.99
последствие	noun	последствие	последствия	последствии	последствие	последствием	curated	curated	0.99
посол	noun	посол	посла	после	посла	послом	curated	curated	0.99
посредник	noun	посредник	посредника	посреднике	посредника	посредником	curated	curated	0.99
постижимость	noun	постижимость	постижимости	постижимости	постижимость	постижимостью	curated	curated	0.99
постность	noun	постность	постности	постности	постность	постностью	curated	curated	0.99
поступок	noun	поступок	поступка	поступке	поступок	поступком	curated	curated	0.99
постусловие	noun	постусловие	постусловия	постусловии	постусловие	постусловием	curated	curated	0.99
постылость	noun	постылость	постылости	постылости	постылость	постылостью	curated	curated	0.99
посылка	noun	посылка	посылки	посылке	посылку	посылкой	curated-p0-logic	curated	0.99
потаенность	noun	потаенность	потаенности	потаенности	потаенность	потаенностью	curated	curated	0.99
потеря	noun	потеря	потери	потере	потерю	потерей	curated	curated	0.99
поток	noun	поток	потока	потоке	поток	потоком	curated	curated	0.99
потолок	noun	потолок	потолка	потолке	потолок	потолком	curated	curated	0.99
почва	noun	почва	почвы	почве	почву	почвой	curated	curated	0.99
почта	noun	почта	почты	почте	почту	почтой	curated	curated	0.99
поэтапность	noun	поэтапность	поэтапности	поэтапности	поэтапность	поэтапностью	curated	curated	0.99
пояс	noun	пояс	пояса	поясе	пояс	поясом	curated	curated	0.99
правда	noun	правда	правды	правде	правду	правдой	curated	curated	0.98
правило	noun	правило	правила	правиле	правило	правилом	curated	curated	0.99
правильность	noun	правильность	правильности	правильности	правильность	правильностью	curated	curated	0.99
правительство	noun	правительство	правительства	правительстве	правительство	правительством	curated	curated	0.99
право	noun	право	права	праве	право	правом	curated-p0-agency	curated	0.98
правосубъективность	noun	правосубъективность	правосубъективности	правосубъективности	правосубъективность	правосубъективностью	curated	curated	0.99
правосубъектность	noun	правосубъектность	правосубъектности	правосубъектности	правосубъектность	правосубъектностью	curated	curated	0.99
праздник	noun	праздник	праздника	празднике	праздник	праздником	curated	curated	0.99
преграда	noun	преграда	преграды	преграде	преграду	преградой	curated	curated	0.99
преданность	noun	преданность	преданности	преданности	преданность	преданностью	curated	curated	0.99
предательство	noun	предательство	предательства	предательстве	предательство	предательством	curated	curated	0.99
предделинквентность	noun	предделинквентность	предделинквентности	предделинквентности	предделинквентность	предделинквентностью	curated	curated	0.99
предел	noun	предел	предела	пределе	предел	пределом	curated	curated	0.99
предиктивность	noun	предиктивность	предиктивности	предиктивности	предиктивность	предиктивностью	curated	curated	0.99
предложение	noun	предложение	предложения	предложении	предложение	предложением	curated	curated	0.99
предмет	noun	предмет	предмета	предмете	предмет	предметом	curated	curated	0.99
предохранительность	noun	предохранительность	предохранительности	предохранительности	предохранительность	предохранительностью	curated	curated	0.99
предположение	noun	предположение	предположения	предположении	предположение	предположением	curated-p0-logic	curated	0.97
предпосылка	noun	предпосылка	предпосылки	предпосылке	предпосылку	предпосылкой	curated-p0-logic	curated	0.97
предприятие	noun	предприятие	предприятия	предприятии	предприятие	предприятием	curated	curated	0.99
предсказуемость	noun	предсказуемость	предсказуемости	предсказуемости	предсказуемость	предсказуемостью	curated	curated	0.99
представимость	noun	представимость	представимости	представимости	представимость	представимостью	curated	curated	0.99
предусловие	noun	предусловие	предусловия	предусловии	предусловие	предусловием	curated	curated	0.99
предустановленность	noun	предустановленность	предустановленности	предустановленности	предустановленность	предустановленностью	curated	curated	0.99
президент	noun	президент	президента	президенте	президента	президентом	curated	curated	0.99
прелесть	noun	прелесть	прелести	прелести	прелесть	прелестью	curated	curated	0.99
препятствие	noun	препятствие	препятствия	препятствии	препятствие	препятствием	curated	curated	0.99
прерывание	noun	прерывание	прерывания	прерывании	прерывание	прерыванием	curated	curated	0.99
престижность	noun	престижность	престижности	престижности	престижность	престижностью	curated	curated	0.99
преступление	noun	преступление	преступления	преступлении	преступление	преступлением	curated	curated	0.99
преюдициальность	noun	преюдициальность	преюдициальности	преюдициальности	преюдициальность	преюдициальностью	curated	curated	0.99
прибыль	noun	прибыль	прибыли	прибыли	прибыль	прибылью	curated	curated	0.99
привет	noun	привет	привета	привете	привет	приветом	curated	curated	0.99
приводимость	noun	приводимость	приводимости	приводимости	приводимость	приводимостью	curated	curated	0.99
привольность	noun	привольность	привольности	привольности	привольность	привольностью	curated	curated	0.99
привычка	noun	привычка	привычки	привычке	привычку	привычкой	curated	curated	0.99
приглушенность	noun	приглушенность	приглушенности	приглушенности	приглушенность	приглушенностью	curated	curated	0.99
пригород	noun	пригород	пригорода	пригороде	пригород	пригородом	curated	curated	0.99
прием	noun	прием	приема	приеме	прием	приемом	curated	curated	0.99
приземленность	noun	приземленность	приземленности	приземленности	приземленность	приземленностью	curated	curated	0.99
признак	noun	признак	признака	признаке	признак	признаком	curated	curated	0.99
призрак	noun	призрак	призрака	призраке	призрака	призраком	curated	curated	0.99
приказ	noun	приказ	приказа	приказе	приказ	приказом	curated	curated	0.99
прикованность	noun	прикованность	прикованности	прикованности	прикованность	прикованностью	curated	curated	0.99
прилегаемость	noun	прилегаемость	прилегаемости	прилегаемости	прилегаемость	прилегаемостью	curated	curated	0.99
приметность	noun	приметность	приметности	приметности	приметность	приметностью	curated	curated	0.99
принуждение	noun	принуждение	принуждения	принуждении	принуждение	принуждением	curated-p0-agency	curated	0.97
принц	noun	принц	принца	принце	принца	принцом	curated	curated	0.99
принцип	noun	принцип	принципа	принципе	принцип	принципом	curated	curated	0.99
принятие	noun	принятие	принятия	принятии	принятие	принятием	curated	curated	0.99
принятость	noun	принятость	принятости	принятости	принятость	принятостью	curated	curated	0.99
приобщенность	noun	приобщенность	приобщенности	приобщенности	приобщенность	приобщенностью	curated	curated	0.99
приоритет	noun	приоритет	приоритета	приоритете	приоритет	приоритетом	curated	curated	0.99
приоритизация	noun	приоритизация	приоритизации	приоритизации	приоритизацию	приоритизацией	curated	curated	0.99
природа	noun	природа	природы	природе	природу	природой	curated	curated	0.99
природоемкость	noun	природоемкость	природоемкости	природоемкости	природоемкость	природоемкостью	curated	curated	0.99
приспосабливаемость	noun	приспосабливаемость	приспосабливаемости	приспосабливаемости	приспосабливаемость	приспосабливаемостью	curated	curated	0.99
пристыженность	noun	пристыженность	пристыженности	пристыженности	пристыженность	пристыженностью	curated	curated	0.99
присутствие	noun	присутствие	присутствия	присутствии	присутствие	присутствием	curated	curated	0.98
причина	noun	причина	причины	причине	причину	причиной	curated	curated	0.98
причинность	noun	причинность	причинности	причинности	причинность	причинностью	curated	curated	0.99
пришибленность	noun	пришибленность	пришибленности	пришибленности	пришибленность	пришибленностью	curated	curated	0.99
прием	noun	прием	приема	приеме	прием	приемом	curated	curated	0.99
приемник	noun	приемник	приемника	приемнике	приемник	приемником	curated	curated	0.99
пробка	noun	пробка	пробки	пробке	пробку	пробкой	curated	curated	0.99
проблема	noun	проблема	проблемы	проблеме	проблему	проблемой	curated	curated	0.99
проблемность	noun	проблемность	проблемности	проблемности	проблемность	проблемностью	curated	curated	0.99
пробность	noun	пробность	пробности	пробности	пробность	пробностью	curated	curated	0.99
проверка	noun	проверка	проверки	проверке	проверку	проверкой	curated	curated	0.97
провинция	noun	провинция	провинции	провинции	провинцию	провинцией	curated	curated	0.99
провод	noun	провод	провода	проводе	провод	проводом	curated	curated	0.99
проводимость	noun	проводимость	проводимости	проводимости	проводимость	проводимостью	curated	curated	0.99
прогноз	noun	прогноз	прогноза	прогнозе	прогноз	прогнозом	curated	curated	0.99
программа	noun	программа	программы	программе	программу	программой	curated	curated	0.99
программируемость	noun	программируемость	программируемости	программируемости	программируемость	программируемостью	curated	curated	0.99
прогулка	noun	прогулка	прогулки	прогулке	прогулку	прогулкой	curated	curated	0.99
продажа	noun	продажа	продажи	продаже	продажу	продажей	curated	curated	0.99
продолжение	noun	продолжение	продолжения	продолжении	продолжение	продолжением	curated	curated	0.99
продукт	noun	продукт	продукта	продукте	продукт	продуктом	curated	curated	0.99
продюсер	noun	продюсер	продюсера	продюсере	продюсера	продюсером	curated	curated	0.99
проект	noun	проект	проекта	проекте	проект	проектом	curated	curated	0.99
проективность	noun	проективность	проективности	проективности	проективность	проективностью	curated	curated	0.99
проза	noun	проза	прозы	прозе	прозу	прозой	curated	curated	0.99
прозрачность	noun	прозрачность	прозрачности	прозрачности	прозрачность	прозрачностью	curated	curated	0.99
проигрыш	noun	проигрыш	проигрыша	проигрыше	проигрыш	проигрышем	curated	curated	0.99
проклятие	noun	проклятие	проклятия	проклятии	проклятие	проклятием	curated	curated	0.99
проксемика	noun	проксемика	проксемики	проксемике	проксемику	проксемикой	curated	curated	0.99
промасленность	noun	промасленность	промасленности	промасленности	промасленность	промасленностью	curated	curated	0.99
промежуточность	noun	промежуточность	промежуточности	промежуточности	промежуточность	промежуточностью	curated	curated	0.99
проникнуть	verb	проникнуть	проникнуть	проникнуть	проникнуть	проникнуть	curated	curated	0.95
пропорциональность	noun	пропорциональность	пропорциональности	пропорциональности	пропорциональность	пропорциональностью	curated	curated	0.99
пропуск	noun	пропуск	пропуска	пропуске	пропуск	пропуском	curated	curated	0.99
пропускная способность	noun	пропускная способность	пропускной способности	пропускной способности	пропускную способность	пропускной способностью	curated	curated	0.99
проработанность	noun	проработанность	проработанности	проработанности	проработанность	проработанностью	curated	curated	0.99
прорезь	noun	прорезь	прорези	прорези	прорезь	прорезью	curated	curated	0.99
пророк	noun	пророк	пророка	пророке	пророка	пророком	curated	curated	0.99
просвечиваемость	noun	просвечиваемость	просвечиваемости	просвечиваемости	просвечиваемость	просвечиваемостью	curated	curated	0.99
проспект	noun	проспект	проспекта	проспекте	проспект	проспектом	curated	curated	0.99
простор	noun	простор	простора	просторе	простор	простором	curated	curated	0.99
простота	noun	простота	простоты	простоте	простоту	простотой	curated	curated	0.99
простуженность	noun	простуженность	простуженности	простуженности	простуженность	простуженностью	curated	curated	0.99
простыня	noun	простыня	простыни	простыне	простыню	простыней	curated	curated	0.99
просьба	noun	просьба	просьбы	просьбе	просьбу	просьбой	curated	curated	0.99
противник	noun	противник	противника	противнике	противника	противником	curated	curated	0.99
противоореольность	noun	противоореольность	противоореольности	противоореольности	противоореольность	противоореольностью	curated	curated	0.99
противопоказанность	noun	противопоказанность	противопоказанности	противопоказанности	противопоказанность	противопоказанностью	curated	curated	0.99
противоправность	noun	противоправность	противоправности	противоправности	противоправность	противоправностью	curated	curated	0.99
противоречие	noun	противоречие	противоречия	противоречии	противоречие	противоречием	curated-p0-logic	curated	0.99
протогалактика	noun	протогалактика	протогалактики	протогалактике	протогалактику	протогалактикой	curated	curated	0.99
протокол	noun	протокол	протокола	протоколе	протокол	протоколом	curated	curated	0.99
профессия	noun	профессия	профессии	профессии	профессию	профессией	curated	curated	0.99
профилактика	noun	профилактика	профилактики	профилактике	профилактику	профилактикой	curated	curated	0.99
профилирование	noun	профилирование	профилирования	профилировании	профилирование	профилированием	curated	curated	0.99
профнадежность	noun	профнадежность	профнадежности	профнадежности	профнадежность	профнадежностью	curated	curated	0.99
проход	noun	проход	прохода	проходе	проход	проходом	curated	curated	0.99
процедурность	noun	процедурность	процедурности	процедурности	процедурность	процедурностью	curated	curated	0.99
процент	noun	процент	процента	проценте	процент	процентом	curated	curated	0.99
прочувствованность	noun	прочувствованность	прочувствованности	прочувствованности	прочувствованность	прочувствованностью	curated	curated	0.99
прошлое	noun	прошлое	прошлого	прошлом	прошлое	прошлым	curated	curated	0.99
прощение	noun	прощение	прощения	прощении	прощение	прощением	curated	curated	0.99
пруд	noun	пруд	пруда	пруде	пруд	прудом	curated	curated	0.99
прыжок	noun	прыжок	прыжка	прыжке	прыжок	прыжком	curated	curated	0.99
прядь	noun	прядь	пряди	пряди	прядь	прядью	curated	curated	0.99
пряжа	noun	пряжа	пряжи	пряже	пряжу	пряжой	curated	curated	0.99
прямоугольность	noun	прямоугольность	прямоугольности	прямоугольности	прямоугольность	прямоугольностью	curated	curated	0.99
пряничность	noun	пряничность	пряничности	пряничности	пряничность	пряничностью	curated	curated	0.99
псевдоизощренность	noun	псевдоизощренность	псевдоизощренности	псевдоизощренности	псевдоизощренность	псевдоизощренностью	curated	curated	0.99
псевдоискушенность	noun	псевдоискушенность	псевдоискушенности	псевдоискушенности	псевдоискушенность	псевдоискушенностью	curated	curated	0.99
псевдопластичность	noun	псевдопластичность	псевдопластичности	псевдопластичности	псевдопластичность	псевдопластичностью	curated	curated	0.99
псевдоутонченность	noun	псевдоутонченность	псевдоутонченности	псевдоутонченности	псевдоутонченность	псевдоутонченностью	curated	curated	0.99
психографика	noun	психографика	психографики	психографике	психографику	психографикой	curated	curated	0.99
психодинамика	noun	психодинамика	психодинамики	психодинамике	психодинамику	психодинамикой	curated	curated	0.99
психопрофилактика	noun	психопрофилактика	психопрофилактики	психопрофилактике	психопрофилактику	психопрофилактикой	curated	curated	0.99
птица	noun	птица	птицы	птице	птицу	птицей	curated	curated	0.99
публика	noun	публика	публики	публике	публику	публикой	curated	curated	0.99
пуд	noun	пуд	пуда	пуде	пуд	пудом	curated	curated	0.99
пузырчатость	noun	пузырчатость	пузырчатости	пузырчатости	пузырчатость	пузырчатостью	curated	curated	0.99
пузырь	noun	пузырь	пузыря	пузыре	пузырь	пузырем	curated	curated	0.99
пульт	noun	пульт	пульта	пульте	пульт	пультом	curated	curated	0.99
пунктуальность	noun	пунктуальность	пунктуальности	пунктуальности	пунктуальность	пунктуальностью	curated	curated	0.99
пустота	noun	пустота	пустоты	пустоте	пустоту	пустотой	curated	curated	0.98
путаность	noun	путаность	путаности	путаности	путаность	путаностью	curated	curated	0.99
путешествие	noun	путешествие	путешествия	путешествии	путешествие	путешествием	curated	curated	0.99
путник	noun	путник	путника	путнике	путника	путником	curated	curated	0.99
путь	noun	путь	пути	пути	путь	путем	curated	curated	0.99
пучность	noun	пучность	пучности	пучности	пучность	пучностью	curated	curated	0.99
пшеница	noun	пшеница	пшеницы	пшенице	пшеницу	пшеницей	curated	curated	0.99
пьезовосприимчивость	noun	пьезовосприимчивость	пьезовосприимчивости	пьезовосприимчивости	пьезовосприимчивость	пьезовосприимчивостью	curated	curated	0.99
пьезокерамика	noun	пьезокерамика	пьезокерамики	пьезокерамике	пьезокерамику	пьезокерамикой	curated	curated	0.99
пядь	noun	пядь	пяди	пяди	пядь	пядью	curated	curated	0.99
пятивалентность	noun	пятивалентность	пятивалентности	пятивалентности	пятивалентность	пятивалентностью	curated	curated	0.99
раб	noun	раб	раба	рабе	раба	рабой	curated	curated	0.99
равнина	noun	равнина	равнины	равнине	равнину	равниной	curated	curated	0.99
равновесие	noun	равновесие	равновесия	равновесии	равновесие	равновесием	curated	curated	0.99
равнодоступность	noun	равнодоступность	равнодоступности	равнодоступности	равнодоступность	равнодоступностью	curated	curated	0.99
равнодушие	noun	равнодушие	равнодушия	равнодушии	равнодушие	равнодушием	curated	curated	0.99
равноправие	noun	равноправие	равноправия	равноправии	равноправие	равноправием	curated	curated	0.99
равносильность	noun	равносильность	равносильности	равносильности	равносильность	равносильностью	curated-p0-logic	curated	0.96
раджа	noun	раджа	раджи	радже	раджу	раджой	curated	curated	0.99
радиация	noun	радиация	радиации	радиации	радиацию	радиацией	curated	curated	0.99
радиоакустика	noun	радиоакустика	радиоакустики	радиоакустике	радиоакустику	радиоакустикой	curated	curated	0.99
радиогалактика	noun	радиогалактика	радиогалактики	радиогалактике	радиогалактику	радиогалактикой	curated	curated	0.99
радиогенетика	noun	радиогенетика	радиогенетики	радиогенетике	радиогенетику	радиогенетикой	curated	curated	0.99
радиомеханика	noun	радиомеханика	радиомеханики	радиомеханике	радиомеханику	радиомеханикой	curated	curated	0.99
радионепрозрачность	noun	радионепрозрачность	радионепрозрачности	радионепрозрачности	радионепрозрачность	радионепрозрачностью	curated	curated	0.99
радиус	noun	радиус	радиуса	радиусе	радиус	радиусом	curated	curated	0.99
радоноопасность	noun	радоноопасность	радоноопасности	радоноопасности	радоноопасность	радоноопасностью	curated	curated	0.99
радость	noun	радость	радости	радости	радость	радостью	curated	curated	0.98
радуга	noun	радуга	радуги	радуге	радугу	радугой	curated	curated	0.99
раз	noun	раз	раза	разе	раз	разом	curated	curated	0.99
разбавленность	noun	разбавленность	разбавленности	разбавленности	разбавленность	разбавленностью	curated	curated	0.99
разбалансированность	noun	разбалансированность	разбалансированности	разбалансированности	разбалансированность	разбалансированностью	curated	curated	0.99
разборчивость	noun	разборчивость	разборчивости	разборчивости	разборчивость	разборчивостью	curated	curated	0.99
разведка	noun	разведка	разведки	разведке	разведку	разведкой	curated	curated	0.99
разговор	noun	разговор	разговора	разговоре	разговор	разговором	curated	curated	0.99
разграничение	noun	разграничение	разграничения	разграничении	разграничение	разграничением	curated-p0-logic	curated	0.96
раздача	noun	раздача	раздачи	раздаче	раздачу	раздачей	curated	curated	0.99
разделимость	noun	разделимость	разделимости	разделимости	разделимость	разделимостью	curated	curated	0.99
разжиженность	noun	разжиженность	разжиженности	разжиженности	разжиженность	разжиженностью	curated	curated	0.99
различать	verb	различать	различать	различать	различать	различать	curated	curated	0.95
различие	noun	различие	различия	различии	различие	различием	curated	curated	0.98
различимость	noun	различимость	различимости	различимости	различимость	различимостью	curated	curated	0.99
разлука	noun	разлука	разлуки	разлуке	разлуку	разлукой	curated	curated	0.99
размер	noun	размер	размера	размере	размер	размером	curated	curated	0.99
размытость	noun	размытость	размытости	размытости	размытость	размытостью	curated	curated	0.99
разница	noun	разница	разницы	разнице	разницу	разницей	curated-p0-logic	curated	0.98
разрешение	noun	разрешение	разрешения	разрешении	разрешение	разрешением	curated-p0-agency	curated	0.96
разрешимость	noun	разрешимость	разрешимости	разрешимости	разрешимость	разрешимостью	curated	curated	0.99
разрушаемость	noun	разрушаемость	разрушаемости	разрушаемости	разрушаемость	разрушаемостью	curated	curated	0.99
разрушимость	noun	разрушимость	разрушимости	разрушимости	разрушимость	разрушимостью	curated	curated	0.99
разрывность	noun	разрывность	разрывности	разрывности	разрывность	разрывностью	curated	curated	0.99
разряд	noun	разряд	разряда	разряде	разряд	разрядом	curated	curated	0.99
разряженность	noun	разряженность	разряженности	разряженности	разряженность	разряженностью	curated	curated	0.99
разум	noun	разум	разума	разуме	разум	разумом	curated	curated	0.98
разумность	noun	разумность	разумности	разумности	разумность	разумностью	curated	curated	0.99
разъезженность	noun	разъезженность	разъезженности	разъезженности	разъезженность	разъезженностью	curated	curated	0.99
рай	noun	рай	рая	рае	рай	раем	curated	curated	0.99
район	noun	район	района	районе	район	районом	curated	curated	0.99
рак	noun	рак	рака	раке	рак	раком	curated	curated	0.99
ракета	noun	ракета	ракеты	ракете	ракету	ракетой	curated	curated	0.99
ракетодинамика	noun	ракетодинамика	ракетодинамики	ракетодинамике	ракетодинамику	ракетодинамикой	curated	curated	0.99
ракурс	noun	ракурс	ракурса	ракурсе	ракурс	ракурсом	curated	curated	0.97
рамка	noun	рамка	рамки	рамке	рамку	рамкой	curated	curated	0.99
раненность	noun	раненность	раненности	раненности	раненность	раненностью	curated	curated	0.99
раскрашенность	noun	раскрашенность	раскрашенности	раскрашенности	раскрашенность	раскрашенностью	curated	curated	0.99
раскрученность	noun	раскрученность	раскрученности	раскрученности	раскрученность	раскрученностью	curated	curated	0.99
раскрываемость	noun	раскрываемость	раскрываемости	раскрываемости	раскрываемость	раскрываемостью	curated	curated	0.99
распевность	noun	распевность	распевности	распевности	распевность	распевностью	curated	curated	0.99
расписание	noun	расписание	расписания	расписании	расписание	раписанием	curated	curated	0.99
расположенность	noun	расположенность	расположенности	расположенности	расположенность	расположенностью	curated	curated	0.99
распоряжение	noun	распоряжение	распоряжения	распоряжении	распоряжение	распоряжением	curated	curated	0.99
распределение	noun	распределение	распределения	распределении	распределение	распределением	curated	curated	0.99
рассвет	noun	рассвет	рассвета	рассвете	рассвет	рассветом	curated	curated	0.99
рассказ	noun	рассказ	рассказа	рассказе	рассказ	рассказом	curated	curated	0.99
расслоенность	noun	расслоенность	расслоенности	расслоенности	расслоенность	расслоенностью	curated	curated	0.99
рассогласованность	noun	рассогласованность	рассогласованности	рассогласованности	рассогласованность	рассогласованностью	curated	curated	0.99
рассредоточенность	noun	рассредоточенность	рассредоточенности	рассредоточенности	рассредоточенность	рассредоточенностью	curated	curated	0.99
расставание	noun	расставание	расставания	расставании	расставание	расставанием	curated	curated	0.99
расстояние	noun	расстояние	расстояния	расстоянии	расстояние	расстоянием	curated	curated	0.99
раствор	noun	раствор	раствора	растворе	раствор	раствором	curated	curated	0.99
растерзанность	noun	растерзанность	растерзанности	растерзанности	растерзанность	растерзанностью	curated	curated	0.99
растрепанность	noun	растрепанность	растрепанности	растрепанности	растрепанность	растрепанностью	curated	curated	0.99
растроганность	noun	растроганность	растроганности	растроганности	растроганность	растроганностью	curated	curated	0.99
расход	noun	расход	расхода	расходе	расход	расходом	curated	curated	0.99
расходимость	noun	расходимость	расходимости	расходимости	расходимость	расходимостью	curated	curated	0.99
расширенность	noun	расширенность	расширенности	расширенности	расширенность	расширенностью	curated	curated	0.99
расщепленность	noun	расщепленность	расщепленности	расщепленности	расщепленность	расщепленностью	curated	curated	0.99
рационализируемость	noun	рационализируемость	рационализируемости	рационализируемости	рационализируемость	рационализируемостью	curated	curated	0.99
рация	noun	рация	рации	рации	рацию	рацией	curated	curated	0.99
рашпилевидность	noun	рашпилевидность	рашпилевидности	рашпилевидности	рашпилевидность	рашпилевидностью	curated	curated	0.99
реадаптация	noun	реадаптация	реадаптации	реадаптации	реадаптацию	реадаптацией	curated	curated	0.99
реакция	noun	реакция	реакции	реакции	реакцию	реакцией	curated	curated	0.99
реализуемость	noun	реализуемость	реализуемости	реализуемости	реализуемость	реализуемостью	curated	curated	0.99
реалистичность	noun	реалистичность	реалистичности	реалистичности	реалистичность	реалистичностью	curated	curated	0.99
реверсивность	noun	реверсивность	реверсивности	реверсивности	реверсивность	реверсивностью	curated	curated	0.99
ревизия	noun	ревизия	ревизии	ревизии	ревизию	ревизией	curated	curated	0.99
регион	noun	регион	региона	регионе	регион	регионом	curated	curated	0.99
регистрация	noun	регистрация	регистрации	регистрации	регистрацию	регистрацией	curated	curated	0.99
регламентация	noun	регламентация	регламентации	регламентации	регламентацию	регламентацией	curated	curated	0.99
регламентированность	noun	регламентированность	регламентированности	регламентированности	регламентированность	регламентированностью	curated	curated	0.99
регрессия	noun	регрессия	регрессии	регрессии	регрессию	регрессией	curated	curated	0.99
регулярность	noun	регулярность	регулярности	регулярности	регулярность	регулярностью	curated	curated	0.99
редактор	noun	редактор	редактора	редакторе	редактора	редактором	curated	curated	0.99
редуцируемость	noun	редуцируемость	редуцируемости	редуцируемости	редуцируемость	редуцируемостью	curated	curated	0.99
реентерабельность	noun	реентерабельность	реентерабельности	реентерабельности	реентерабельность	реентерабельностью	curated	curated	0.99
режим	noun	режим	режима	режиме	режим	режимом	curated	curated	0.99
режимность	noun	режимность	режимности	режимности	режимность	режимностью	curated	curated	0.99
резина	noun	резина	резины	резине	резину	резиной	curated	curated	0.99
резинотехника	noun	резинотехника	резинотехники	резинотехнике	резинотехнику	резинотехникой	curated	curated	0.99
резистентность	noun	резистентность	резистентности	резистентности	резистентность	резистентностью	curated	curated	0.99
резонанс	noun	резонанс	резонанса	резонансе	резонанс	резонансом	curated	curated	0.99
результат	noun	результат	результата	результате	результат	результатом	curated	curated	0.99
рейганомика	noun	рейганомика	рейганомики	рейганомике	рейганомику	рейганомикой	curated	curated	0.99
рекуррентность	noun	рекуррентность	рекуррентности	рекуррентности	рекуррентность	рекуррентностью	curated	curated	0.99
рекурсивность	noun	рекурсивность	рекурсивности	рекурсивности	рекурсивность	рекурсивностью	curated	curated	0.99
рекурсия	noun	рекурсия	рекурсии	рекурсии	рекурсию	рекурсией	curated	curated	0.99
релевантность	noun	релевантность	релевантности	релевантности	релевантность	релевантностью	curated	curated	0.99
релиз	noun	релиз	релиза	релизе	релиз	релизом	curated	curated	0.99
рельс	noun	рельс	рельса	рельсе	рельс	рельсом	curated	curated	0.99
ремонт	noun	ремонт	ремонта	ремонте	ремонт	ремонтом	curated	curated	0.96
ремонтопригодность	noun	ремонтопригодность	ремонтопригодности	ремонтопригодности	ремонтопригодность	ремонтопригодностью	curated	curated	0.99
ремонтоспособность	noun	ремонтоспособность	ремонтоспособности	ремонтоспособности	ремонтоспособность	ремонтоспособностью	curated	curated	0.99
рентоспособность	noun	рентоспособность	рентоспособности	рентоспособности	рентоспособность	рентоспособностью	curated	curated	0.99
репка	noun	репка	репки	репке	репку	репкой	curated	curated	0.99
репликация	noun	репликация	репликации	репликации	репликацию	репликацией	curated	curated	0.99
репортаж	noun	репортаж	репортажа	репортаже	репортаж	репортажом	curated	curated	0.99
репутация	noun	репутация	репутации	репутации	репутацию	репутацией	curated	curated	0.99
ресторан	noun	ресторан	ресторана	ресторане	ресторан	рестораном	curated	curated	0.99
ресурс	noun	ресурс	ресурса	ресурсе	ресурс	ресурсом	curated	curated	0.99
ресурсоемкость	noun	ресурсоемкость	ресурсоемкости	ресурсоемкости	ресурсоемкость	ресурсоемкостью	curated	curated	0.99
рефлексивность	noun	рефлексивность	рефлексивности	рефлексивности	рефлексивность	рефлексивностью	curated	curated	0.99
реформа	noun	реформа	реформы	реформе	реформу	реформой	curated	curated	0.99
рефрактерность	noun	рефрактерность	рефрактерности	рефрактерности	рефрактерность	рефрактерностью	curated	curated	0.99
рецензия	noun	рецензия	рецензии	рецензии	рецензию	рецензией	curated	curated	0.99
речь	noun	речь	речи	речи	речь	речью	curated	curated	0.99
решение	noun	решение	решения	решении	решение	решением	curated-p0-agency	curated	0.97
рис	noun	рис	риса	рисе	рис	рисом	curated	curated	0.99
риск	noun	риск	риска	риске	риск	риском	curated	curated	0.99
ритмичность	noun	ритмичность	ритмичности	ритмичности	ритмичность	ритмичностью	curated	curated	0.99
рифленость	noun	рифленость	рифлености	рифлености	рифленость	рифленостью	curated	curated	0.99
робастность	noun	робастность	робастности	робастности	робастность	робастностью	curated	curated	0.99
робот	noun	робот	робота	роботе	робот	роботом	curated	curated	0.99
роботехника	noun	роботехника	роботехники	роботехнике	роботехнику	роботехникой	curated	curated	0.99
робототехника	noun	робототехника	робототехники	робототехнике	робототехнику	робототехникой	curated	curated	0.99
рога	noun	рога	рогов	рогах	рогу	рогами	curated	curated	0.99
родина	noun	родина	родины	родине	родину	родиной	curated	curated	0.99
рожок	noun	рожок	рожка	рожке	рожок	рожком	curated	curated	0.99
роза	noun	роза	розы	розе	розу	розой	curated	curated	0.99
розоватость	noun	розоватость	розоватости	розоватости	розоватость	розоватостью	curated	curated	0.99
розовощекость	noun	розовощекость	розовощекости	розовощекости	розовощекость	розовощекостью	curated	curated	0.99
рок	noun	рок	рока	роке	рок	роком	curated	curated	0.99
роман	noun	роман	романа	романе	роман	романом	curated	curated	0.99
роса	noun	роса	росы	росе	росу	росой	curated	curated	0.99
росистость	noun	росистость	росистости	росистости	росистость	росистостью	curated	curated	0.99
роща	noun	роща	рощи	роще	рощу	рощей	curated	curated	0.99
рояль	noun	рояль	рояля	рояле	рояль	роялем	curated	curated	0.99
рубашка	noun	рубашка	рубашки	рубашке	рубашку	рубашкой	curated	curated	0.99
рубеж	noun	рубеж	рубежа	рубеже	рубеж	рубежом	curated	curated	0.99
рубль	noun	рубль	рубля	рубле	рубль	рублем	curated	curated	0.99
руда	noun	руда	руды	руде	руду	рудой	curated	curated	0.99
рудоносность	noun	рудоносность	рудоносности	рудоносности	рудоносность	рудоносностью	curated	curated	0.99
рукав	noun	рукав	рукава	рукаве	рукав	рукавом	curated	curated	0.99
руководитель	noun	руководитель	руководителя	руководителе	руководителя	руководителем	curated	curated	0.99
руководство	noun	руководство	руководства	руководстве	руководство	руководством	curated	curated	0.99
русский	noun	русский	русского	русском	русского	русским	curated	curated	0.99
ручей	noun	ручей	ручья	ручье	ручей	ручьем	curated	curated	0.99
рыба	noun	рыба	рыбы	рыбе	рыбу	рыбой	curated	curated	0.99
рыбак	noun	рыбак	рыбака	рыбаке	рыбака	рыбаком	curated	curated	0.99
рыбопродуктивность	noun	рыбопродуктивность	рыбопродуктивности	рыбопродуктивности	рыбопродуктивность	рыбопродуктивностью	curated	curated	0.99
рынок	noun	рынок	рынка	рынке	рынок	рынком	curated	curated	0.99
сабля	noun	сабля	сабли	сабле	саблю	саблей	curated	curated	0.99
сад	noun	сад	сада	саду	сад	садом	curated	curated	0.99
садовод	noun	садовод	садовода	садоводе	садовода	садоводом	curated	curated	0.99
салат	noun	салат	салата	салате	салат	салатом	curated	curated	0.99
салон	noun	салон	салона	салоне	салон	салоном	curated	curated	0.99
самовар	noun	самовар	самовара	самоваре	самовар	самоваром	curated	curated	0.99
самовоспламеняемость	noun	самовоспламеняемость	самовоспламеняемости	самовоспламеняемости	самовоспламеняемость	самовоспламеняемостью	curated	curated	0.99
самодистрибутивность	noun	самодистрибутивность	самодистрибутивности	самодистрибутивности	самодистрибутивность	самодистрибутивностью	curated	curated	0.99
самодостаточность	noun	самодостаточность	самодостаточности	самодостаточности	самодостаточность	самодостаточностью	curated	curated	0.99
самозабвенность	noun	самозабвенность	самозабвенности	самозабвенности	самозабвенность	самозабвенностью	curated	curated	0.99
самозанятость	noun	самозанятость	самозанятости	самозанятости	самозанятость	самозанятостью	curated	curated	0.99
самообеспеченность	noun	самообеспеченность	самообеспеченности	самообеспеченности	самообеспеченность	самообеспеченностью	curated	curated	0.99
самоочевидность	noun	самоочевидность	самоочевидности	самоочевидности	самоочевидность	самоочевидностью	curated	curated	0.99
самосогласованность	noun	самосогласованность	самосогласованности	самосогласованности	самосогласованность	самосогласованностью	curated	curated	0.99
сани	noun	сани	саней	санях	сани	санями	curated	curated	0.99
сановность	noun	сановность	сановности	сановности	сановность	сановностью	curated	curated	0.99
сапог	noun	сапог	сапога	сапоге	сапог	сапогом	curated	curated	0.99
сарай	noun	сарай	сарая	сарае	сарай	сараем	curated	curated	0.99
сатир	noun	сатир	сатира	сатире	сатира	сатиром	curated	curated	0.99
сахар	noun	сахар	сахара	сахаре	сахар	сахаром	curated	curated	0.99
сбалансированность	noun	сбалансированность	сбалансированности	сбалансированности	сбалансированность	сбалансированностью	curated	curated	0.99
сбой	noun	сбой	сбоя	сбое	сбой	сбоем	curated	curated	0.99
свадьба	noun	свадьба	свадьбы	свадьбе	свадьбу	свадьбой	curated	curated	0.99
сведения	noun	сведения	сведений	сведениях	сведению	сведениями	curated	curated	0.99
свекла	noun	свекла	свеклы	свекле	свеклу	свеклой	curated	curated	0.99
свернутость	noun	свернутость	свернутости	свернутости	свернутость	свернутостью	curated	curated	0.99
сверхактивность	noun	сверхактивность	сверхактивности	сверхактивности	сверхактивность	сверхактивностью	curated	curated	0.99
сверхвооруженность	noun	сверхвооруженность	сверхвооруженности	сверхвооруженности	сверхвооруженность	сверхвооруженностью	curated	curated	0.99
сверхгалактика	noun	сверхгалактика	сверхгалактики	сверхгалактике	сверхгалактику	сверхгалактикой	curated	curated	0.99
сверхзанятость	noun	сверхзанятость	сверхзанятости	сверхзанятости	сверхзанятость	сверхзанятостью	curated	curated	0.99
сверхмеркантильность	noun	сверхмеркантильность	сверхмеркантильности	сверхмеркантильности	сверхмеркантильность	сверхмеркантильностью	curated	curated	0.99
сверхпластичность	noun	сверхпластичность	сверхпластичности	сверхпластичности	сверхпластичность	сверхпластичностью	curated	curated	0.99
сверхсекретность	noun	сверхсекретность	сверхсекретности	сверхсекретности	сверхсекретность	сверхсекретностью	curated	curated	0.99
сверхспиральность	noun	сверхспиральность	сверхспиральности	сверхспиральности	сверхспиральность	сверхспиральностью	curated	curated	0.99
сверхэффективность	noun	сверхэффективность	сверхэффективности	сверхэффективности	сверхэффективность	сверхэффективностью	curated	curated	0.99
свет	noun	свет	света	свете	свет	светом	curated	curated	0.99
светность	noun	светность	светности	светности	светность	светностью	curated	curated	0.99
светолюбивость	noun	светолюбивость	светолюбивости	светолюбивости	светолюбивость	светолюбивостью	curated	curated	0.99
светопрочность	noun	светопрочность	светопрочности	светопрочности	светопрочность	светопрочностью	curated	curated	0.99
свеча	noun	свеча	свечи	свече	свечу	свечой	curated	curated	0.99
свидание	noun	свидание	свидания	свидании	свидание	свиданием	curated	curated	0.99
свидетельство	noun	свидетельство	свидетельства	свидетельстве	свидетельство	свидетельством	curated-p0-epistemic	curated	0.97
свинья	noun	свинья	свиньи	свинье	свинью	свиньей	curated	curated	0.99
свитер	noun	свитер	свитера	свитере	свитер	свитером	curated	curated	0.99
свищеватость	noun	свищеватость	свищеватости	свищеватости	свищеватость	свищеватостью	curated	curated	0.99
свобода	noun	свобода	свободы	свободе	свободу	свободой	curated	curated	0.99
свободность	noun	свободность	свободности	свободности	свободность	свободностью	curated	curated	0.99
сводимость	noun	сводимость	сводимости	сводимости	сводимость	сводимостью	curated	curated	0.99
сводка	noun	сводка	сводки	сводке	сводку	сводкой	curated	curated	0.99
свойственность	noun	свойственность	свойственности	свойственности	свойственность	свойственностью	curated	curated	0.99
свойство	noun	свойство	свойства	свойстве	свойство	свойством	curated	curated	0.99
связанность	noun	связанность	связанности	связанности	связанность	связанностью	curated	curated	0.99
связка	noun	связка	связки	связке	связку	связкой	curated	curated	0.99
связность	noun	связность	связности	связности	связность	связностью	curated	curated	0.99
связь	noun	связь	связи	связи	связь	связью	curated	curated	0.99
священник	noun	священник	священника	священнике	священника	священником	curated	curated	0.99
священность	noun	священность	священности	священности	священность	священностью	curated	curated	0.99
сгорбленность	noun	сгорбленность	сгорбленности	сгорбленности	сгорбленность	сгорбленностью	curated	curated	0.99
сдавленность	noun	сдавленность	сдавленности	сдавленности	сдавленность	сдавленностью	curated	curated	0.99
сдвиг	noun	сдвиг	сдвига	сдвиге	сдвиг	сдвигом	curated	curated	0.99
сдобность	noun	сдобность	сдобности	сдобности	сдобность	сдобностью	curated	curated	0.99
север	noun	север	севера	севере	север	севером	curated	curated	0.99
сегмент	noun	сегмент	сегмента	сегменте	сегмент	сегментом	curated	curated	0.99
сегментация	noun	сегментация	сегментации	сегментации	сегментацию	сегментацией	curated	curated	0.99
сегодня	noun	сегодня	сегодня	сегодня	сегодню	сегодней	curated	curated	0.99
седло	noun	седло	седла	седле	седло	седлом	curated	curated	0.99
сезон	noun	сезон	сезона	сезоне	сезон	сезоном	curated	curated	0.99
сейсмобезопасность	noun	сейсмобезопасность	сейсмобезопасности	сейсмобезопасности	сейсмобезопасность	сейсмобезопасностью	curated	curated	0.99
сейсмоопасность	noun	сейсмоопасность	сейсмоопасности	сейсмоопасности	сейсмоопасность	сейсмоопасностью	curated	curated	0.99
сейф	noun	сейф	сейфа	сейфе	сейф	сейфом	curated	curated	0.99
секрет	noun	секрет	секрета	секрете	секрет	секретом	curated	curated	0.99
сектор	noun	сектор	сектора	секторе	сектор	сектором	curated	curated	0.99
секунда	noun	секунда	секунды	секунде	секунду	секундой	curated	curated	0.99
секция	noun	секция	секции	секции	секцию	секцией	curated	curated	0.99
сельхозтехника	noun	сельхозтехника	сельхозтехники	сельхозтехнике	сельхозтехнику	сельхозтехникой	curated	curated	0.99
семя	noun	семя	семени	семени	семя	семенем	curated	curated	0.99
сенат	noun	сенат	сената	сенате	сенат	сенатом	curated	curated	0.99
сенситивность	noun	сенситивность	сенситивности	сенситивности	сенситивность	сенситивностью	curated	curated	0.99
сенсорика	noun	сенсорика	сенсорики	сенсорике	сенсорику	сенсорикой	curated	curated	0.99
сентябрь	noun	сентябрь	сентября	сентябре	сентябрь	сентябрем	curated	curated	0.99
сень	noun	сень	сени	сени	сень	сенью	curated	curated	0.99
сепарабельность	noun	сепарабельность	сепарабельности	сепарабельности	сепарабельность	сепарабельностью	curated	curated	0.99
септичность	noun	септичность	септичности	септичности	септичность	септичностью	curated	curated	0.99
середина	noun	середина	середины	середине	середину	серединой	curated	curated	0.99
сериализация	noun	сериализация	сериализации	сериализации	сериализацию	сериализацией	curated	curated	0.99
серп	noun	серп	серпа	серпе	серп	серпом	curated	curated	0.99
сестра	noun	сестра	сестры	сестре	сестру	сестрой	curated	curated	0.99
сетчатость	noun	сетчатость	сетчатости	сетчатости	сетчатость	сетчатостью	curated	curated	0.99
сеть	noun	сеть	сети	сети	сеть	сетью	curated	curated	0.99
сигарета	noun	сигарета	сигареты	сигарете	сигарету	сигаретой	curated	curated	0.99
сигнал	noun	сигнал	сигнала	сигнале	сигнал	сигналом	curated	curated	0.99
сиденье	noun	сиденье	сиденья	сиденье	сиденье	сиденьем	curated	curated	0.99
сила	noun	сила	силы	силе	силу	силой	curated	curated	0.99
силач	noun	силач	силача	силаче	силача	силачом	curated	curated	0.99
силлогизм	noun	силлогизм	силлогизма	силлогизме	силлогизм	силлогизмом	curated-p0-logic	curated	0.96
силогизм	noun	силогизм	силогизма	силогизме	силогизм	силогизмом	curated	curated	0.99
симпатия	noun	симпатия	симпатии	симпатии	симпатию	симпатией	curated	curated	0.99
сингулярность	noun	сингулярность	сингулярности	сингулярности	сингулярность	сингулярностью	curated	curated	0.99
синектика	noun	синектика	синектики	синектике	синектику	синектикой	curated	curated	0.99
синергетика	noun	синергетика	синергетики	синергетике	синергетику	синергетикой	curated	curated	0.99
синтактика	noun	синтактика	синтактики	синтактике	синтактику	синтактикой	curated	curated	0.99
синхронизация	noun	синхронизация	синхронизации	синхронизации	синхронизацию	синхронизацией	curated	curated	0.99
синхронность	noun	синхронность	синхронности	синхронности	синхронность	синхронностью	curated	curated	0.99
сирень	noun	сирень	сирени	сирени	сирень	сиренью	curated	curated	0.99
систематичность	noun	систематичность	систематичности	систематичности	систематичность	систематичностью	curated	curated	0.99
системотехника	noun	системотехника	системотехники	системотехнике	системотехнику	системотехникой	curated	curated	0.99
сказать	verb	сказать	сказать	сказать	сказать	сказать	curated	curated	0.95
сказка	noun	сказка	сказки	сказке	сказку	сказкой	curated	curated	0.99
скала	noun	скала	скалы	скале	скалу	скалой	curated	curated	0.99
скамья	noun	скамья	скамьи	скамье	скамью	скамьей	curated	curated	0.99
скаредность	noun	скаредность	скаредности	скаредности	скаредность	скаредностью	curated	curated	0.99
скатерть	noun	скатерть	скатерти	скатерти	скатерть	скатертью	curated	curated	0.99
скачок	noun	скачок	скачка	скачке	скачок	скачком	curated	curated	0.99
скидка	noun	скидка	скидки	скидке	скидку	скидкой	curated	curated	0.99
склад	noun	склад	склада	складе	склад	складом	curated	curated	0.99
складка	noun	складка	складки	складке	складку	складкой	curated	curated	0.99
скоординированность	noun	скоординированность	скоординированности	скоординированности	скоординированность	скоординированностью	curated	curated	0.99
скорострельность	noun	скорострельность	скорострельности	скорострельности	скорострельность	скорострельностью	curated	curated	0.99
скорость	noun	скорость	скорости	скорости	скорость	скоростью	curated	curated	0.99
скот	noun	скот	скота	скоте	скот	скотом	curated	curated	0.99
скошенность	noun	скошенность	скошенности	скошенности	скошенность	скошенностью	curated	curated	0.99
скрученность	noun	скрученность	скрученности	скрученности	скрученность	скрученностью	curated	curated	0.99
скручиваемость	noun	скручиваемость	скручиваемости	скручиваемости	скручиваемость	скручиваемостью	curated	curated	0.99
слава	noun	слава	славы	славе	славу	славой	curated	curated	0.99
сладкогласность	noun	сладкогласность	сладкогласности	сладкогласности	сладкогласность	сладкогласностью	curated	curated	0.99
следование	noun	следование	следования	следовании	следование	следованием	curated	curated	0.99
следствие	noun	следствие	следствия	следствии	следствие	следствием	curated-p0-logic	curated	0.97
слеза	noun	слеза	слезы	слезе	слезу	слезой	curated	curated	0.99
слепой	noun	слепой	слепого	слепом	слепого	слепым	curated	curated	0.99
слива	noun	слива	сливы	сливе	сливу	сливой	curated	curated	0.99
сложность	noun	сложность	сложности	сложности	сложность	сложностью	curated	curated	0.99
слой	noun	слой	слоя	слое	слой	слоем	curated	curated	0.99
слон	noun	слон	слона	слоне	слона	слоном	curated	curated	0.99
слуга	noun	слуга	слуги	слуге	слугу	слугой	curated	curated	0.99
служба	noun	служба	службы	службе	службу	службой	curated	curated	0.99
служебность	noun	служебность	служебности	служебности	служебность	служебностью	curated	curated	0.99
случай	noun	случай	случая	случае	случай	случаем	curated	curated	0.99
случайность	noun	случайность	случайности	случайности	случайность	случайностью	curated	curated	0.99
слушатель	noun	слушатель	слушателя	слушателе	слушателя	слушателем	curated	curated	0.99
смазанность	noun	смазанность	смазанности	смазанности	смазанность	смазанностью	curated	curated	0.99
смачиваемость	noun	смачиваемость	смачиваемости	смачиваемости	смачиваемость	смачиваемостью	curated	curated	0.99
смена	noun	смена	смены	смене	смену	сменой	curated	curated	0.99
смерть	noun	смерть	смерти	смерти	смерть	смертью	curated	curated	0.98
смесь	noun	смесь	смеси	смеси	смесь	смесью	curated	curated	0.99
смешанность	noun	смешанность	смешанности	смешанности	смешанность	смешанностью	curated	curated	0.99
смещаемость	noun	смещаемость	смещаемости	смещаемости	смещаемость	смещаемостью	curated	curated	0.99
сминаемость	noun	сминаемость	сминаемости	сминаемости	сминаемость	сминаемостью	curated	curated	0.99
смирение	noun	смирение	смирения	смирении	смирение	смирением	curated	curated	0.97
смирность	noun	смирность	смирности	смирности	смирность	смирностью	curated	curated	0.99
смола	noun	смола	смолы	смоле	смолу	смолой	curated	curated	0.99
смысл	noun	смысл	смысла	смысле	смысл	смыслом	curated	curated	0.99
снег	noun	снег	снега	снеге	снег	снегом	curated	curated	0.99
снеговик	noun	снеговик	снеговика	снеговике	снеговика	снеговиком	curated	curated	0.99
снегурка	noun	снегурка	снегурки	снегурке	снегурку	снегуркой	curated	curated	0.99
собака	noun	собака	собаки	собаке	собаку	собакой	curated	curated	0.99
собираемость	noun	собираемость	собираемости	собираемости	собираемость	собираемостью	curated	curated	0.99
собор	noun	собор	собора	соборе	собор	собором	curated	curated	0.99
событие	noun	событие	события	событии	событие	событием	curated	curated	0.99
совершенность	noun	совершенность	совершенности	совершенности	совершенность	совершенностью	curated	curated	0.99
совесть	noun	совесть	совести	совести	совесть	совестью	curated	curated	0.99
совет	noun	совет	совета	совете	совет	советом	curated	curated	0.99
совместимость	noun	совместимость	совместимости	совместимости	совместимость	совместимостью	curated	curated	0.99
согласие	noun	согласие	согласия	согласии	согласие	согласием	curated-p0-agency	curated	0.97
согласованность	noun	согласованность	согласованности	согласованности	согласованность	согласованностью	curated-p0-epistemic	curated	0.96
согнутость	noun	согнутость	согнутости	согнутости	согнутость	согнутостью	curated	curated	0.99
сознание	noun	сознание	сознания	сознании	сознание	сознанием	curated	curated	0.99
сок	noun	сок	сока	соке	сок	соком	curated	curated	0.99
сокол	noun	сокол	сокола	соколе	сокола	соколом	curated	curated	0.99
сокращаемость	noun	сокращаемость	сокращаемости	сокращаемости	сокращаемость	сокращаемостью	curated	curated	0.99
солдат	noun	солдат	солдата	солдате	солдата	солдатом	curated	curated	0.99
солнцестояние	noun	солнцестояние	солнцестояния	солнцестоянии	солнцестояние	солнцестоянием	curated	curated	0.99
сомнение	noun	сомнение	сомнения	сомнении	сомнение	сомнением	curated	curated	0.98
сон	noun	сон	сна	сне	сон	сном	curated	curated	0.99
соника	noun	соника	соники	сонике	сонику	соникой	curated	curated	0.99
сообщение	noun	сообщение	сообщения	сообщении	сообщение	сообщением	curated	curated	0.99
соосность	noun	соосность	соосности	соосности	соосность	соосностью	curated	curated	0.99
соответствие	noun	соответствие	соответствия	соответствии	соответствие	соответствием	curated	curated	0.99
соотношение	noun	соотношение	соотношения	соотношении	соотношение	соотношением	curated	curated	0.99
соподчиненность	noun	соподчиненность	соподчиненности	соподчиненности	соподчиненность	соподчиненностью	curated	curated	0.99
сопоставимость	noun	сопоставимость	сопоставимости	сопоставимости	сопоставимость	сопоставимостью	curated	curated	0.99
сопротивление	noun	сопротивление	сопротивления	сопротивлении	сопротивление	сопротивлением	curated	curated	0.99
сорока	noun	сорока	сороки	сороке	сороку	сорокой	curated	curated	0.99
сосед	noun	сосед	соседа	соседе	соседа	соседом	curated	curated	0.99
сосна	noun	сосна	сосны	сосне	сосну	сосной	curated	curated	0.99
состав	noun	состав	состава	составе	состав	составом	curated	curated	0.99
состоятельность	noun	состоятельность	состоятельности	состоятельности	состоятельность	состоятельностью	curated	curated	0.99
сосуд	noun	сосуд	сосуда	сосуде	сосуд	сосудом	curated	curated	0.99
софа	noun	софа	софы	софе	софу	софой	curated	curated	0.99
соха	noun	соха	сохи	сохе	соху	сохой	curated	curated	0.99
сохраняемость	noun	сохраняемость	сохраняемости	сохраняемости	сохраняемость	сохраняемостью	curated	curated	0.99
союз	noun	союз	союза	союзе	союз	союзом	curated	curated	0.99
союзсельхозтехника	noun	союзсельхозтехника	союзсельхозтехники	союзсельхозтехнике	союзсельхозтехнику	союзсельхозтехникой	curated	curated	0.99
союзспецавтоматика	noun	союзспецавтоматика	союзспецавтоматики	союзспецавтоматике	союзспецавтоматику	союзспецавтоматикой	curated	curated	0.99
спальный	noun	спальный	спального	спальном	спальный	спальным	curated	curated	0.99
спальня	noun	спальня	спальни	спальне	спальню	спальней	curated	curated	0.99
спектакль	noun	спектакль	спектакля	спектакле	спектакль	спектаклем	curated	curated	0.99
спектр	noun	спектр	спектра	спектре	спектр	спектром	curated	curated	0.99
спекуляция	noun	спекуляция	спекуляции	спекуляции	спекуляцию	спекуляцией	curated	curated	0.99
спецавтоматика	noun	спецавтоматика	спецавтоматики	спецавтоматике	спецавтоматику	спецавтоматикой	curated	curated	0.99
спецификация	noun	спецификация	спецификации	спецификации	спецификацию	спецификацией	curated	curated	0.99
специфичность	noun	специфичность	специфичности	специфичности	специфичность	специфичностью	curated	curated	0.99
спецоргтехника	noun	спецоргтехника	спецоргтехники	спецоргтехнике	спецоргтехнику	спецоргтехникой	curated	curated	0.99
спецтехника	noun	спецтехника	спецтехники	спецтехнике	спецтехнику	спецтехникой	curated	curated	0.99
спина	noun	спина	спины	спине	спину	спиной	curated	curated	0.99
спираль	noun	спираль	спирали	спирали	спираль	спиралью	curated	curated	0.99
список	noun	список	списка	списке	список	списком	curated	curated	0.99
спичка	noun	спичка	спички	спичке	спичку	спичкой	curated	curated	0.99
сплав	noun	сплав	сплава	сплаве	сплав	сплавом	curated	curated	0.99
сплошность	noun	сплошность	сплошности	сплошности	сплошность	сплошностью	curated	curated	0.99
сплюснутость	noun	сплюснутость	сплюснутости	сплюснутости	сплюснутость	сплюснутостью	curated	curated	0.99
сплющенность	noun	сплющенность	сплющенности	сплющенности	сплющенность	сплющенностью	curated	curated	0.99
спокойность	noun	спокойность	спокойности	спокойности	спокойность	спокойностью	curated	curated	0.99
спор	noun	спор	спора	споре	спор	спором	curated	curated	0.99
способ	noun	способ	способа	способе	способ	способом	curated	curated	0.99
способность	noun	способность	способности	способности	способность	способностью	curated-p0-agency	curated	0.97
справедливость	noun	справедливость	справедливости	справедливости	справедливость	справедливостью	curated	curated	0.98
справка	noun	справка	справки	справке	справку	справкой	curated	curated	0.99
спутанность	noun	спутанность	спутанности	спутанности	спутанность	спутанностью	curated	curated	0.99
среда	noun	среда	среды	среде	среду	средой	curated	curated	0.99
средство	noun	средство	средства	средстве	средство	средством	curated	curated	0.99
срок	noun	срок	срока	сроке	срок	сроком	curated	curated	0.99
ссора	noun	ссора	ссоры	ссоре	ссору	ссорой	curated	curated	0.99
ссылка	noun	ссылка	ссылки	ссылке	ссылку	ссылкой	curated	curated	0.99
стабилизируемость	noun	стабилизируемость	стабилизируемости	стабилизируемости	стабилизируемость	стабилизируемостью	curated	curated	0.99
стабильность	noun	стабильность	стабильности	стабильности	стабильность	стабильностью	curated	curated	0.99
ставка	noun	ставка	ставки	ставке	ставку	ставкой	curated	curated	0.99
стадион	noun	стадион	стадиона	стадионе	стадион	стадионом	curated	curated	0.99
стадия	noun	стадия	стадии	стадии	стадию	стадией	curated	curated	0.99
стадо	noun	стадо	стада	стаде	стадо	стадом	curated	curated	0.99
стакан	noun	стакан	стакана	стакане	стакан	стаканом	curated	curated	0.99
сталь	noun	сталь	стали	стали	сталь	сталью	curated	curated	0.99
стандартизация	noun	стандартизация	стандартизации	стандартизации	стандартизацию	стандартизацией	curated	curated	0.99
станок	noun	станок	станка	станке	станок	станком	curated	curated	0.99
станция	noun	станция	станции	станции	станцию	станцией	curated	curated	0.99
старик	noun	старик	старика	старике	старика	стариком	curated	curated	0.99
старшина	noun	старшина	старшины	старшине	старшину	старшиной	curated	curated	0.99
статус	noun	статус	статуса	статусе	статус	статусом	curated	curated	0.99
стая	noun	стая	стаи	стае	стаю	стаей	curated	curated	0.99
ствол	noun	ствол	ствола	стволе	ствол	стволом	curated	curated	0.99
стекло	noun	стекло	стекла	стекле	стекло	стеклом	curated	curated	0.99
стекловидность	noun	стекловидность	стекловидности	стекловидности	стекловидность	стекловидностью	curated	curated	0.99
стена	noun	стена	стены	стене	стену	стеной	curated	curated	0.99
стенд	noun	стенд	стенда	стенде	стенд	стендом	curated	curated	0.99
степень	noun	степень	степени	степени	степень	степенью	curated	curated	0.99
степь	noun	степь	степи	степи	степь	степью	curated	curated	0.99
стервозность	noun	стервозность	стервозности	стервозности	стервозность	стервозностью	curated	curated	0.99
стираемость	noun	стираемость	стираемости	стираемости	стираемость	стираемостью	curated	curated	0.99
стихия	noun	стихия	стихии	стихии	стихию	стихией	curated	curated	0.99
стойка	noun	стойка	стойки	стойке	стойку	стойкой	curated	curated	0.99
стол	noun	стол	стола	столе	стол	столом	curated	curated	0.99
столб	noun	столб	столба	столбе	столб	столбом	curated	curated	0.99
столовая	noun	столовая	столовой	столовой	столовую	столовой	curated	curated	0.99
столяр	noun	столяр	столяра	столяре	столяра	столяром	curated	curated	0.99
стон	noun	стон	стона	стоне	стон	стоном	curated	curated	0.99
сторона	noun	сторона	стороны	стороне	сторону	стороной	curated	curated	0.99
стохастичность	noun	стохастичность	стохастичности	стохастичности	стохастичность	стохастичностью	curated	curated	0.99
стоянка	noun	стоянка	стоянки	стоянке	стоянку	стоянкой	curated	curated	0.99
страдание	noun	страдание	страдания	страдании	страдание	страданием	curated	curated	0.98
страница	noun	страница	страницы	странице	страницу	страницей	curated	curated	0.99
страсть	noun	страсть	страсти	страсти	страсть	страстью	curated	curated	0.99
страх	noun	страх	страха	страхе	страх	страхом	curated	curated	0.98
стрела	noun	стрела	стрелы	стреле	стрелу	стрелой	curated	curated	0.99
стреловидность	noun	стреловидность	стреловидности	стреловидности	стреловидность	стреловидностью	curated	curated	0.99
стремянка	noun	стремянка	стремянки	стремянке	стремянку	стремянкой	curated	curated	0.99
строка	noun	строка	строки	строке	строку	строкой	curated	curated	0.99
строчка	noun	строчка	строчки	строчке	строчку	строчкой	curated	curated	0.99
структурируемость	noun	структурируемость	структурируемости	структурируемости	структурируемость	структурируемостью	curated	curated	0.99
струна	noun	струна	струны	струне	струну	струной	curated	curated	0.99
студент	noun	студент	студента	студенте	студента	студентом	curated	curated	0.99
стул	noun	стул	стула	стуле	стул	стулом	curated	curated	0.99
стыд	noun	стыд	стыда	стыде	стыд	стыдом	curated	curated	0.98
субацидность	noun	субацидность	субацидности	субацидности	субацидность	субацидностью	curated	curated	0.99
субгармоника	noun	субгармоника	субгармоники	субгармонике	субгармонику	субгармоникой	curated	curated	0.99
субъектность	noun	субъектность	субъектности	субъектности	субъектность	субъектностью	curated	curated	0.99
суд	noun	суд	суда	суде	суд	судом	curated	curated	0.99
судно	noun	судно	судна	судне	судно	судном	curated	curated	0.99
судьба	noun	судьба	судьбы	судьбе	судьбу	судьбой	curated	curated	0.98
судьбоносность	noun	судьбоносность	судьбоносности	судьбоносности	судьбоносность	судьбоносностью	curated	curated	0.99
суждение	noun	суждение	суждения	суждении	суждение	суждением	curated-p0-logic	curated	0.97
сумасбродность	noun	сумасбродность	сумасбродности	сумасбродности	сумасбродность	сумасбродностью	curated	curated	0.99
сумеречность	noun	сумеречность	сумеречности	сумеречности	сумеречность	сумеречностью	curated	curated	0.99
сумка	noun	сумка	сумки	сумке	сумку	сумкой	curated	curated	0.99
сумма	noun	сумма	суммы	сумме	сумму	суммой	curated	curated	0.99
суммируемость	noun	суммируемость	суммируемости	суммируемости	суммируемость	суммируемостью	curated	curated	0.99
суп	noun	суп	супа	супе	суп	супом	curated	curated	0.99
супоросность	noun	супоросность	супоросности	супоросности	супоросность	супоросностью	curated	curated	0.99
супруга	noun	супруга	супруги	супруге	супругу	супругой	curated	curated	0.99
сурдотехника	noun	сурдотехника	сурдотехники	сурдотехнике	сурдотехнику	сурдотехникой	curated	curated	0.99
сутки	noun	сутки	суток	сутках	сутки	сутками	curated	curated	0.99
существование	noun	существование	существования	существовании	существование	существованием	curated	curated	0.98
существовать	verb	существовать	существовать	существовать	существовать	существовать	curated	curated	0.95
сфера	noun	сфера	сферы	сфере	сферу	сферой	curated	curated	0.99
схема	noun	схема	схемы	схеме	схему	схемой	curated	curated	0.99
сходимость	noun	сходимость	сходимости	сходимости	сходимость	сходимостью	curated	curated	0.99
сцена	noun	сцена	сцены	сцене	сцену	сценой	curated	curated	0.99
сценарий	noun	сценарий	сценария	сценарии	сценарий	сценарием	curated	curated	0.99
сценарность	noun	сценарность	сценарности	сценарности	сценарность	сценарностью	curated	curated	0.99
сцепленность	noun	сцепленность	сцепленности	сцепленности	сцепленность	сцепленностью	curated	curated	0.99
сцепляемость	noun	сцепляемость	сцепляемости	сцепляемости	сцепляемость	сцепляемостью	curated	curated	0.99
счастье	noun	счастье	счастья	счастье	счастье	счастьем	curated	curated	0.99
счетность	noun	счетность	счетности	счетности	счетность	счетностью	curated	curated	0.99
счет	noun	счет	счета	счете	счет	счетом	curated	curated	0.99
табак	noun	табак	табака	табаке	табак	табаком	curated	curated	0.99
таблица	noun	таблица	таблицы	таблице	таблицу	таблицей	curated	curated	0.99
табурет	noun	табурет	табурета	табурете	табурет	табуретом	curated	curated	0.99
тавтология	noun	тавтология	тавтологии	тавтологии	тавтологию	тавтологией	curated	curated	0.99
тагмемика	noun	тагмемика	тагмемики	тагмемике	тагмемику	тагмемикой	curated	curated	0.99
тайга	noun	тайга	тайги	тайге	тайгу	тайгой	curated	curated	0.99
тайна	noun	тайна	тайны	тайне	тайну	тайной	curated	curated	0.99
такси	noun	такси	такси	такси	такси	таксиом	curated	curated	0.99
тактичность	noun	тактичность	тактичности	тактичности	тактичность	тактичностью	curated	curated	0.99
талант	noun	талант	таланта	таланте	талант	талантом	curated	curated	0.99
танец	noun	танец	танца	танце	танец	танцем	curated	curated	0.99
танк	noun	танк	танка	танке	танк	танком	curated	curated	0.99
тарелка	noun	тарелка	тарелки	тарелке	тарелку	тарелкой	curated	curated	0.99
тариф	noun	тариф	тарифа	тарифе	тариф	тарифом	curated	curated	0.99
тачка	noun	тачка	тачки	тачке	тачку	тачкой	curated	curated	0.99
тварь	noun	тварь	твари	твари	тварь	тварью	curated	curated	0.99
твердь	noun	твердь	тверди	тверди	твердь	твердью	curated	curated	0.99
тезис	noun	тезис	тезиса	тезисе	тезис	тезисом	curated-p0-logic	curated	0.98
тектонофизика	noun	тектонофизика	тектонофизики	тектонофизике	тектонофизику	тектонофизикой	curated	curated	0.99
телевизор	noun	телевизор	телевизора	телевизоре	телевизор	телевизором	curated	curated	0.99
телега	noun	телега	телеги	телеге	телегу	телегой	curated	curated	0.99
телематика	noun	телематика	телематики	телематике	телематику	телематикой	curated	curated	0.99
телеметрия	noun	телеметрия	телеметрии	телеметрии	телеметрию	телеметрией	curated	curated	0.99
телерадиотехника	noun	телерадиотехника	телерадиотехники	телерадиотехнике	телерадиотехнику	телерадиотехникой	curated	curated	0.99
телефон	noun	телефон	телефона	телефоне	телефон	телефоном	curated	curated	0.99
тело	noun	тело	тела	теле	тело	телом	curated	curated	0.98
тема	noun	тема	темы	теме	тему	темой	curated	curated	0.99
темница	noun	темница	темницы	темнице	темницу	темницей	curated	curated	0.99
температура	noun	температура	температуры	температуре	температуру	температурой	curated	curated	0.99
температуростойкость	noun	температуростойкость	температуростойкости	температуростойкости	температуростойкость	температуростойкостью	curated	curated	0.99
тендер	noun	тендер	тендера	тендере	тендер	тендером	curated	curated	0.99
тенор	noun	тенор	тенора	теноре	тенора	тенором	curated	curated	0.99
тень	noun	тень	тени	тени	тень	тенью	curated	curated	0.99
теорема	noun	теорема	теоремы	теореме	теорему	теоремой	curated-p0-logic	curated	0.98
теория	noun	теория	теории	теории	теорию	теорией	curated	curated	0.99
тепловатость	noun	тепловатость	тепловатости	тепловатости	тепловатость	тепловатостью	curated	curated	0.99
теплокровность	noun	теплокровность	теплокровности	теплокровности	теплокровность	теплокровностью	curated	curated	0.99
теплонапряженность	noun	теплонапряженность	теплонапряженности	теплонапряженности	теплонапряженность	теплонапряженностью	curated	curated	0.99
теплонепрозрачность	noun	теплонепрозрачность	теплонепрозрачности	теплонепрозрачности	теплонепрозрачность	теплонепрозрачностью	curated	curated	0.99
теплонепроницаемость	noun	теплонепроницаемость	теплонепроницаемости	теплонепроницаемости	теплонепроницаемость	теплонепроницаемостью	curated	curated	0.99
теплопрозрачность	noun	теплопрозрачность	теплопрозрачности	теплопрозрачности	теплопрозрачность	теплопрозрачностью	curated	curated	0.99
теплопроницаемость	noun	теплопроницаемость	теплопроницаемости	теплопроницаемости	теплопроницаемость	теплопроницаемостью	curated	curated	0.99
теплофизика	noun	теплофизика	теплофизики	теплофизике	теплофизику	теплофизикой	curated	curated	0.99
термин	noun	термин	термина	термине	термин	термином	curated-p0-logic	curated	0.97
термос	noun	термос	термоса	термосе	термос	термосом	curated	curated	0.99
терраса	noun	терраса	террасы	террасе	террасу	террасой	curated	curated	0.99
территория	noun	территория	территории	территории	территорию	территорией	curated	curated	0.99
тес	noun	тес	теса	тесе	тес	тесом	curated	curated	0.99
теснота	noun	теснота	тесноты	тесноте	тесноту	теснотой	curated	curated	0.99
техника	noun	техника	техники	технике	технику	техникой	curated	curated	0.99
технология	noun	технология	технологии	технологии	технологию	технологией	curated	curated	0.99
тигр	noun	тигр	тигра	тигре	тигра	тигром	curated	curated	0.99
тираж	noun	тираж	тиража	тираже	тираж	тиражом	curated	curated	0.99
титул	noun	титул	титула	титуле	титул	титулом	curated	curated	0.99
ткань	noun	ткань	ткани	ткани	ткань	тканью	curated	curated	0.99
товар	noun	товар	товара	товаре	товар	товаром	curated	curated	0.99
товарищ	noun	товарищ	товарища	товарище	товарища	товарищем	curated	curated	0.99
ток	noun	ток	тока	токе	ток	током	curated	curated	0.99
токенизация	noun	токенизация	токенизации	токенизации	токенизацию	токенизацией	curated	curated	0.99
толпа	noun	толпа	толпы	толпе	толпу	толпой	curated	curated	0.99
толщина	noun	толщина	толщины	толщине	толщину	толщиной	curated	curated	0.99
топливо	noun	топливо	топлива	топливе	топливо	топливом	curated	curated	0.99
тоска	noun	тоска	тоски	тоске	тоску	тоской	curated	curated	0.98
точка	noun	точка	точки	точке	точку	точкой	curated	curated	0.99
точность	noun	точность	точности	точности	точность	точностью	curated	curated	0.99
трава	noun	трава	травы	траве	траву	травой	curated	curated	0.99
традиция	noun	традиция	традиции	традиции	традицию	традицией	curated	curated	0.99
траектория	noun	траектория	траектории	траектории	траекторию	траекторией	curated	curated	0.99
трактор	noun	трактор	трактора	тракторе	трактор	трактором	curated	curated	0.99
трамвай	noun	трамвай	трамвая	трамвае	трамвай	трамваем	curated	curated	0.99
транзакция	noun	транзакция	транзакции	транзакции	транзакцию	транзакцией	curated	curated	0.99
транспорт	noun	транспорт	транспорта	транспорте	транспорт	транспортом	curated	curated	0.99
трассируемость	noun	трассируемость	трассируемости	трассируемости	трассируемость	трассируемостью	curated	curated	0.99
траур	noun	траур	траура	трауре	траур	трауром	curated	curated	0.99
тревога	noun	тревога	тревоги	тревоге	тревогу	тревогой	curated	curated	0.98
тренер	noun	тренер	тренера	тренере	тренера	тренером	curated	curated	0.99
трение	noun	трение	трения	трении	трение	трением	curated	curated	0.99
тренировка	noun	тренировка	тренировки	тренировке	тренировку	тренировкой	curated	curated	0.99
триггер	noun	триггер	триггера	триггере	триггер	триггером	curated	curated	0.99
тропа	noun	тропа	тропы	тропе	тропу	тропой	curated	curated	0.99
тротуар	noun	тротуар	тротуара	тротуаре	тротуар	тротуаром	curated	curated	0.99
труба	noun	труба	трубы	трубе	трубу	трубой	curated	curated	0.99
трудность	noun	трудность	трудности	трудности	трудность	трудностью	curated	curated	0.99
тряпка	noun	тряпка	тряпки	тряпке	тряпку	тряпкой	curated	curated	0.99
туман	noun	туман	тумана	тумане	туман	туманом	curated	curated	0.99
тыква	noun	тыква	тыквы	тыкве	тыкву	тыквой	curated	curated	0.99
тысяча	noun	тысяча	тысячи	тысяче	тысячу	тысячей	curated	curated	0.99
тюк	noun	тюк	тюка	тюке	тюк	тюком	curated	curated	0.99
тюрьма	noun	тюрьма	тюрьмы	тюрьме	тюрьму	тюрьмой	curated	curated	0.99
уборка	noun	уборка	уборки	уборке	уборку	уборкой	curated	curated	0.99
уведомление	noun	уведомление	уведомления	уведомлении	уведомление	уведомлением	curated	curated	0.99
уверенность	noun	уверенность	уверенности	уверенности	уверенность	уверенностью	curated	curated	0.99
уголь	noun	уголь	угля	угле	уголь	углем	curated	curated	0.99
удаленность	noun	удаленность	удаленности	удаленности	удаленность	удаленностью	curated	curated	0.99
удобство	noun	удобство	удобства	удобстве	удобство	удобством	curated	curated	0.99
удовлетворение	noun	удовлетворение	удовлетворения	удовлетворении	удовлетворение	удовлетворением	curated	curated	0.99
удочка	noun	удочка	удочки	удочке	удочку	удочкой	curated	curated	0.99
узел	noun	узел	узла	узле	узел	узлом	curated	curated	0.99
указ	noun	указ	указа	указе	указ	указом	curated	curated	0.99
укус	noun	укус	укуса	укусе	укус	укусом	curated	curated	0.99
улица	noun	улица	улицы	улице	улицу	улицей	curated	curated	0.99
умозаключение	noun	умозаключение	умозаключения	умозаключении	умозаключение	умозаключением	curated	curated	0.99
университет	noun	университет	университета	университете	университет	университетом	curated	curated	0.99
унификация	noun	унификация	унификации	унификации	унификацию	унификацией	curated	curated	0.99
униформа	noun	униформа	униформы	униформе	униформу	униформой	curated	curated	0.99
упаковка	noun	упаковка	упаковки	упаковке	упаковку	упаковкой	curated	curated	0.99
управление	noun	управление	управления	управлении	управление	управлением	curated	curated	0.99
упругость	noun	упругость	упругости	упругости	упругость	упругостью	curated	curated	0.99
ураган	noun	ураган	урагана	урагане	ураган	ураганом	curated	curated	0.99
уровень	noun	уровень	уровня	уровне	уровень	уровнем	curated	curated	0.99
урожай	noun	урожай	урожая	урожае	урожай	урожаем	curated	curated	0.99
ус	noun	ус	уса	усе	ус	усом	curated	curated	0.99
усилитель	noun	усилитель	усилителя	усилителе	усилитель	усилителем	curated	curated	0.99
ускорение	noun	ускорение	ускорения	ускорении	ускорение	ускорением	curated	curated	0.99
условие	noun	условие	условия	условии	условие	условием	curated-p0-modality	curated	0.98
услуга	noun	услуга	услуги	услуге	услугу	услугой	curated	curated	0.99
успех	noun	успех	успеха	успехе	успех	успехом	curated	curated	0.99
уста	noun	уста	уст	устах	усту	устами	curated	curated	0.99
устав	noun	устав	устава	уставе	устав	уставом	curated	curated	0.99
устойчивость	noun	устойчивость	устойчивости	устойчивости	устойчивость	устойчивостью	curated	curated	0.99
устройство	noun	устройство	устройства	устройстве	устройство	устройством	curated	curated	0.99
утверждение	noun	утверждение	утверждения	утверждении	утверждение	утверждением	curated-p0-logic	curated	0.98
утка	noun	утка	утки	утке	утку	уткой	curated	curated	0.99
уточнять	verb	уточнять	уточнять	уточнять	уточнять	уточнять	curated	curated	0.95
утрата	noun	утрата	утраты	утрате	утрату	утратой	curated	curated	0.98
утро	noun	утро	утра	утре	утро	утром	curated	curated	0.99
ухо	noun	ухо	уха	ухе	ухо	ухом	curated	curated	0.99
уход	noun	уход	ухода	уходе	уход	уходом	curated	curated	0.97
участник	noun	участник	участника	участнике	участника	участником	curated	curated	0.99
участок	noun	участок	участка	участке	участок	участком	curated	curated	0.99
учеба	noun	учеба	учебы	учебе	учебу	учебой	curated	curated	0.99
учебник	noun	учебник	учебника	учебнике	учебник	учебником	curated	curated	0.99
учитель	noun	учитель	учителя	учителе	учителя	учителем	curated	curated	0.99
фабрика	noun	фабрика	фабрики	фабрике	фабрику	фабрикой	curated	curated	0.99
фаза	noun	фаза	фазы	фазе	фазу	фазой	curated	curated	0.99
факел	noun	факел	факела	факеле	факел	факелом	curated	curated	0.99
факт	noun	факт	факта	факте	факт	фактом	curated-p0-epistemic	curated	0.98
фанера	noun	фанера	фанеры	фанере	фанеру	фанерой	curated	curated	0.99
фантазия	noun	фантазия	фантазии	фантазии	фантазию	фантазией	curated	curated	0.99
фантом	noun	фантом	фантома	фантоме	фантом	фантомом	curated	curated	0.99
фасад	noun	фасад	фасада	фасаде	фасад	фасадом	curated	curated	0.99
февраль	noun	февраль	февраля	феврале	февраль	февралем	curated	curated	0.99
ферма	noun	ферма	фермы	ферме	ферму	фермой	curated	curated	0.99
фермер	noun	фермер	фермера	фермере	фермера	фермером	curated	curated	0.99
фигура	noun	фигура	фигуры	фигуре	фигуру	фигурой	curated	curated	0.99
физика	noun	физика	физики	физике	физику	физикой	curated	curated	0.99
философия	noun	философия	философии	философии	философию	философией	curated	curated	0.98
фильм	noun	фильм	фильма	фильме	фильм	фильмом	curated	curated	0.99
фильтрация	noun	фильтрация	фильтрации	фильтрации	фильтрацию	фильтрацией	curated	curated	0.99
финал	noun	финал	финала	финале	финал	финалом	curated	curated	0.99
фирма	noun	фирма	фирмы	фирме	фирму	фирмой	curated	curated	0.99
флейта	noun	флейта	флейты	флейте	флейту	флейтой	curated	curated	0.99
флот	noun	флот	флота	флоте	флот	флотом	curated	curated	0.99
фокус	noun	фокус	фокуса	фокусе	фокус	фокусом	curated	curated	0.99
формализация	noun	формализация	формализации	формализации	формализацию	формализацией	curated	curated	0.99
фраза	noun	фраза	фразы	фразе	фразу	фразой	curated	curated	0.99
фронт	noun	фронт	фронта	фронте	фронт	фронтом	curated	curated	0.99
фрукт	noun	фрукт	фрукта	фрукте	фрукт	фруктом	curated	curated	0.99
функциональность	noun	функциональность	функциональности	функциональности	функциональность	функциональностью	curated	curated	0.99
фунт	noun	фунт	фунта	фунте	фунт	фунтом	curated	curated	0.99
фургон	noun	фургон	фургона	фургоне	фургон	фургоном	curated	curated	0.99
халат	noun	халат	халата	халате	халат	халатом	curated	curated	0.99
характеристика	noun	характеристика	характеристики	характеристике	характеристику	характеристикой	curated	curated	0.99
хвост	noun	хвост	хвоста	хвосте	хвост	хвостом	curated	curated	0.99
хвоя	noun	хвоя	хвои	хвое	хвою	хвоей	curated	curated	0.99
хлеб	noun	хлеб	хлеба	хлебе	хлеб	хлебом	curated	curated	0.99
хлопок	noun	хлопок	хлопка	хлопке	хлопок	хлопком	curated	curated	0.99
хозяин	noun	хозяин	хозяина	хозяине	хозяина	хозяином	curated	curated	0.99
холод	noun	холод	холода	холоде	холод	холодом	curated	curated	0.99
холодильник	noun	холодильник	холодильника	холодильнике	холодильник	холодильником	curated	curated	0.99
хорошо	noun	хорошо	хорошо	хорошо	хорошо	хорошом	curated	curated	0.99
храм	noun	храм	храма	храме	храм	храмом	curated	curated	0.99
хрен	noun	хрен	хрена	хрене	хрен	хреном	curated	curated	0.99
хрупкость	noun	хрупкость	хрупкости	хрупкости	хрупкость	хрупкостью	curated	curated	0.98
царство	noun	царство	царства	царстве	царство	царством	curated	curated	0.99
цвет	noun	цвет	цвета	цвете	цвет	цветом	curated	curated	0.99
цветок	noun	цветок	цветка	цветке	цветок	цветком	curated	curated	0.99
целеполагание	noun	целеполагание	целеполагания	целеполагании	целеполагание	целеполаганием	curated	curated	0.99
целостность	noun	целостность	целостности	целостности	целостность	целостностью	curated	curated	0.99
цель	noun	цель	цели	цели	цель	целью	curated	curated	0.98
цена	noun	цена	цены	цене	цену	ценой	curated	curated	0.99
цепочка	noun	цепочка	цепочки	цепочке	цепочку	цепочкой	curated	curated	0.99
церемония	noun	церемония	церемонии	церемонии	церемонию	церемонией	curated	curated	0.99
церковь	noun	церковь	церкви	церкви	церковь	церковью	curated	curated	0.99
циклон	noun	циклон	циклона	циклоне	циклон	циклоном	curated	curated	0.99
цилиндр	noun	цилиндр	цилиндра	цилиндре	цилиндр	цилиндром	curated	curated	0.99
цинк	noun	цинк	цинка	цинке	цинк	цинком	curated	curated	0.99
цирк	noun	цирк	цирка	цирке	цирк	цирком	curated	curated	0.99
цитата	noun	цитата	цитаты	цитате	цитату	цитатой	curated	curated	0.99
цифра	noun	цифра	цифры	цифре	цифру	цифрой	curated	curated	0.96
час	noun	час	часа	часе	час	часом	curated	curated	0.99
частица	noun	частица	частицы	частице	частицу	частицей	curated	curated	0.99
частота	noun	частота	частоты	частоте	частоту	частотой	curated	curated	0.99
часы	noun	часы	часов	часах	часы	часами	curated	curated	0.99
чашка	noun	чашка	чашки	чашке	чашку	чашкой	curated	curated	0.99
чек	noun	чек	чека	чеке	чек	чеком	curated	curated	0.99
челюсть	noun	челюсть	челюсти	челюсти	челюсть	челюстью	curated	curated	0.99
чемодан	noun	чемодан	чемодана	чемодане	чемодан	чемоданом	curated	curated	0.99
червь	noun	червь	червя	черве	червя	червем	curated	curated	0.99
череп	noun	череп	черепа	черепе	череп	черепом	curated	curated	0.99
черепаха	noun	черепаха	черепахи	черепахе	черепаху	черепахой	curated	curated	0.99
черника	noun	черника	черники	чернике	чернику	черникой	curated	curated	0.99
черта	noun	черта	черты	черте	черту	чертой	curated	curated	0.99
чертеж	noun	чертеж	чертежа	чертеже	чертеж	чертежом	curated	curated	0.99
честность	noun	честность	честности	честности	честность	честностью	curated	curated	0.98
честь	noun	честь	чести	чести	честь	честью	curated	curated	0.99
четверг	noun	четверг	четверга	четверге	четверг	четвергом	curated	curated	0.99
чехол	noun	чехол	чехла	чехле	чехол	чехлом	curated	curated	0.99
чин	noun	чин	чина	чине	чин	чином	curated	curated	0.99
читатель	noun	читатель	читателя	читателе	читателя	читателем	curated	curated	0.99
член	noun	член	члена	члене	член	членом	curated	curated	0.99
чувствительность	noun	чувствительность	чувствительности	чувствительности	чувствительность	чувствительностью	curated	curated	0.99
чулан	noun	чулан	чулана	чулане	чулан	чуланом	curated	curated	0.99
чулок	noun	чулок	чулка	чулке	чулок	чулком	curated	curated	0.99
шалаш	noun	шалаш	шалаша	шалаше	шалаш	шалашом	curated	curated	0.99
шапка	noun	шапка	шапки	шапке	шапку	шапкой	curated	curated	0.99
шар	noun	шар	шара	шаре	шар	шаром	curated	curated	0.99
шахматы	noun	шахматы	шахмат	шахматах	шахматы	шахматами	curated	curated	0.99
шахта	noun	шахта	шахты	шахте	шахту	шахтой	curated	curated	0.99
шинель	noun	шинель	шинели	шинели	шинель	шинелью	curated	curated	0.99
ширина	noun	ширина	ширины	ширине	ширину	шириной	curated	curated	0.99
шифрование	noun	шифрование	шифрования	шифровании	шифрование	шифрованием	curated	curated	0.99
шкала	noun	шкала	шкалы	шкале	шкалу	шкалой	curated	curated	0.99
шкаф	noun	шкаф	шкафа	шкафе	шкаф	шкафом	curated	curated	0.99
шквал	noun	шквал	шквала	шквале	шквал	шквалом	curated	curated	0.99
школа	noun	школа	школы	школе	школу	школой	curated	curated	0.99
шлагбаум	noun	шлагбаум	шлагбаума	шлагбауме	шлагбаум	шлагбаумом	curated	curated	0.99
шляпа	noun	шляпа	шляпы	шляпе	шляпу	шляпой	curated	curated	0.99
штаб	noun	штаб	штаба	штабе	штаб	штабом	curated	curated	0.99
штиль	noun	штиль	штиля	штиле	штиль	штилем	curated	curated	0.99
шторм	noun	шторм	шторма	шторме	шторм	штормом	curated	curated	0.99
штука	noun	штука	штуки	штуке	штуку	штукой	curated	curated	0.99
щека	noun	щека	щеки	щеке	щеку	щекой	curated	curated	0.99
щелк	noun	щелк	щелка	щелке	щелк	щелком	curated	curated	0.99
щепка	noun	щепка	щепки	щепке	щепку	щепкой	curated	curated	0.99
щит	noun	щит	щита	щите	щит	щитом	curated	curated	0.99
эвристичность	noun	эвристичность	эвристичности	эвристичности	эвристичность	эвристичностью	curated	curated	0.99
эквивалентность	noun	эквивалентность	эквивалентности	эквивалентности	эквивалентность	эквивалентностью	curated	curated	0.99
эквиваленция	noun	эквиваленция	эквиваленции	эквиваленции	эквиваленцию	эквиваленцией	curated-p0-logic	curated	0.96
экзамен	noun	экзамен	экзамена	экзамене	экзамен	экзаменом	curated	curated	0.99
экономика	noun	экономика	экономики	экономике	экономику	экономикой	curated	curated	0.99
экономия	noun	экономия	экономии	экономии	экономию	экономией	curated	curated	0.99
экран	noun	экран	экрана	экране	экран	экраном	curated	curated	0.99
экспедиция	noun	экспедиция	экспедиции	экспедиции	экспедицию	экспедицией	curated	curated	0.99
эксперимент	noun	эксперимент	эксперимента	эксперименте	эксперимент	экспериментом	curated	curated	0.99
эксперт	noun	эксперт	эксперта	эксперте	эксперта	экспертом	curated	curated	0.99
экспликация	noun	экспликация	экспликации	экспликации	экспликацию	экспликацией	curated-p0-logic	curated	0.95
экстраполяция	noun	экстраполяция	экстраполяции	экстраполяции	экстраполяцию	экстраполяцией	curated	curated	0.99
электричество	noun	электричество	электричества	электричестве	электричество	электричеством	curated	curated	0.99
электрон	noun	электрон	электрона	электроне	электрона	электроном	curated	curated	0.99
элемент	noun	элемент	элемента	элементе	элемент	элементом	curated	curated	0.99
эмбарго	noun	эмбарго	эмбарго	эмбарго	эмбарго	эмбаргом	curated	curated	0.99
эмоция	noun	эмоция	эмоции	эмоции	эмоцию	эмоцией	curated	curated	0.99
энергия	noun	энергия	энергии	энергии	энергию	энергией	curated	curated	0.99
энтейлмент	noun	энтейлмент	энтейлмента	энтейлменте	энтейлмент	энтейлментом	curated-p0-logic	curated	0.95
энтузиазм	noun	энтузиазм	энтузиазма	энтузиазме	энтузиазм	энтузиазмом	curated	curated	0.99
эпидемия	noun	эпидемия	эпидемии	эпидемии	эпидемию	эпидемией	curated	curated	0.99
эпизод	noun	эпизод	эпизода	эпизоде	эпизод	эпизодом	curated	curated	0.99
эпоха	noun	эпоха	эпохи	эпохе	эпоху	эпохой	curated	curated	0.99
эра	noun	эра	эры	эре	эру	эрой	curated	curated	0.99
эрмитаж	noun	эрмитаж	эрмитажа	эрмитаже	эрмитаж	эрмитажем	curated	curated	0.99
эскалация	noun	эскалация	эскалации	эскалации	эскалацию	эскалацией	curated	curated	0.99
эстакада	noun	эстакада	эстакады	эстакаде	эстакаду	эстакадой	curated	curated	0.99
эстетика	noun	эстетика	эстетики	эстетике	эстетику	эстетикой	curated	curated	0.99
эстрада	noun	эстрада	эстрады	эстраде	эстраду	эстрадой	curated	curated	0.99
этаж	noun	этаж	этажа	этаже	этаж	этажом	curated	curated	0.99
эталон	noun	эталон	эталона	эталоне	эталон	эталоном	curated	curated	0.99
этап	noun	этап	этапа	этапе	этап	этапом	curated	curated	0.99
этикет	noun	этикет	этикета	этикете	этикет	этикетом	curated	curated	0.99
этнография	noun	этнография	этнографии	этнографии	этнографию	этнографией	curated	curated	0.99
этюд	noun	этюд	этюда	этюде	этюд	этюдом	curated	curated	0.99
эфир	noun	эфир	эфира	эфире	эфир	эфиром	curated	curated	0.99
эффект	noun	эффект	эффекта	эффекте	эффект	эффектом	curated	curated	0.99
эффективность	noun	эффективность	эффективности	эффективности	эффективность	эффективностью	curated	curated	0.99
эхо	noun	эхо	эха	эхе	эхо	эхом	curated	curated	0.99
эшелон	noun	эшелон	эшелона	эшелоне	эшелон	эшелоном	curated	curated	0.99
юбилей	noun	юбилей	юбилея	юбилее	юбилей	юбилеем	curated	curated	0.99
юбка	noun	юбка	юбки	юбке	юбку	юбкой	curated	curated	0.99
юг	noun	юг	юга	юге	юг	югом	curated	curated	0.99
юность	noun	юность	юности	юности	юность	юностью	curated	curated	0.99
юноша	noun	юноша	юноши	юноше	юношу	юношей	curated	curated	0.99
юриспруденция	noun	юриспруденция	юриспруденции	юриспруденции	юриспруденцию	юриспруденцией	curated	curated	0.99
яблоко	noun	яблоко	яблока	яблоке	яблоко	яблоком	curated	curated	0.99
яблоня	noun	яблоня	яблони	яблоне	яблоню	яблоней	curated	curated	0.99
явление	noun	явление	явления	явлении	явление	явлением	curated	curated	0.99
явор	noun	явор	явора	яворе	явор	явором	curated	curated	0.99
ягода	noun	ягода	ягоды	ягоде	ягоду	ягодой	curated	curated	0.99
ядерный	noun	ядерный	ядерного	ядерном	ядерный	ядерным	curated	curated	0.99
язва	noun	язва	язвы	язве	язву	язвой	curated	curated	0.99
язык	noun	язык	языка	языке	язык	языком	curated	curated	0.98
яйцо	noun	яйцо	яйца	яйце	яйцо	яйцом	curated	curated	0.99
якорь	noun	якорь	якоря	якоре	якорь	якорем	curated	curated	0.97
яма	noun	яма	ямы	яме	яму	ямой	curated	curated	0.99
январь	noun	январь	января	январе	январь	январем	curated	curated	0.99
японец	noun	японец	японца	японце	японца	японцем	curated	curated	0.99
япония	noun	япония	японии	японии	японию	японией	curated	curated	0.99
яркость	noun	яркость	яркости	яркости	яркость	яркостью	curated	curated	0.99
ярмарка	noun	ярмарка	ярмарки	ярмарке	ярмарку	ярмаркой	curated	curated	0.99
ярмо	noun	ярмо	ярма	ярме	ярмо	ярмом	curated	curated	0.99
ярость	noun	ярость	ярости	ярости	ярость	яростью	curated	curated	0.99
ясень	noun	ясень	ясеня	ясене	ясень	ясенем	curated	curated	0.99
ясли	noun	ясли	ясель	яслях	ясли	яслями	curated	curated	0.99
ясность	noun	ясность	ясности	ясности	ясность	ясностью	curated	curated	0.99
яство	noun	яство	яства	ястве	яство	яством	curated	curated	0.99
ястреб	noun	ястреб	ястреба	ястребе	ястреба	ястребом	curated	curated	0.99
ячмень	noun	ячмень	ячменя	ячмене	ячмень	ячменем	curated	curated	0.99
ящерица	noun	ящерица	ящерицы	ящерице	ящерицу	ящерицей	curated	curated	0.99
ящик	noun	ящик	ящика	ящике	ящик	ящиком	curated	curated	0.99
елка	noun	елка	елки	елке	елку	елкой	curated	curated	0.99
