fun	lemma	pos	nominative	genitive	prepositional	accusative	instrumental
abrazivnost_N	абразивность	noun	абразивность	абразивности	абразивности	абразивность	абразивностью
absurd_N	абсурд	noun	абсурд	абсурда	абсурде	абсурд	абсурдом
avantazhnost_N	авантажность	noun	авантажность	авантажности	авантажности	авантажность	авантажностью
avionika_N	авионика	noun	авионика	авионики	авионике	авионику	авионикой
avtoinformativnost_N	автоинформативность	noun	автоинформативность	автоинформативности	автоинформативности	автоинформативность	автоинформативностью
avtokosmetika_N	автокосметика	noun	автокосметика	автокосметики	автокосметике	автокосметику	автокосметикой
avtomedtehnika_N	автомедтехника	noun	автомедтехника	автомедтехники	автомедтехнике	автомедтехнику	автомедтехникой
avtomototehnika_N	автомототехника	noun	автомототехника	автомототехники	автомототехнике	автомототехнику	автомототехникой
avtonomiya_N	автономия	noun	автономия	автономии	автономии	автономию	автономией
avtoelektronika_N	автоэлектроника	noun	автоэлектроника	автоэлектроники	автоэлектронике	автоэлектронику	автоэлектроникой
agentnost_N	агентность	noun	агентность	агентности	агентности	агентность	агентностью
agogika_N	агогика	noun	агогика	агогики	агогике	агогику	агогикой
agonistika_N	агонистика	noun	агонистика	агонистики	агонистике	агонистику	агонистикой
agropromyshlennost_N	агропромышленность	noun	агропромышленность	агропромышленности	агропромышленности	агропромышленность	агропромышленностью
adaptivnost_N	адаптивность	noun	адаптивность	адаптивности	адаптивности	адаптивность	адаптивностью
adaptiruemost_N	адаптируемость	noun	адаптируемость	адаптируемости	адаптируемости	адаптируемость	адаптируемостью
adverbialnost_N	адвербиальность	noun	адвербиальность	адвербиальности	адвербиальности	адвербиальность	адвербиальностью
additivnost_N	аддитивность	noun	аддитивность	аддитивности	аддитивности	аддитивность	аддитивностью
adresnost_N	адресность	noun	адресность	адресности	адресности	адресность	адресностью
adresuemost_N	адресуемость	noun	адресуемость	адресуемости	адресуемости	адресуемость	адресуемостью
adrodinamika_N	адродинамика	noun	адродинамика	адродинамики	адродинамике	адродинамику	адродинамикой
akvakinetika_N	аквакинетика	noun	аквакинетика	аквакинетики	аквакинетике	аквакинетику	аквакинетикой
akvanavtika_N	акванавтика	noun	акванавтика	акванавтики	акванавтике	акванавтику	акванавтикой
aksioma_N	аксиома	noun	аксиома	аксиомы	аксиоме	аксиому	аксиомой
aksiomatiziruemost_N	аксиоматизируемость	noun	аксиоматизируемость	аксиоматизируемости	аксиоматизируемости	аксиоматизируемость	аксиоматизируемостью
aktinichnost_N	актиничность	noun	актиничность	актиничности	актиничности	актиничность	актиничностью
akustooptika_N	акустооптика	noun	акустооптика	акустооптики	акустооптике	акустооптику	акустооптикой
aktsiya_N	акция	noun	акция	акции	акции	акцию	акцией
aleatorika_N	алеаторика	noun	алеаторика	алеаторики	алеаторике	алеаторику	алеаторикой
alkogolnost_N	алкогольность	noun	алкогольность	алкогольности	алкогольности	алкогольность	алкогольностью
analitichnost_N	аналитичность	noun	аналитичность	аналитичности	аналитичности	аналитичность	аналитичностью
angelika_N	ангелика	noun	ангелика	ангелики	ангелике	ангелику	ангеликой
anglistika_N	англистика	noun	англистика	англистики	англистике	англистику	англистикой
anestetika_N	анестетика	noun	анестетика	анестетики	анестетике	анестетику	анестетикой
anizotropnost_N	анизотропность	noun	анизотропность	анизотропности	анизотропности	анизотропность	анизотропностью
animatsiya_N	анимация	noun	анимация	анимации	анимации	анимацию	анимацией
anionopronitsaemost_N	анионопроницаемость	noun	анионопроницаемость	анионопроницаемости	анионопроницаемости	анионопроницаемость	анионопроницаемостью
anomalnost_N	аномальность	noun	аномальность	аномальности	аномальности	аномальность	аномальностью
antigalaktika_N	антигалактика	noun	антигалактика	антигалактики	антигалактике	антигалактику	антигалактикой
antikommutativnost_N	антикоммутативность	noun	антикоммутативность	антикоммутативности	антикоммутативности	антикоммутативность	антикоммутативностью
antirefleksivnost_N	антирефлексивность	noun	антирефлексивность	антирефлексивности	антирефлексивности	антирефлексивность	антирефлексивностью
antitezis_N	антитезис	noun	антитезис	антитезиса	антитезисе	антитезис	антитезисом
approksimiruemost_N	аппроксимируемость	noun	аппроксимируемость	аппроксимируемости	аппроксимируемости	аппроксимируемость	аппроксимируемостью
arabika_N	арабика	noun	арабика	арабики	арабике	арабику	арабикой
argument_N	аргумент	noun	аргумент	аргумента	аргументе	аргумент	аргументом
argumentirovannost_N	аргументированность	noun	аргументированность	аргументированности	аргументированности	аргументированность	аргументированностью
arnost_N	арность	noun	арность	арности	арности	арность	арностью
aromatnost_N	ароматность	noun	ароматность	ароматности	ароматности	ароматность	ароматностью
arhivistika_N	архивистика	noun	архивистика	архивистики	архивистике	архивистику	архивистикой
asinhronnost_N	асинхронность	noun	асинхронность	асинхронности	асинхронности	асинхронность	асинхронностью
asketichnost_N	аскетичность	noun	аскетичность	аскетичности	аскетичности	аскетичность	аскетичностью
assimetrichnost_N	ассиметричность	noun	ассиметричность	ассиметричности	ассиметричности	ассиметричность	ассиметричностью
astrionika_N	астрионика	noun	астрионика	астрионики	астрионике	астрионику	астрионикой
astrodinamika_N	астродинамика	noun	астродинамика	астродинамики	астродинамике	астродинамику	астродинамикой
asferichnost_N	асферичность	noun	асферичность	асферичности	асферичности	асферичность	асферичностью
atmosferostojkost_N	атмосферостойкость	noun	атмосферостойкость	атмосферостойкости	атмосферостойкости	атмосферостойкость	атмосферостойкостью
atomnost_N	атомность	noun	атомность	атомности	атомности	атомность	атомностью
audiotehnika_N	аудиотехника	noun	аудиотехника	аудиотехники	аудиотехнике	аудиотехнику	аудиотехникой
autoplastika_N	аутопластика	noun	аутопластика	аутопластики	аутопластике	аутопластику	аутопластикой
aeroballistika_N	аэробаллистика	noun	аэробаллистика	аэробаллистики	аэробаллистике	аэробаллистику	аэробаллистикой
aerobika_N	аэробика	noun	аэробика	аэробики	аэробике	аэробику	аэробикой
aerogeofizika_N	аэрогеофизика	noun	аэрогеофизика	аэрогеофизики	аэрогеофизике	аэрогеофизику	аэрогеофизикой
aerogidrodinamika_N	аэрогидродинамика	noun	аэрогидродинамика	аэрогидродинамики	аэрогидродинамике	аэрогидродинамику	аэрогидродинамикой
aerogidrouprugost_N	аэрогидроупругость	noun	аэрогидроупругость	аэрогидроупругости	аэрогидроупругости	аэрогидроупругость	аэрогидроупругостью
aeromehanika_N	аэромеханика	noun	аэромеханика	аэромеханики	аэромеханике	аэромеханику	аэромеханикой
aerotermoakustika_N	аэротермоакустика	noun	аэротермоакустика	аэротермоакустики	аэротермоакустике	аэротермоакустику	аэротермоакустикой
aerotermodinamika_N	аэротермодинамика	noun	аэротермодинамика	аэротермодинамики	аэротермодинамике	аэротермодинамику	аэротермодинамикой
aerotermouprugost_N	аэротермоупругость	noun	аэротермоупругость	аэротермоупругости	аэротермоупругости	аэротермоупругость	аэротермоупругостью
aerouprugost_N	аэроупругость	noun	аэроупругость	аэроупругости	аэроупругости	аэроупругость	аэроупругостью
balkanistika_N	балканистика	noun	балканистика	балканистики	балканистике	балканистику	балканистикой
ballnost_N	балльность	noun	балльность	балльности	балльности	балльность	балльностью
barodinamika_N	бародинамика	noun	бародинамика	бародинамики	бародинамике	бародинамику	бародинамикой
baroklinnost_N	бароклинность	noun	бароклинность	бароклинности	бароклинности	бароклинность	бароклинностью
basistost_N	басистость	noun	басистость	басистости	басистости	басистость	басистостью
basovitost_N	басовитость	noun	басовитость	басовитости	басовитости	басовитость	басовитостью
bahromchatost_N	бахромчатость	noun	бахромчатость	бахромчатости	бахромчатости	бахромчатость	бахромчатостью
bezapellyatsionnost_N	безапелляционность	noun	безапелляционность	безапелляционности	безапелляционности	безапелляционность	безапелляционностью
bezvkusnost_N	безвкусность	noun	безвкусность	безвкусности	безвкусности	безвкусность	безвкусностью
bezdefitsitnost_N	бездефицитность	noun	бездефицитность	бездефицитности	бездефицитности	бездефицитность	бездефицитностью
bezduhovnost_N	бездуховность	noun	бездуховность	бездуховности	бездуховности	бездуховность	бездуховностью
bezmolvnost_N	безмолвность	noun	безмолвность	безмолвности	безмолвности	безмолвность	безмолвностью
bezoglyadnost_N	безоглядность	noun	безоглядность	безоглядности	безоглядности	безоглядность	безоглядностью
bezotzyvnost_N	безотзывность	noun	безотзывность	безотзывности	безотзывности	безотзывность	безотзывностью
bezymyannost_N	безымянность	noun	безымянность	безымянности	безымянности	безымянность	безымянностью
bezyskusnost_N	безыскусность	noun	безыскусность	безыскусности	безыскусности	безыскусность	безыскусностью
belkovost_N	белковость	noun	белковость	белковости	белковости	белковость	белковостью
belokurost_N	белокурость	noun	белокурость	белокурости	белокурости	белокурость	белокуростью
beskrajnost_N	бескрайность	noun	бескрайность	бескрайности	бескрайности	бескрайность	бескрайностью
bespokojnost_N	беспокойность	noun	беспокойность	беспокойности	беспокойности	беспокойность	беспокойностью
bespolost_N	бесполость	noun	бесполость	бесполости	бесполости	бесполость	бесполостью
besprestannost_N	беспрестанность	noun	беспрестанность	беспрестанности	беспрестанности	беспрестанность	беспрестанностью
bespretsedentnost_N	беспрецедентность	noun	беспрецедентность	беспрецедентности	беспрецедентности	беспрецедентность	беспрецедентностью
besprimesnost_N	беспримесность	noun	беспримесность	беспримесности	беспримесности	беспримесность	беспримесностью
besproglyadnost_N	беспроглядность	noun	беспроглядность	беспроглядности	беспроглядности	беспроглядность	беспроглядностью
besputnost_N	беспутность	noun	беспутность	беспутности	беспутности	беспутность	беспутностью
bestalannost_N	бесталанность	noun	бесталанность	бесталанности	бесталанности	бесталанность	бесталанностью
bestelesnost_N	бестелесность	noun	бестелесность	бестелесности	бестелесности	бестелесность	бестелесностью
bilateralnost_N	билатеральность	noun	билатеральность	билатеральности	билатеральности	билатеральность	билатеральностью
bioakustika_N	биоакустика	noun	биоакустика	биоакустики	биоакустике	биоакустику	биоакустикой
biogeodinamika_N	биогеодинамика	noun	биогеодинамика	биогеодинамики	биогеодинамике	биогеодинамику	биогеодинамикой
biogidroakustika_N	биогидроакустика	noun	биогидроакустика	биогидроакустики	биогидроакустике	биогидроакустику	биогидроакустикой
biokeramika_N	биокерамика	noun	биокерамика	биокерамики	биокерамике	биокерамику	биокерамикой
biokibernetika_N	биокибернетика	noun	биокибернетика	биокибернетики	биокибернетике	биокибернетику	биокибернетикой
biomatematika_N	биоматематика	noun	биоматематика	биоматематики	биоматематике	биоматематику	биоматематикой
bioproduktivnost_N	биопродуктивность	noun	биопродуктивность	биопродуктивности	биопродуктивности	биопродуктивность	биопродуктивностью
biosemiotika_N	биосемиотика	noun	биосемиотика	биосемиотики	биосемиотике	биосемиотику	биосемиотикой
biosistematika_N	биосистематика	noun	биосистематика	биосистематики	биосистематике	биосистематику	биосистематикой
biosotsialnost_N	биосоциальность	noun	биосоциальность	биосоциальности	биосоциальности	биосоциальность	биосоциальностью
biostatika_N	биостатика	noun	биостатика	биостатики	биостатике	биостатику	биостатикой
biotika_N	биотика	noun	биотика	биотики	биотике	биотику	биотикой
bioelektronika_N	биоэлектроника	noun	биоэлектроника	биоэлектроники	биоэлектронике	биоэлектронику	биоэлектроникой
bioenergetika_N	биоэнергетика	noun	биоэнергетика	биоэнергетики	биоэнергетике	биоэнергетику	биоэнергетикой
biharakteristika_N	бихарактеристика	noun	бихарактеристика	бихарактеристики	бихарактеристике	бихарактеристику	бихарактеристикой
blagorodnost_N	благородность	noun	благородность	благородности	благородности	благородность	благородностью
blagouhannost_N	благоуханность	noun	благоуханность	благоуханности	благоуханности	благоуханность	благоуханностью
blagochestivost_N	благочестивость	noun	благочестивость	благочестивости	благочестивости	благочестивость	благочестивостью
bleskost_N	блескость	noun	блескость	блескости	блескости	блескость	блескостью
blochnost_N	блочность	noun	блочность	блочности	блочности	блочность	блочностью
bogovdohnovennost_N	боговдохновенность	noun	боговдохновенность	боговдохновенности	боговдохновенности	боговдохновенность	боговдохновенностью
bogomolnost_N	богомольность	noun	богомольность	богомольности	богомольности	богомольность	богомольностью
bol_N	боль	noun	боль	боли	боли	боль	болью
borozdchatost_N	бороздчатость	noun	бороздчатость	бороздчатости	бороздчатости	бороздчатость	бороздчатостью
brachnost_N	брачность	noun	брачность	брачности	брачности	брачность	брачностью
bronetehnika_N	бронетехника	noun	бронетехника	бронетехники	бронетехнике	бронетехнику	бронетехникой
vaktsinoprofilaktika_N	вакцинопрофилактика	noun	вакцинопрофилактика	вакцинопрофилактики	вакцинопрофилактике	вакцинопрофилактику	вакцинопрофилактикой
validnost_N	валидность	noun	валидность	валидности	валидности	валидность	валидностью
variabelnost_N	вариабельность	noun	вариабельность	вариабельности	вариабельности	вариабельность	вариабельностью
variativnost_N	вариативность	noun	вариативность	вариативности	вариативности	вариативность	вариативностью
vdavlennost_N	вдавленность	noun	вдавленность	вдавленности	вдавленности	вдавленность	вдавленностью
vezdesushchnost_N	вездесущность	noun	вездесущность	вездесущности	вездесущности	вездесущность	вездесущностью
vezdehodnost_N	вездеходность	noun	вездеходность	вездеходности	вездеходности	вездеходность	вездеходностью
veronika_N	вероника	noun	вероника	вероники	веронике	веронику	вероникой
veroyatnost_N	вероятность	noun	вероятность	вероятности	вероятности	вероятность	вероятностью
vetrennost_N	ветренность	noun	ветренность	ветренности	ветренности	ветренность	ветренностью
vechnost_N	вечность	noun	вечность	вечности	вечности	вечность	вечностью
vzaimovygodnost_N	взаимовыгодность	noun	взаимовыгодность	взаимовыгодности	взаимовыгодности	взаимовыгодность	взаимовыгодностью
vzaimodopolnyaemost_N	взаимодополняемость	noun	взаимодополняемость	взаимодополняемости	взаимодополняемости	взаимодополняемость	взаимодополняемостью
vzaimozamestimost_N	взаимозаместимость	noun	взаимозаместимость	взаимозаместимости	взаимозаместимости	взаимозаместимость	взаимозаместимостью
vzaimoinduktivnost_N	взаимоиндуктивность	noun	взаимоиндуктивность	взаимоиндуктивности	взаимоиндуктивности	взаимоиндуктивность	взаимоиндуктивностью
vzaimosvyazannost_N	взаимосвязанность	noun	взаимосвязанность	взаимосвязанности	взаимосвязанности	взаимосвязанность	взаимосвязанностью
vzbudorazhennost_N	взбудораженность	noun	взбудораженность	взбудораженности	взбудораженности	взбудораженность	взбудораженностью
vzveshennost_N	взвешенность	noun	взвешенность	взвешенности	взвешенности	взвешенность	взвешенностью
vzimaemost_N	взимаемость	noun	взимаемость	взимаемости	взимаемости	взимаемость	взимаемостью
vzroslost_N	взрослость	noun	взрослость	взрослости	взрослости	взрослость	взрослостью
vzryvoopasnost_N	взрывоопасность	noun	взрывоопасность	взрывоопасности	взрывоопасности	взрывоопасность	взрывоопасностью
vzeroshennost_N	взъерошенность	noun	взъерошенность	взъерошенности	взъерошенности	взъерошенность	взъерошенностью
vibrodiagnostika_N	вибродиагностика	noun	вибродиагностика	вибродиагностики	вибродиагностике	вибродиагностику	вибродиагностикой
vibrodinamika_N	вибродинамика	noun	вибродинамика	вибродинамики	вибродинамике	вибродинамику	вибродинамикой
vibrotehnika_N	вибротехника	noun	вибротехника	вибротехники	вибротехнике	вибротехнику	вибротехникой
vigilnost_N	вигильность	noun	вигильность	вигильности	вигильности	вигильность	вигильностью
videotehnika_N	видеотехника	noun	видеотехника	видеотехники	видеотехнике	видеотехнику	видеотехникой
vidnost_N	видность	noun	видность	видности	видности	видность	видностью
vika_N	вика	noun	вика	вики	вике	вику	викой
vina_N	вина	noun	вина	вины	вине	вину	виной
vklinennost_N	вклиненность	noun	вклиненность	вклиненности	вклиненности	вклиненность	вклиненностью
vklyuchennost_N	включенность	noun	включенность	включенности	включенности	включенность	включенностью
vkraplennost_N	вкрапленность	noun	вкрапленность	вкрапленности	вкрапленности	вкрапленность	вкрапленностью
vlagoemkost_N	влагоемкость	noun	влагоемкость	влагоемкости	влагоемкости	влагоемкость	влагоемкостью
vlagonepronitsaemost_N	влагонепроницаемость	noun	влагонепроницаемость	влагонепроницаемости	влагонепроницаемости	влагонепроницаемость	влагонепроницаемостью
vlagopronitsaemost_N	влагопроницаемость	noun	влагопроницаемость	влагопроницаемости	влагопроницаемости	влагопроницаемость	влагопроницаемостью
vlozhennost_N	вложенность	noun	вложенность	вложенности	вложенности	вложенность	вложенностью
vnebrachnost_N	внебрачность	noun	внебрачность	внебрачности	внебрачности	внебрачность	внебрачностью
vnevedomstvennost_N	вневедомственность	noun	вневедомственность	вневедомственности	вневедомственности	вневедомственность	вневедомственностью
vnepartijnost_N	внепартийность	noun	внепартийность	внепартийности	внепартийности	внепартийность	внепартийностью
vovlechennost_N	вовлеченность	noun	вовлеченность	вовлеченности	вовлеченности	вовлеченность	вовлеченностью
vodoobespechennost_N	водообеспеченность	noun	водообеспеченность	водообеспеченности	водообеспеченности	водообеспеченность	водообеспеченностью
vodoottalkivaemost_N	водоотталкиваемость	noun	водоотталкиваемость	водоотталкиваемости	водоотталкиваемости	водоотталкиваемость	водоотталкиваемостью
vozvratnost_N	возвратность	noun	возвратность	возвратности	возвратности	возвратность	возвратностью
vozmezdnost_N	возмездность	noun	возмездность	возмездности	возмездности	возмездность	возмездностью
vozmozhnost_N	возможность	noun	возможность	возможности	возможности	возможность	возможностью
volya_N	воля	noun	воля	воли	воле	волю	волей
vopros_N	вопрос	noun	вопрос	вопроса	вопросе	вопрос	вопросом
vospalennost_N	воспаленность	noun	воспаленность	воспаленности	воспаленности	воспаленность	воспаленностью
vosstanavlivaemost_N	восстанавливаемость	noun	восстанавливаемость	восстанавливаемости	восстанавливаемости	восстанавливаемость	восстанавливаемостью
vpolneprimenimost_N	вполнеприменимость	noun	вполнеприменимость	вполнеприменимости	вполнеприменимости	вполнеприменимость	вполнеприменимостью
vremya_N	время	noun	время	времени	времени	время	временем
vsedozvolennost_N	вседозволенность	noun	вседозволенность	вседозволенности	вседозволенности	вседозволенность	вседозволенностью
vseohvatnost_N	всеохватность	noun	всеохватность	всеохватности	всеохватности	всеохватность	всеохватностью
vspuchennost_N	вспученность	noun	вспученность	вспученности	вспученности	вспученность	вспученностью
vstrechaemost_N	встречаемость	noun	встречаемость	встречаемости	встречаемости	встречаемость	встречаемостью
vybor_N	выбор	noun	выбор	выбора	выборе	выбор	выбором
vyborochnost_N	выборочность	noun	выборочность	выборочности	выборочности	выборочность	выборочностью
vyvod_N	вывод	noun	вывод	вывода	выводе	вывод	выводом
vyvodimost_N	выводимость	noun	выводимость	выводимости	выводимости	выводимость	выводимостью
vyzhivaemost_N	выживаемость	noun	выживаемость	выживаемости	выживаемости	выживаемость	выживаемостью
vymuchennost_N	вымученность	noun	вымученность	вымученности	вымученности	вымученность	вымученностью
vymyshlennost_N	вымышленность	noun	вымышленность	вымышленности	вымышленности	вымышленность	вымышленностью
vypolnennost_N	выполненность	noun	выполненность	выполненности	выполненности	выполненность	выполненностью
vyravnennost_N	выравненность	noun	выравненность	выравненности	выравненности	выравненность	выравненностью
vyrozhdennost_N	вырожденность	noun	вырожденность	вырожденности	вырожденности	вырожденность	вырожденностью
vyskazyvanie_N	высказывание	noun	высказывание	высказывания	высказывании	высказывание	высказыванием
vytyanutost_N	вытянутость	noun	вытянутость	вытянутости	вытянутости	вытянутость	вытянутостью
vyholoshchennost_N	выхолощенность	noun	выхолощенность	выхолощенности	выхолощенности	выхолощенность	выхолощенностью
vyyavlyaemost_N	выявляемость	noun	выявляемость	выявляемости	выявляемости	выявляемость	выявляемостью
gazodinamika_N	газодинамика	noun	газодинамика	газодинамики	газодинамике	газодинамику	газодинамикой
gazoenergetika_N	газоэнергетика	noun	газоэнергетика	газоэнергетики	газоэнергетике	газоэнергетику	газоэнергетикой
gemodinamika_N	гемодинамика	noun	гемодинамика	гемодинамики	гемодинамике	гемодинамику	гемодинамикой
geoinformatika_N	геоинформатика	noun	геоинформатика	геоинформатики	геоинформатике	геоинформатику	геоинформатикой
geometrodinamika_N	геометродинамика	noun	геометродинамика	геометродинамики	геометродинамике	геометродинамику	геометродинамикой
geomehanika_N	геомеханика	noun	геомеханика	геомеханики	геомеханике	геомеханику	геомеханикой
gerodontika_N	геродонтика	noun	геродонтика	геродонтики	геродонтике	геродонтику	геродонтикой
geterogennost_N	гетерогенность	noun	гетерогенность	гетерогенности	гетерогенности	гетерогенность	гетерогенностью
geteroskedastichnost_N	гетероскедастичность	noun	гетероскедастичность	гетероскедастичности	гетероскедастичности	гетероскедастичность	гетероскедастичностью
gibridnost_N	гибридность	noun	гибридность	гибридности	гибридности	гибридность	гибридностью
gidrokinetika_N	гидрокинетика	noun	гидрокинетика	гидрокинетики	гидрокинетике	гидрокинетику	гидрокинетикой
gidronavtika_N	гидронавтика	noun	гидронавтика	гидронавтики	гидронавтике	гидронавтику	гидронавтикой
gidrouprugost_N	гидроупругость	noun	гидроупругость	гидроупругости	гидроупругости	гидроупругость	гидроупругостью
gidrofilnost_N	гидрофильность	noun	гидрофильность	гидрофильности	гидрофильности	гидрофильность	гидрофильностью
gipoteza_N	гипотеза	noun	гипотеза	гипотезы	гипотезе	гипотезу	гипотезой
girodinamika_N	гиродинамика	noun	гиродинамика	гиродинамики	гиродинамике	гиродинамику	гиродинамикой
girostatika_N	гиростатика	noun	гиростатика	гиростатики	гиростатике	гиростатику	гиростатикой
glossematika_N	глоссематика	noun	глоссематика	глоссематики	глоссематике	глоссематику	глоссематикой
glupovatost_N	глуповатость	noun	глуповатость	глуповатости	глуповатости	глуповатость	глуповатостью
gluhost_N	глухость	noun	глухость	глухости	глухости	глухость	глухостью
gnev_N	гнев	noun	гнев	гнева	гневе	гнев	гневом
gnotobiotika_N	гнотобиотика	noun	гнотобиотика	гнотобиотики	гнотобиотике	гнотобиотику	гнотобиотикой
golovokruzhitelnost_N	головокружительность	noun	головокружительность	головокружительности	головокружительности	головокружительность	головокружительностью
gomogennost_N	гомогенность	noun	гомогенность	гомогенности	гомогенности	гомогенность	гомогенностью
gomozigotnost_N	гомозиготность	noun	гомозиготность	гомозиготности	гомозиготности	гомозиготность	гомозиготностью
gomoskedastichnost_N	гомоскедастичность	noun	гомоскедастичность	гомоскедастичности	гомоскедастичности	гомоскедастичность	гомоскедастичностью
gonimost_N	гонимость	noun	гонимость	гонимости	гонимости	гонимость	гонимостью
gordost_N	гордость	noun	гордость	гордости	гордости	гордость	гордостью
gosbezopasnost_N	госбезопасность	noun	госбезопасность	госбезопасности	госбезопасности	госбезопасность	госбезопасностью
gost_N	гость	noun	гость	гостя	госте	гостя	гостем
grammatichnost_N	грамматичность	noun	грамматичность	грамматичности	грамматичности	грамматичность	грамматичностью
granitsa_N	граница	noun	граница	границы	границе	границу	границей
grehovnost_N	греховность	noun	греховность	греховности	греховности	греховность	греховностью
greshnost_N	грешность	noun	грешность	грешности	грешности	грешность	грешностью
grotesknost_N	гротескность	noun	гротескность	гротескности	гротескности	гротескность	гротескностью
grubovatost_N	грубоватость	noun	грубоватость	грубоватости	грубоватости	грубоватость	грубоватостью
gruzonapryazhennost_N	грузонапряженность	noun	грузонапряженность	грузонапряженности	грузонапряженности	грузонапряженность	грузонапряженностью
gubkoobraznost_N	губкообразность	noun	губкообразность	губкообразности	губкообразности	губкообразность	губкообразностью
gubchatost_N	губчатость	noun	губчатость	губчатости	губчатости	губчатость	губчатостью
dvuznachnost_N	двузначность	noun	двузначность	двузначности	двузначности	двузначность	двузначностью
dvunatsionalnost_N	двунациональность	noun	двунациональность	двунациональности	двунациональности	двунациональность	двунациональностью
dvuhmernost_N	двухмерность	noun	двухмерность	двухмерности	двухмерности	двухмерность	двухмерностью
dvuhtsvetnost_N	двухцветность	noun	двухцветность	двухцветности	двухцветности	двухцветность	двухцветностью
dezaktivizatsiya_N	дезактивизация	noun	дезактивизация	дезактивизации	дезактивизации	дезактивизацию	дезактивизацией
dezorientirovannost_N	дезориентированность	noun	дезориентированность	дезориентированности	дезориентированности	дезориентированность	дезориентированностью
deizm_N	деизм	noun	деизм	деизма	деизме	деизм	деизмом
deklassirovannost_N	деклассированность	noun	деклассированность	деклассированности	деклассированности	деклассированность	деклассированностью
delat_V	делать	verb	делать	делать	делать	делать	делать
demoralizovannost_N	деморализованность	noun	деморализованность	деморализованности	деморализованности	деморализованность	деморализованностью
depressivnost_N	депрессивность	noun	депрессивность	депрессивности	депрессивности	депрессивность	депрессивностью
determinirovannost_N	детерминированность	noun	детерминированность	детерминированности	детерминированности	детерминированность	детерминированностью
detorozhdaemost_N	деторождаемость	noun	деторождаемость	деторождаемости	деторождаемости	деторождаемость	деторождаемостью
definitsiya_N	дефиниция	noun	дефиниция	дефиниции	дефиниции	дефиницию	дефиницией
diakaustika_N	диакаустика	noun	диакаустика	диакаустики	диакаустике	диакаустику	диакаустикой
diakritika_N	диакритика	noun	диакритика	диакритики	диакритике	диакритику	диакритикой
dialog_N	диалог	noun	диалог	диалога	диалоге	диалог	диалогом
diatermichnost_N	диатермичность	noun	диатермичность	диатермичности	диатермичности	диатермичность	диатермичностью
didzhitronika_N	диджитроника	noun	диджитроника	диджитроники	диджитронике	диджитронику	диджитроникой
distinktsiya_N	дистинкция	noun	дистинкция	дистинкции	дистинкции	дистинкцию	дистинкцией
differentsiruemost_N	дифференцируемость	noun	дифференцируемость	дифференцируемости	дифференцируемости	дифференцируемость	дифференцируемостью
doverie_N	доверие	noun	доверие	доверия	доверии	доверие	доверием
dovod_N	довод	noun	довод	довода	доводе	довод	доводом
dokazatelstvo_N	доказательство	noun	доказательство	доказательства	доказательстве	доказательство	доказательством
dokumentalistika_N	документалистика	noun	документалистика	документалистики	документалистике	документалистику	документалистикой
dolg_N	долг	noun	долг	долга	долге	долг	долгом
dolgosrochnost_N	долгосрочность	noun	долгосрочность	долгосрочности	долгосрочности	долгосрочность	долгосрочностью
dominantnost_N	доминантность	noun	доминантность	доминантности	доминантности	доминантность	доминантностью
dopolnitelnost_N	дополнительность	noun	дополнительность	дополнительности	дополнительности	дополнительность	дополнительностью
dopolnyaemost_N	дополняемость	noun	дополняемость	дополняемости	дополняемости	дополняемость	дополняемостью
dopushchenie_N	допущение	noun	допущение	допущения	допущении	допущение	допущением
dostatochnost_N	достаточность	noun	достаточность	достаточности	достаточности	достаточность	достаточностью
dostovernost_N	достоверность	noun	достоверность	достоверности	достоверности	достоверность	достоверностью
dotatsionnost_N	дотационность	noun	дотационность	дотационности	дотационности	дотационность	дотационностью
dohlost_N	дохлость	noun	дохлость	дохлости	дохлости	дохлость	дохлостью
dualnost_N	дуальность	noun	дуальность	дуальности	дуальности	дуальность	дуальностью
dubletnost_N	дублетность	noun	дублетность	дублетности	дублетности	дублетность	дублетностью
dubnost_N	дубность	noun	дубность	дубности	дубности	дубность	дубностью
duhovitost_N	духовитость	noun	духовитость	духовитости	духовитости	духовитость	духовитостью
dushistost_N	душистость	noun	душистость	душистости	душистости	душистость	душистостью
dymnost_N	дымность	noun	дымность	дымности	дымности	дымность	дымностью
dymchatost_N	дымчатость	noun	дымчатость	дымчатости	дымчатости	дымчатость	дымчатостью
evfenika_N	евфеника	noun	евфеника	евфеники	евфенике	евфенику	евфеникой
edinokrovnost_N	единокровность	noun	единокровность	единокровности	единокровности	единокровность	единокровностью
edinorodnost_N	единородность	noun	единородность	единородности	единородности	единородность	единородностью
edinosushchnost_N	единосущность	noun	единосущность	единосущности	единосущности	единосущность	единосущностью
edinstvennost_N	единственность	noun	единственность	единственности	единственности	единственность	единственностью
ezhednevnost_N	ежедневность	noun	ежедневность	ежедневности	ежедневности	ежедневность	ежедневностью
zhalobnost_N	жалобность	noun	жалобность	жалобности	жалобности	жалобность	жалобностью
zheltushnost_N	желтушность	noun	желтушность	желтушности	желтушности	желтушность	желтушностью
zhenopodobnost_N	женоподобность	noun	женоподобность	женоподобности	женоподобности	женоподобность	женоподобностью
zhizn_N	жизнь	noun	жизнь	жизни	жизни	жизнь	жизнью
zablagovremennost_N	заблаговременность	noun	заблаговременность	заблаговременности	заблаговременности	заблаговременность	заблаговременностью
zavorozhennost_N	завороженность	noun	завороженность	завороженности	завороженности	завороженность	завороженностью
zagruzhenost_N	загруженость	noun	загруженость	загружености	загружености	загруженость	загруженостью
zadacha_N	задача	noun	задача	задачи	задаче	задачу	задачей
zazhatost_N	зажатость	noun	зажатость	зажатости	зажатости	зажатость	зажатостью
zaika_N	заика	noun	заика	заики	заике	заику	заикой
zaklyuchenie_N	заключение	noun	заключение	заключения	заключении	заключение	заключением
zakompleksovannost_N	закомплексованность	noun	закомплексованность	закомплексованности	закомплексованности	закомплексованность	закомплексованностью
zakonnorozhdennost_N	законнорожденность	noun	законнорожденность	законнорожденности	законнорожденности	законнорожденность	законнорожденностью
zakopchennost_N	закопченность	noun	закопченность	закопченности	закопченности	закопченность	закопченностью
zakreplennost_N	закрепленность	noun	закрепленность	закрепленности	закрепленности	закрепленность	закрепленностью
zakruchennost_N	закрученность	noun	закрученность	закрученности	закрученности	закрученность	закрученностью
zakrytost_N	закрытость	noun	закрытость	закрытости	закрытости	закрытость	закрытостью
zalizannost_N	зализанность	noun	зализанность	зализанности	зализанности	зализанность	зализанностью
zamenyaemost_N	заменяемость	noun	заменяемость	заменяемости	заменяемости	заменяемость	заменяемостью
zametnost_N	заметность	noun	заметность	заметности	заметности	заметность	заметностью
zameshannost_N	замешанность	noun	замешанность	замешанности	замешанности	замешанность	замешанностью
zamusolennost_N	замусоленность	noun	замусоленность	замусоленности	замусоленности	замусоленность	замусоленностью
zamutnennost_N	замутненность	noun	замутненность	замутненности	замутненности	замутненность	замутненностью
zapolnennost_N	заполненность	noun	заполненность	заполненности	заполненности	заполненность	заполненностью
zapret_N	запрет	noun	запрет	запрета	запрете	запрет	запретом
zapreshchennost_N	запрещенность	noun	запрещенность	запрещенности	запрещенности	запрещенность	запрещенностью
zaryazhennost_N	заряженность	noun	заряженность	заряженности	заряженности	заряженность	заряженностью
zasalennost_N	засаленность	noun	засаленность	засаленности	засаленности	засаленность	засаленностью
zasluzhennost_N	заслуженность	noun	заслуженность	заслуженности	заслуженности	заслуженность	заслуженностью
zasuhostojkost_N	засухостойкость	noun	засухостойкость	засухостойкости	засухостойкости	засухостойкость	засухостойкостью
zatvorennost_N	затворенность	noun	затворенность	затворенности	затворенности	затворенность	затворенностью
zatormozhennost_N	заторможенность	noun	заторможенность	заторможенности	заторможенности	заторможенность	заторможенностью
zatrapeznost_N	затрапезность	noun	затрапезность	затрапезности	затрапезности	затрапезность	затрапезностью
zatyanutost_N	затянутость	noun	затянутость	затянутости	затянутости	затянутость	затянутостью
zacharovannost_N	зачарованность	noun	зачарованность	зачарованности	зачарованности	зачарованность	зачарованностью
zashchishchennost_N	защищенность	noun	защищенность	защищенности	защищенности	защищенность	защищенностью
zvukotehnika_N	звукотехника	noun	звукотехника	звукотехники	звукотехнике	звукотехнику	звукотехникой
znakovost_N	знаковость	noun	знаковость	знаковости	знаковости	знаковость	знаковостью
znat_V	знать	verb	знать	знать	знать	знать	знать
zubchatost_N	зубчатость	noun	зубчатость	зубчатости	зубчатости	зубчатость	зубчатостью
idempotentnost_N	идемпотентность	noun	идемпотентность	идемпотентности	идемпотентности	идемпотентность	идемпотентностью
identifitsiruemost_N	идентифицируемость	noun	идентифицируемость	идентифицируемости	идентифицируемости	идентифицируемость	идентифицируемостью
identichnost_N	идентичность	noun	идентичность	идентичности	идентичности	идентичность	идентичностью
idiotichnost_N	идиотичность	noun	идиотичность	идиотичности	идиотичности	идиотичность	идиотичностью
ieroglifika_N	иероглифика	noun	иероглифика	иероглифики	иероглифике	иероглифику	иероглификой
izlechimost_N	излечимость	noun	излечимость	излечимости	излечимости	излечимость	излечимостью
izmotannost_N	измотанность	noun	измотанность	измотанности	измотанности	измотанность	измотанностью
iznemozhennost_N	изнеможенность	noun	изнеможенность	изнеможенности	изнеможенности	изнеможенность	изнеможенностью
izotropnost_N	изотропность	noun	изотропность	изотропности	изотропности	изотропность	изотропностью
izrezannost_N	изрезанность	noun	изрезанность	изрезанности	изрезанности	изрезанность	изрезанностью
ikonika_N	иконика	noun	иконика	иконики	иконике	иконику	иконикой
illyuziya_N	иллюзия	noun	иллюзия	иллюзии	иллюзии	иллюзию	иллюзией
imbetsilnost_N	имбецильность	noun	имбецильность	имбецильности	имбецильности	имбецильность	имбецильностью
immunogenetika_N	иммуногенетика	noun	иммуногенетика	иммуногенетики	иммуногенетике	иммуногенетику	иммуногенетикой
implikatsiya_N	импликация	noun	импликация	импликации	импликации	импликацию	импликацией
inertsionnost_N	инерционность	noun	инерционность	инерционности	инерционности	инерционность	инерционностью
instruktivnost_N	инструктивность	noun	инструктивность	инструктивности	инструктивности	инструктивность	инструктивностью
insulyarnost_N	инсулярность	noun	инсулярность	инсулярности	инсулярности	инсулярность	инсулярностью
integrirovannost_N	интегрированность	noun	интегрированность	интегрированности	интегрированности	интегрированность	интегрированностью
integriruemost_N	интегрируемость	noun	интегрируемость	интегрируемости	интегрируемости	интегрируемость	интегрируемостью
interaktivnost_N	интерактивность	noun	интерактивность	интерактивности	интерактивности	интерактивность	интерактивностью
internatsionalnost_N	интернациональность	noun	интернациональность	интернациональности	интернациональности	интернациональность	интернациональностью
interpretatsiya_N	интерпретация	noun	интерпретация	интерпретации	интерпретации	интерпретацию	интерпретацией
inferentsiya_N	инференция	noun	инференция	инференции	инференции	инференцию	инференцией
informativnost_N	информативность	noun	информативность	информативности	информативности	информативность	информативностью
informatika_N	информатика	noun	информатика	информатики	информатике	информатику	информатикой
informatsionnost_N	информационность	noun	информационность	информационности	информационности	информационность	информационностью
informirovannost_N	информированность	noun	информированность	информированности	информированности	информированность	информированностью
informtehnika_N	информтехника	noun	информтехника	информтехники	информтехнике	информтехнику	информтехникой
ionika_N	ионика	noun	ионика	ионики	ионике	ионику	ионикой
irregulyarnost_N	иррегулярность	noun	иррегулярность	иррегулярности	иррегулярности	иррегулярность	иррегулярностью
isklyuchenie_N	исключение	noun	исключение	исключения	исключении	исключение	исключением
iskushennost_N	искушенность	noun	искушенность	искушенности	искушенности	искушенность	искушенностью
ispeshchrennost_N	испещренность	noun	испещренность	испещренности	испещренности	испещренность	испещренностью
ispravimost_N	исправимость	noun	исправимость	исправимости	исправимости	исправимость	исправимостью
issledovannost_N	исследованность	noun	исследованность	исследованности	исследованности	исследованность	исследованностью
istina_N	истина	noun	истина	истины	истине	истину	истиной
istinnost_N	истинность	noun	истинность	истинности	истинности	истинность	истинностью
istrepannost_N	истрепанность	noun	истрепанность	истрепанности	истрепанности	истрепанность	истрепанностью
ischislimost_N	исчислимость	noun	исчислимость	исчислимости	исчислимости	исчислимость	исчислимостью
ischislyaemost_N	исчисляемость	noun	исчисляемость	исчисляемости	исчисляемости	исчисляемость	исчисляемостью
kazennost_N	казенность	noun	казенность	казенности	казенности	казенность	казенностью
kantserogennost_N	канцерогенность	noun	канцерогенность	канцерогенности	канцерогенности	канцерогенность	канцерогенностью
kapitaloemkost_N	капиталоемкость	noun	капиталоемкость	капиталоемкости	капиталоемкости	капиталоемкость	капиталоемкостью
karlikovost_N	карликовость	noun	карликовость	карликовости	карликовости	карликовость	карликовостью
katadioptrika_N	катадиоптрика	noun	катадиоптрика	катадиоптрики	катадиоптрике	катадиоптрику	катадиоптрикой
kvadratnost_N	квадратность	noun	квадратность	квадратности	квадратности	квадратность	квадратностью
kvadrika_N	квадрика	noun	квадрика	квадрики	квадрике	квадрику	квадрикой
kvadriruemost_N	квадрируемость	noun	квадрируемость	квадрируемости	квадрируемости	квадрируемость	квадрируемостью
kvazioptika_N	квазиоптика	noun	квазиоптика	квазиоптики	квазиоптике	квазиоптику	квазиоптикой
kvantor_N	квантор	noun	квантор	квантора	кванторе	квантор	квантором
kvelost_N	квелость	noun	квелость	квелости	квелости	квелость	квелостью
kika_N	кика	noun	кика	кики	кике	кику	кикой
kinesika_N	кинесика	noun	кинесика	кинесики	кинесике	кинесику	кинесикой
kinoavtomatika_N	киноавтоматика	noun	киноавтоматика	киноавтоматики	киноавтоматике	киноавтоматику	киноавтоматикой
kinokritika_N	кинокритика	noun	кинокритика	кинокритики	кинокритике	кинокритику	кинокритикой
kinomehanika_N	киномеханика	noun	киномеханика	киномеханики	киномеханике	киномеханику	киномеханикой
kinoradiomehanika_N	кинорадиомеханика	noun	кинорадиомеханика	кинорадиомеханики	кинорадиомеханике	кинорадиомеханику	кинорадиомеханикой
kiralnost_N	киральность	noun	киральность	киральности	киральности	киральность	киральностью
kislotorastvorimost_N	кислоторастворимость	noun	кислоторастворимость	кислоторастворимости	кислоторастворимости	кислоторастворимость	кислоторастворимостью
kislotoustojchivost_N	кислотоустойчивость	noun	кислотоустойчивость	кислотоустойчивости	кислотоустойчивости	кислотоустойчивость	кислотоустойчивостью
klika_N	клика	noun	клика	клики	клике	клику	кликой
klinovidnost_N	клиновидность	noun	клиновидность	клиновидности	клиновидности	клиновидность	клиновидностью
kovalentnost_N	ковалентность	noun	ковалентность	ковалентности	ковалентности	ковалентность	ковалентностью
kognitivistika_N	когнитивистика	noun	когнитивистика	когнитивистики	когнитивистике	когнитивистику	когнитивистикой
kollinearnost_N	коллинеарность	noun	коллинеарность	коллинеарности	коллинеарности	коллинеарность	коллинеарностью
kommutativnost_N	коммутативность	noun	коммутативность	коммутативности	коммутативности	коммутативность	коммутативностью
komplementarnost_N	комплементарность	noun	комплементарность	комплементарности	комплементарности	комплементарность	комплементарностью
komfortnost_N	комфортность	noun	комфортность	комфортности	комфортности	комфортность	комфортностью
konvertiruemost_N	конвертируемость	noun	конвертируемость	конвертируемости	конвертируемости	конвертируемость	конвертируемостью
konkretika_N	конкретика	noun	конкретика	конкретики	конкретике	конкретику	конкретикой
konkurentnost_N	конкурентность	noun	конкурентность	конкурентности	конкурентности	конкурентность	конкурентностью
konstitutsionnost_N	конституционность	noun	конституционность	конституционности	конституционности	конституционность	конституционностью
kontakt_N	контакт	noun	контакт	контакта	контакте	контакт	контактом
kontaktnost_N	контактность	noun	контактность	контактности	контактности	контактность	контактностью
kontinentalnost_N	континентальность	noun	континентальность	континентальности	континентальности	континентальность	континентальностью
kontroliruemost_N	контролируемость	noun	контролируемость	контролируемости	контролируемости	контролируемость	контролируемостью
kontrprimer_N	контрпример	noun	контрпример	контрпримера	контрпримере	контрпример	контрпримером
konusnost_N	конусность	noun	конусность	конусности	конусности	конусность	конусностью
konusoobraznost_N	конусообразность	noun	конусообразность	конусообразности	конусообразности	конусообразность	конусообразностью
konfidentsialnost_N	конфиденциальность	noun	конфиденциальность	конфиденциальности	конфиденциальности	конфиденциальность	конфиденциальностью
konflikt_N	конфликт	noun	конфликт	конфликта	конфликте	конфликт	конфликтом
konfliktnost_N	конфликтность	noun	конфликтность	конфликтности	конфликтности	конфликтность	конфликтностью
konfrontatsiya_N	конфронтация	noun	конфронтация	конфронтации	конфронтации	конфронтацию	конфронтацией
kontsentrirovannost_N	концентрированность	noun	концентрированность	концентрированности	концентрированности	концентрированность	концентрированностью
konyunkturnost_N	конъюнктурность	noun	конъюнктурность	конъюнктурности	конъюнктурности	конъюнктурность	конъюнктурностью
koordinirovannost_N	координированность	noun	координированность	координированности	координированности	координированность	координированностью
korollarij_N	королларий	noun	королларий	короллария	королларии	королларий	королларием
korrektnost_N	корректность	noun	корректность	корректности	корректности	корректность	корректностью
korrelirovannost_N	коррелированность	noun	коррелированность	коррелированности	коррелированности	коррелированность	коррелированностью
korrumpirovannost_N	коррумпированность	noun	коррумпированность	коррумпированности	коррумпированности	коррумпированность	коррумпированностью
kosvennost_N	косвенность	noun	косвенность	косвенности	косвенности	косвенность	косвенностью
kosmatost_N	косматость	noun	косматость	косматости	косматости	косматость	косматостью
kosmichnost_N	космичность	noun	космичность	космичности	космичности	космичность	космичностью
kost_N	кость	noun	кость	кости	кости	кость	костью
koertsitivnost_N	коэрцитивность	noun	коэрцитивность	коэрцитивности	коэрцитивности	коэрцитивность	коэрцитивностью
krapchatost_N	крапчатость	noun	крапчатость	крапчатости	крапчатости	крапчатость	крапчатостью
krasnostojkost_N	красностойкость	noun	красностойкость	красностойкости	красностойкости	красностойкость	красностойкостью
krivorukost_N	криворукость	noun	криворукость	криворукости	криворукости	криворукость	криворукостью
kriogenika_N	криогеника	noun	криогеника	криогеники	криогенике	криогенику	криогеникой
krioelektronika_N	криоэлектроника	noun	криоэлектроника	криоэлектроники	криоэлектронике	криоэлектронику	криоэлектроникой
kriterij_N	критерий	noun	критерий	критерия	критерии	критерий	критерием
krovnost_N	кровность	noun	кровность	кровности	кровности	кровность	кровностью
krugoobraznost_N	кругообразность	noun	кругообразность	кругообразности	кругообразности	кругообразность	кругообразностью
krupnost_N	крупность	noun	крупность	крупности	крупности	крупность	крупностью
kulttehnika_N	культтехника	noun	культтехника	культтехники	культтехнике	культтехнику	культтехникой
ladnost_N	ладность	noun	ладность	ладности	ладности	ладность	ладностью
laminarnost_N	ламинарность	noun	ламинарность	ламинарности	ламинарности	ламинарность	ламинарностью
latentnost_N	латентность	noun	латентность	латентности	латентности	латентность	латентностью
legitimnost_N	легитимность	noun	легитимность	легитимности	легитимности	легитимность	легитимностью
lezhkost_N	лежкость	noun	лежкость	лежкости	лежкости	лежкость	лежкостью
leksikostatistika_N	лексикостатистика	noun	лексикостатистика	лексикостатистики	лексикостатистике	лексикостатистику	лексикостатистикой
lemma_N	лемма	noun	лемма	леммы	лемме	лемму	леммой
listovatost_N	листоватость	noun	листоватость	листоватости	листоватости	листоватость	листоватостью
logarifmetika_N	логарифметика	noun	логарифметика	логарифметики	логарифметике	логарифметику	логарифметикой
logarifmika_N	логарифмика	noun	логарифмика	логарифмики	логарифмике	логарифмику	логарифмикой
logika_N	логика	noun	логика	логики	логике	логику	логикой
lozh_N	ложь	noun	ложь	лжи	лжи	ложь	ложью
lotsiya_N	лоция	noun	лоция	лоции	лоции	лоцию	лоцией
ldistost_N	льдистость	noun	льдистость	льдистости	льдистости	льдистость	льдистостью
lyubovnost_N	любовность	noun	любовность	любовности	любовности	любовность	любовностью
lyubov_N	любовь	noun	любовь	любви	любви	любовь	любовью
magiya_N	магия	noun	магия	магии	магии	магию	магией
magnionika_N	магнионика	noun	магнионика	магнионики	магнионике	магнионику	магнионикой
magnitoaerodinamika_N	магнитоаэродинамика	noun	магнитоаэродинамика	магнитоаэродинамики	магнитоаэродинамике	магнитоаэродинамику	магнитоаэродинамикой
magnitogazodinamika_N	магнитогазодинамика	noun	магнитогазодинамика	магнитогазодинамики	магнитогазодинамике	магнитогазодинамику	магнитогазодинамикой
magnitogidrodinamika_N	магнитогидродинамика	noun	магнитогидродинамика	магнитогидродинамики	магнитогидродинамике	магнитогидродинамику	магнитогидродинамикой
makrobiotika_N	макробиотика	noun	макробиотика	макробиотики	макробиотике	макробиотику	макробиотикой
makrokinetika_N	макрокинетика	noun	макрокинетика	макрокинетики	макрокинетике	макрокинетику	макрокинетикой
makrolingvistika_N	макролингвистика	noun	макролингвистика	макролингвистики	макролингвистике	макролингвистику	макролингвистикой
makroneodnorodnost_N	макронеоднородность	noun	макронеоднородность	макронеоднородности	макронеоднородности	макронеоднородность	макронеоднородностью
makroturbulentnost_N	макротурбулентность	noun	макротурбулентность	макротурбулентности	макротурбулентности	макротурбулентность	макротурбулентностью
makroekonomika_N	макроэкономика	noun	макроэкономика	макроэкономики	макроэкономике	макроэкономику	макроэкономикой
malovazhnost_N	маловажность	noun	маловажность	маловажности	маловажности	маловажность	маловажностью
maloinertsionnost_N	малоинерционность	noun	малоинерционность	малоинерционности	малоинерционности	малоинерционность	малоинерционностью
markovost_N	марковость	noun	марковость	марковости	марковости	марковость	марковостью
maslobenzostojkost_N	маслобензостойкость	noun	маслобензостойкость	маслобензостойкости	маслобензостойкости	маслобензостойкость	маслобензостойкостью
maslopogloshchaemost_N	маслопоглощаемость	noun	маслопоглощаемость	маслопоглощаемости	маслопоглощаемости	маслопоглощаемость	маслопоглощаемостью
massirovannost_N	массированность	noun	массированность	массированности	массированности	массированность	массированностью
materialoemkost_N	материалоемкость	noun	материалоемкость	материалоемкости	материалоемкости	материалоемкость	материалоемкостью
mgnovennost_N	мгновенность	noun	мгновенность	мгновенности	мгновенности	мгновенность	мгновенностью
medstatistika_N	медстатистика	noun	медстатистика	медстатистики	медстатистике	медстатистику	медстатистикой
medtehnika_N	медтехника	noun	медтехника	медтехники	медтехнике	медтехнику	медтехникой
melkozernistost_N	мелкозернистость	noun	мелкозернистость	мелкозернистости	мелкозернистости	мелкозернистость	мелкозернистостью
melkoplodnost_N	мелкоплодность	noun	мелкоплодность	мелкоплодности	мелкоплодности	мелкоплодность	мелкоплодностью
melkoslojnost_N	мелкослойность	noun	мелкослойность	мелкослойности	мелкослойности	мелкослойность	мелкослойностью
mentalnost_N	ментальность	noun	ментальность	ментальности	ментальности	ментальность	ментальностью
mertvost_N	мертвость	noun	мертвость	мертвости	мертвости	мертвость	мертвостью
metalingvistika_N	металингвистика	noun	металингвистика	металингвистики	металингвистике	металингвистику	металингвистикой
metalloplastika_N	металлопластика	noun	металлопластика	металлопластики	металлопластике	металлопластику	металлопластикой
metalogika_N	металогика	noun	металогика	металогики	металогике	металогику	металогикой
metamatematika_N	метаматематика	noun	метаматематика	метаматематики	метаматематике	метаматематику	метаматематикой
metasemiotika_N	метасемиотика	noun	метасемиотика	метасемиотики	метасемиотике	метасемиотику	метасемиотикой
metafizichnost_N	метафизичность	noun	метафизичность	метафизичности	метафизичности	метафизичность	метафизичностью
mehatronika_N	мехатроника	noun	мехатроника	мехатроники	мехатронике	мехатронику	мехатроникой
mikrografika_N	микрографика	noun	микрографика	микрографики	микрографике	микрографику	микрографикой
mikromehanika_N	микромеханика	noun	микромеханика	микромеханики	микромеханике	микромеханику	микромеханикой
mikroskladchatost_N	микроскладчатость	noun	микроскладчатость	микроскладчатости	микроскладчатости	микроскладчатость	микроскладчатостью
mikroshemotehnika_N	микросхемотехника	noun	микросхемотехника	микросхемотехники	микросхемотехнике	микросхемотехнику	микросхемотехникой
mikrotverdost_N	микротвердость	noun	микротвердость	микротвердости	микротвердости	микротвердость	микротвердостью
mikrotehnika_N	микротехника	noun	микротехника	микротехники	микротехнике	микротехнику	микротехникой
mikrofizika_N	микрофизика	noun	микрофизика	микрофизики	микрофизике	микрофизику	микрофизикой
mikrofotoelektronika_N	микрофотоэлектроника	noun	микрофотоэлектроника	микрофотоэлектроники	микрофотоэлектронике	микрофотоэлектронику	микрофотоэлектроникой
mikroekonomika_N	микроэкономика	noun	микроэкономика	микроэкономики	микроэкономике	микроэкономику	микроэкономикой
mikroelektronika_N	микроэлектроника	noun	микроэлектроника	микроэлектроники	микроэлектронике	микроэлектронику	микроэлектроникой
mineralokeramika_N	минералокерамика	noun	минералокерамика	минералокерамики	минералокерамике	минералокерамику	минералокерамикой
minutnost_N	минутность	noun	минутность	минутности	минутности	минутность	минутностью
mnogoaspektnost_N	многоаспектность	noun	многоаспектность	многоаспектности	многоаспектности	многоаспектность	многоаспектностью
mnogovalentnost_N	многовалентность	noun	многовалентность	многовалентности	многовалентности	многовалентность	многовалентностью
mnogovariantnost_N	многовариантность	noun	многовариантность	многовариантности	многовариантности	многовариантность	многовариантностью
mnogozadachnost_N	многозадачность	noun	многозадачность	многозадачности	многозадачности	многозадачность	многозадачностью
mnogokanalnost_N	многоканальность	noun	многоканальность	многоканальности	многоканальности	многоканальность	многоканальностью
mnogokrasochnost_N	многокрасочность	noun	многокрасочность	многокрасочности	многокрасочности	многокрасочность	многокрасочностью
mnogomernost_N	многомерность	noun	многомерность	многомерности	многомерности	многомерность	многомерностью
mnogoopytnost_N	многоопытность	noun	многоопытность	многоопытности	многоопытности	многоопытность	многоопытностью
mnogopalost_N	многопалость	noun	многопалость	многопалости	многопалости	многопалость	многопалостью
mnogopartijnost_N	многопартийность	noun	многопартийность	многопартийности	многопартийности	многопартийность	многопартийностью
mnogoslovnost_N	многословность	noun	многословность	многословности	многословности	многословность	многословностью
mnogostupenchatost_N	многоступенчатость	noun	многоступенчатость	многоступенчатости	многоступенчатости	многоступенчатость	многоступенчатостью
mnogotomnost_N	многотомность	noun	многотомность	многотомности	многотомности	многотомность	многотомностью
mnogoukladnost_N	многоукладность	noun	многоукладность	многоукладности	многоукладности	многоукладность	многоукладностью
mnogotsvetnost_N	многоцветность	noun	многоцветность	многоцветности	многоцветности	многоцветность	многоцветностью
mnogoyadnost_N	многоядность	noun	многоядность	многоядности	многоядности	многоядность	многоядностью
modalnost_N	модальность	noun	модальность	модальности	модальности	модальность	модальностью
molektronika_N	молектроника	noun	молектроника	молектроники	молектронике	молектронику	молектроникой
molchanie_N	молчание	noun	молчание	молчания	молчании	молчание	молчанием
molyarnost_N	молярность	noun	молярность	молярности	молярности	молярность	молярностью
monohromatichnost_N	монохроматичность	noun	монохроматичность	монохроматичности	монохроматичности	монохроматичность	монохроматичностью
monohromnost_N	монохромность	noun	монохромность	монохромности	монохромности	монохромность	монохромностью
monoenergetichnost_N	моноэнергетичность	noun	моноэнергетичность	моноэнергетичности	моноэнергетичности	моноэнергетичность	моноэнергетичностью
moroznost_N	морозность	noun	морозность	морозности	морозности	морозность	морозностью
mramornost_N	мраморность	noun	мраморность	мраморности	мраморности	мраморность	мраморностью
muzhepodobnost_N	мужеподобность	noun	мужеподобность	мужеподобности	мужеподобности	мужеподобность	мужеподобностью
multikollinearnost_N	мультиколлинеарность	noun	мультиколлинеарность	мультиколлинеарности	мультиколлинеарности	мультиколлинеарность	мультиколлинеарностью
multipletnost_N	мультиплетность	noun	мультиплетность	мультиплетности	мультиплетности	мультиплетность	мультиплетностью
multiustojchivost_N	мультиустойчивость	noun	мультиустойчивость	мультиустойчивости	мультиустойчивости	мультиустойчивость	мультиустойчивостью
mutagennost_N	мутагенность	noun	мутагенность	мутагенности	мутагенности	мутагенность	мутагенностью
mutantnost_N	мутантность	noun	мутантность	мутантности	мутантности	мутантность	мутантностью
myslit_V	мыслить	verb	мыслить	мыслить	мыслить	мыслить	мыслить
nablyudaemost_N	наблюдаемость	noun	наблюдаемость	наблюдаемости	наблюдаемости	наблюдаемость	наблюдаемостью
nadezhda_N	надежда	noun	надежда	надежды	надежде	надежду	надеждой
nadezhnost_N	надежность	noun	надежность	надежности	надежности	надежность	надежностью
naznachaemost_N	назначаемость	noun	назначаемость	назначаемости	назначаемости	назначаемость	назначаемостью
naznachenie_N	назначение	noun	назначение	назначения	назначении	назначение	назначением
naigrannost_N	наигранность	noun	наигранность	наигранности	наигранности	наигранность	наигранностью
nametannost_N	наметанность	noun	наметанность	наметанности	наметанности	наметанность	наметанностью
nanoelektronika_N	наноэлектроника	noun	наноэлектроника	наноэлектроники	наноэлектронике	наноэлектронику	наноэлектроникой
napolnyaemost_N	наполняемость	noun	наполняемость	наполняемости	наполняемости	наполняемость	наполняемостью
naprasnost_N	напрасность	noun	напрасность	напрасности	напрасности	напрасность	напрасностью
nastraivaemost_N	настраиваемость	noun	настраиваемость	настраиваемости	настраиваемости	настраиваемость	настраиваемостью
natuzhnost_N	натужность	noun	натужность	натужности	натужности	натужность	натужностью
naelektrizovannost_N	наэлектризованность	noun	наэлектризованность	наэлектризованности	наэлектризованности	наэлектризованность	наэлектризованностью
neadekvatnost_N	неадекватность	noun	неадекватность	неадекватности	неадекватности	неадекватность	неадекватностью
nebezopasnost_N	небезопасность	noun	небезопасность	небезопасности	небезопасности	небезопасность	небезопасностью
nebespristrastnost_N	небеспристрастность	noun	небеспристрастность	небеспристрастности	небеспристрастности	небеспристрастность	небеспристрастностью
nevazhnost_N	неважность	noun	неважность	неважности	неважности	неважность	неважностью
neveskost_N	невескость	noun	невескость	невескости	невескости	невескость	невескостью
neveshchestvennost_N	невещественность	noun	невещественность	невещественности	невещественности	невещественность	невещественностью
nevzaimozamestimost_N	невзаимозаместимость	noun	невзаимозаместимость	невзаимозаместимости	невзаимозаместимости	невзаимозаместимость	невзаимозаместимостью
nevidimost_N	невидимость	noun	невидимость	невидимости	невидимости	невидимость	невидимостью
nevirulentnost_N	невирулентность	noun	невирулентность	невирулентности	невирулентности	невирулентность	невирулентностью
nevozvratimost_N	невозвратимость	noun	невозвратимость	невозвратимости	невозвратимости	невозвратимость	невозвратимостью
nevozdelannost_N	невозделанность	noun	невозделанность	невозделанности	невозделанности	невозделанность	невозделанностью
nevostrebovannost_N	невостребованность	noun	невостребованность	невостребованности	невостребованности	невостребованность	невостребованностью
nevpechatlitelnost_N	невпечатлительность	noun	невпечатлительность	невпечатлительности	невпечатлительности	невпечатлительность	невпечатлительностью
negermetichnost_N	негерметичность	noun	негерметичность	негерметичности	негерметичности	негерметичность	негерметичностью
negotovnost_N	неготовность	noun	неготовность	неготовности	неготовности	неготовность	неготовностью
nedvizhnost_N	недвижность	noun	недвижность	недвижности	недвижности	недвижность	недвижностью
nedevstvennost_N	недевственность	noun	недевственность	недевственности	недевственности	недевственность	недевственностью
nedejstvennost_N	недейственность	noun	недейственность	недейственности	недейственности	недейственность	недейственностью
nedokazannost_N	недоказанность	noun	недоказанность	недоказанности	недоказанности	недоказанность	недоказанностью
nedootsenennost_N	недооцененность	noun	недооцененность	недооцененности	недооцененности	недооцененность	недооцененностью
nezagruzhennost_N	незагруженность	noun	незагруженность	незагруженности	незагруженности	незагруженность	незагруженностью
nezakonnorozhdennost_N	незаконнорожденность	noun	незаконнорожденность	незаконнорожденности	незаконнорожденности	незаконнорожденность	незаконнорожденностью
nezakreplennost_N	незакрепленность	noun	незакрепленность	незакрепленности	незакрепленности	незакрепленность	незакрепленностью
nezamedlitelnost_N	незамедлительность	noun	незамедлительность	незамедлительности	незамедлительности	незамедлительность	незамедлительностью
nezametnost_N	незаметность	noun	незаметность	незаметности	незаметности	незаметность	незаметностью
nezanyatost_N	незанятость	noun	незанятость	незанятости	незанятости	незанятость	незанятостью
nezapolnennost_N	незаполненность	noun	незаполненность	незаполненности	незаполненности	незаполненность	незаполненностью
nezarazhennost_N	незараженность	noun	незараженность	незараженности	незараженности	незараженность	незараженностью
nezashchishchennost_N	незащищенность	noun	незащищенность	незащищенности	незащищенности	незащищенность	незащищенностью
nezlopamyatnost_N	незлопамятность	noun	незлопамятность	незлопамятности	незлопамятности	незлопамятность	незлопамятностью
neizyasnimost_N	неизъяснимость	noun	неизъяснимость	неизъяснимости	неизъяснимости	неизъяснимость	неизъяснимостью
neizyashchnost_N	неизящность	noun	неизящность	неизящности	неизящности	неизящность	неизящностью
neinteresnost_N	неинтересность	noun	неинтересность	неинтересности	неинтересности	неинтересность	неинтересностью
neiskusnost_N	неискусность	noun	неискусность	неискусности	неискусности	неискусность	неискусностью
nejrobionika_N	нейробионика	noun	нейробионика	нейробионики	нейробионике	нейробионику	нейробионикой
nejroinformatika_N	нейроинформатика	noun	нейроинформатика	нейроинформатики	нейроинформатике	нейроинформатику	нейроинформатикой
nejrolingvistika_N	нейролингвистика	noun	нейролингвистика	нейролингвистики	нейролингвистике	нейролингвистику	нейролингвистикой
nejtronika_N	нейтроника	noun	нейтроника	нейтроники	нейтронике	нейтронику	нейтроникой
nekogerentnost_N	некогерентность	noun	некогерентность	некогерентности	некогерентности	некогерентность	некогерентностью
nekonvertiruemost_N	неконвертируемость	noun	неконвертируемость	неконвертируемости	неконвертируемости	неконвертируемость	неконвертируемостью
nekonstitutsionnost_N	неконституционность	noun	неконституционность	неконституционности	неконституционности	неконституционность	неконституционностью
nekonformnost_N	неконформность	noun	неконформность	неконформности	неконформности	неконформность	неконформностью
nekorrelirovannost_N	некоррелированность	noun	некоррелированность	некоррелированности	некоррелированности	некоррелированность	некоррелированностью
nekotiruemost_N	некотируемость	noun	некотируемость	некотируемости	некотируемости	некотируемость	некотируемостью
nekristallichnost_N	некристалличность	noun	некристалличность	некристалличности	некристалличности	некристалличность	некристалличностью
nelegitimnost_N	нелегитимность	noun	нелегитимность	нелегитимности	нелегитимности	нелегитимность	нелегитимностью
nelinejnost_N	нелинейность	noun	нелинейность	нелинейности	нелинейности	нелинейность	нелинейностью
nelitsepriyatnost_N	нелицеприятность	noun	нелицеприятность	нелицеприятности	нелицеприятности	нелицеприятность	нелицеприятностью
nelyubeznost_N	нелюбезность	noun	нелюбезность	нелюбезности	нелюбезности	нелюбезность	нелюбезностью
nematerialnost_N	нематериальность	noun	нематериальность	нематериальности	нематериальности	нематериальность	нематериальностью
nemnogochislennost_N	немногочисленность	noun	немногочисленность	немногочисленности	немногочисленности	немногочисленность	немногочисленностью
nemudrenost_N	немудреность	noun	немудреность	немудрености	немудрености	немудреность	немудреностью
nenapolnennost_N	ненаполненность	noun	ненаполненность	ненаполненности	ненаполненности	ненаполненность	ненаполненностью
nenasyshchennost_N	ненасыщенность	noun	ненасыщенность	ненасыщенности	ненасыщенности	ненасыщенность	ненасыщенностью
neobrabotannost_N	необработанность	noun	необработанность	необработанности	необработанности	необработанность	необработанностью
neobhodimost_N	необходимость	noun	необходимость	необходимости	необходимости	необходимость	необходимостью
neobyasnimost_N	необъяснимость	noun	необъяснимость	необъяснимости	необъяснимости	необъяснимость	необъяснимостью
neopasnost_N	неопасность	noun	неопасность	неопасности	неопасности	неопасность	неопасностью
neopravdannost_N	неоправданность	noun	неоправданность	неоправданности	неоправданности	неоправданность	неоправданностью
neortodoksalnost_N	неортодоксальность	noun	неортодоксальность	неортодоксальности	неортодоксальности	неортодоксальность	неортодоксальностью
neosvoennost_N	неосвоенность	noun	неосвоенность	неосвоенности	неосвоенности	неосвоенность	неосвоенностью
neosyazaemost_N	неосязаемость	noun	неосязаемость	неосязаемости	неосязаемости	неосязаемость	неосязаемостью
neotvetstvennost_N	неответственность	noun	неответственность	неответственности	неответственности	неответственность	неответственностью
neotdelannost_N	неотделанность	noun	неотделанность	неотделанности	неотделанности	неотделанность	неотделанностью
neotzyvchivost_N	неотзывчивость	noun	неотзывчивость	неотзывчивости	неотзывчивости	неотзывчивость	неотзывчивостью
neotkrovennost_N	неоткровенность	noun	неоткровенность	неоткровенности	неоткровенности	неоткровенность	неоткровенностью
neotnosimost_N	неотносимость	noun	неотносимость	неотносимости	неотносимости	неотносимость	неотносимостью
neotrabotannost_N	неотработанность	noun	неотработанность	неотработанности	неотработанности	неотработанность	неотработанностью
neotregulirovannost_N	неотрегулированность	noun	неотрегулированность	неотрегулированности	неотрегулированности	неотрегулированность	неотрегулированностью
neotchuzhdaemost_N	неотчуждаемость	noun	неотчуждаемость	неотчуждаемости	неотчуждаемости	неотчуждаемость	неотчуждаемостью
neoformlennost_N	неоформленность	noun	неоформленность	неоформленности	неоформленности	неоформленность	неоформленностью
neochevidnost_N	неочевидность	noun	неочевидность	неочевидности	неочевидности	неочевидность	неочевидностью
neoshchutimost_N	неощутимость	noun	неощутимость	неощутимости	неощутимости	неощутимость	неощутимостью
neparnost_N	непарность	noun	непарность	непарности	непарности	непарность	непарностью
nepatentosposobnost_N	непатентоспособность	noun	непатентоспособность	непатентоспособности	непатентоспособности	непатентоспособность	непатентоспособностью
neperedavaemost_N	непередаваемость	noun	непередаваемость	непередаваемости	непередаваемости	непередаваемость	непередаваемостью
neperenosimost_N	непереносимость	noun	непереносимость	непереносимости	непереносимости	непереносимость	непереносимостью
neperiodichnost_N	непериодичность	noun	непериодичность	непериодичности	непериодичности	непериодичность	непериодичностью
neplavkost_N	неплавкость	noun	неплавкость	неплавкости	неплавкости	неплавкость	неплавкостью
neplodorodnost_N	неплодородность	noun	неплодородность	неплодородности	неплодородности	неплодородность	неплодородностью
nepovrezhdennost_N	неповрежденность	noun	неповрежденность	неповрежденности	неповрежденности	неповрежденность	неповрежденностью
nepodotchetnost_N	неподотчетность	noun	неподотчетность	неподотчетности	неподотчетности	неподотчетность	неподотчетностью
nepodtverzhdennost_N	неподтвержденность	noun	неподтвержденность	неподтвержденности	неподтвержденности	неподтвержденность	неподтвержденностью
nepodchinennost_N	неподчиненность	noun	неподчиненность	неподчиненности	неподчиненности	неподчиненность	неподчиненностью
nepoleznost_N	неполезность	noun	неполезность	неполезности	неполезности	неполезность	неполезностью
nepolovovzroslost_N	неполововзрослость	noun	неполововзрослость	неполововзрослости	неполововзрослости	неполововзрослость	неполововзрослостью
nepopulyarnost_N	непопулярность	noun	непопулярность	непопулярности	непопулярности	непопулярность	непопулярностью
nepostizhimost_N	непостижимость	noun	непостижимость	непостижимости	непостижимости	непостижимость	непостижимостью
nepredvzyatost_N	непредвзятость	noun	непредвзятость	непредвзятости	непредвзятости	непредвзятость	непредвзятостью
nepredskazuemost_N	непредсказуемость	noun	непредсказуемость	непредсказуемости	непредсказуемости	непредсказуемость	непредсказуемостью
nepredubezhdennost_N	непредубежденность	noun	непредубежденность	непредубежденности	непредубежденности	непредубежденность	непредубежденностью
nepremennost_N	непременность	noun	непременность	непременности	непременности	непременность	непременностью
neprestizhnost_N	непрестижность	noun	непрестижность	непрестижности	непрестижности	непрестижность	непрестижностью
neprivodimost_N	неприводимость	noun	неприводимость	неприводимости	неприводимости	неприводимость	неприводимостью
neprikasaemost_N	неприкасаемость	noun	неприкасаемость	неприкасаемости	неприкасаемости	неприкасаемость	неприкасаемостью
neprikrytost_N	неприкрытость	noun	неприкрытость	неприкрытости	неприкрытости	неприкрытость	неприкрытостью
neprinadlezhnost_N	непринадлежность	noun	непринадлежность	непринадлежности	непринадлежности	непринадлежность	непринадлежностью
neproglyadnost_N	непроглядность	noun	непроглядность	непроглядности	непроглядности	непроглядность	непроглядностью
neprodumannost_N	непродуманность	noun	непродуманность	непродуманности	непродуманности	непродуманность	непродуманностью
neprozrachnost_N	непрозрачность	noun	непрозрачность	непрозрачности	непрозрачности	непрозрачность	непрозрачностью
neprotivorechivost_N	непротиворечивость	noun	непротиворечивость	непротиворечивости	непротиворечивости	непротиворечивость	непротиворечивостью
nerazdelennost_N	неразделенность	noun	неразделенность	неразделенности	неразделенности	неразделенность	неразделенностью
nerazlichimost_N	неразличимость	noun	неразличимость	неразличимости	неразличимости	неразличимость	неразличимостью
nerazmennost_N	неразменность	noun	неразменность	неразменности	неразменности	неразменность	неразменностью
nerazrabotannost_N	неразработанность	noun	неразработанность	неразработанности	неразработанности	неразработанность	неразработанностью
nerazreshennost_N	неразрешенность	noun	неразрешенность	неразрешенности	неразрешенности	неразрешенность	неразрешенностью
nerazrushaemost_N	неразрушаемость	noun	неразрушаемость	неразрушаемости	неразрушаемости	неразрушаемость	неразрушаемостью
nerazrushimost_N	неразрушимость	noun	неразрушимость	неразрушимости	неразрушимости	неразрушимость	неразрушимостью
neraskayannost_N	нераскаянность	noun	нераскаянность	нераскаянности	нераскаянности	нераскаянность	нераскаянностью
nerezkost_N	нерезкость	noun	нерезкость	нерезкости	нерезкости	нерезкость	нерезкостью
nereshennost_N	нерешенность	noun	нерешенность	нерешенности	нерешенности	нерешенность	нерешенностью
neritmichnost_N	неритмичность	noun	неритмичность	неритмичности	неритмичности	неритмичность	неритмичностью
nesbalansirovannost_N	несбалансированность	noun	несбалансированность	несбалансированности	несбалансированности	несбалансированность	несбалансированностью
nesvodimost_N	несводимость	noun	несводимость	несводимости	несводимости	несводимость	несводимостью
nesvojstvennost_N	несвойственность	noun	несвойственность	несвойственности	несвойственности	несвойственность	несвойственностью
nesvyazannost_N	несвязанность	noun	несвязанность	несвязанности	несвязанности	несвязанность	несвязанностью
neszhimaemost_N	несжимаемость	noun	несжимаемость	несжимаемости	несжимаемости	несжимаемость	несжимаемостью
nesklonnost_N	несклонность	noun	несклонность	несклонности	несклонности	несклонность	несклонностью
neskonchaemost_N	нескончаемость	noun	нескончаемость	нескончаемости	нескончаемости	нескончаемость	нескончаемостью
neslitnost_N	неслитность	noun	неслитность	неслитности	неслитности	неслитность	неслитностью
nesluchajnost_N	неслучайность	noun	неслучайность	неслучайности	неслучайности	неслучайность	неслучайностью
neslyshimost_N	неслышимость	noun	неслышимость	неслышимости	неслышимости	неслышимость	неслышимостью
nesmetnost_N	несметность	noun	несметность	несметности	несметности	несметность	несметностью
nesminaemost_N	несминаемость	noun	несминаемость	несминаемости	несминаемости	несминаемость	несминаемостью
nesovershennost_N	несовершенность	noun	несовершенность	несовершенности	несовершенности	несовершенность	несовершенностью
nesovmestimost_N	несовместимость	noun	несовместимость	несовместимости	несовместимости	несовместимость	несовместимостью
nesovremennost_N	несовременность	noun	несовременность	несовременности	несовременности	несовременность	несовременностью
nesokratimost_N	несократимость	noun	несократимость	несократимости	несократимости	несократимость	несократимостью
nesoosnost_N	несоосность	noun	несоосность	несоосности	несоосности	несоосность	несоосностью
nesochetaemost_N	несочетаемость	noun	несочетаемость	несочетаемости	несочетаемости	несочетаемость	несочетаемостью
nespeshnost_N	неспешность	noun	неспешность	неспешности	неспешности	неспешность	неспешностью
nespokojnost_N	неспокойность	noun	неспокойность	неспокойности	неспокойности	неспокойность	неспокойностью
nestabilnost_N	нестабильность	noun	нестабильность	нестабильности	нестабильности	нестабильность	нестабильностью
nesterilnost_N	нестерильность	noun	нестерильность	нестерильности	нестерильности	нестерильность	нестерильностью
nesterpimost_N	нестерпимость	noun	нестерпимость	нестерпимости	нестерпимости	нестерпимость	нестерпимостью
nesushchestvennost_N	несущественность	noun	несущественность	несущественности	несущественности	несущественность	несущественностью
nesformirovannost_N	несформированность	noun	несформированность	несформированности	несформированности	несформированность	несформированностью
neshodimost_N	несходимость	noun	несходимость	несходимости	несходимости	несходимость	несходимостью
neschetnost_N	несчетность	noun	несчетность	несчетности	несчетности	несчетность	несчетностью
netalantlivost_N	неталантливость	noun	неталантливость	неталантливости	неталантливости	неталантливость	неталантливостью
netronutost_N	нетронутость	noun	нетронутость	нетронутости	нетронутости	нетронутость	нетронутостью
netrudnost_N	нетрудность	noun	нетрудность	нетрудности	нетрудности	нетрудность	нетрудностью
neuzakonennost_N	неузаконенность	noun	неузаконенность	неузаконенности	неузаконенности	неузаконенность	неузаконенностью
neukomplektovannost_N	неукомплектованность	noun	неукомплектованность	неукомплектованности	неукомплектованности	неукомплектованность	неукомплектованностью
neumyshlennost_N	неумышленность	noun	неумышленность	неумышленности	неумышленности	неумышленность	неумышленностью
neupravlyaemost_N	неуправляемость	noun	неуправляемость	неуправляемости	неуправляемости	неуправляемость	неуправляемостью
neuprugost_N	неупругость	noun	неупругость	неупругости	неупругости	неупругость	неупругостью
neuregulirovannost_N	неурегулированность	noun	неурегулированность	неурегулированности	неурегулированности	неурегулированность	неурегулированностью
neformalnost_N	неформальность	noun	неформальность	неформальности	неформальности	неформальность	неформальностью
neftegazonosnost_N	нефтегазоносность	noun	нефтегазоносность	нефтегазоносности	нефтегазоносности	нефтегазоносность	нефтегазоносностью
neftegeofizika_N	нефтегеофизика	noun	нефтегеофизика	нефтегеофизики	нефтегеофизике	нефтегеофизику	нефтегеофизикой
netselomudrennost_N	нецеломудренность	noun	нецеломудренность	нецеломудренности	нецеломудренности	нецеломудренность	нецеломудренностью
netsentrirovannost_N	нецентрированность	noun	нецентрированность	нецентрированности	нецентрированности	нецентрированность	нецентрированностью
netsivilizovannost_N	нецивилизованность	noun	нецивилизованность	нецивилизованности	нецивилизованности	нецивилизованность	нецивилизованностью
neshablonnost_N	нешаблонность	noun	нешаблонность	нешаблонности	нешаблонности	нешаблонность	нешаблонностью
neshutochnost_N	нешуточность	noun	нешуточность	нешуточности	нешуточности	нешуточность	нешуточностью
neekonomnost_N	неэкономность	noun	неэкономность	неэкономности	неэкономности	неэкономность	неэкономностью
neelastichnost_N	неэластичность	noun	неэластичность	неэластичности	неэластичности	неэластичность	неэластичностью
neeffektivnost_N	неэффективность	noun	неэффективность	неэффективности	неэффективности	неэффективность	неэффективностью
neyarkost_N	неяркость	noun	неяркость	неяркости	неяркости	неяркость	неяркостью
nichejnost_N	ничейность	noun	ничейность	ничейности	ничейности	ничейность	ничейностью
nichto_N	ничто	noun	ничто	ничего	ничем	ничто	ничтом
nuzhnost_N	нужность	noun	нужность	нужности	нужности	нужность	нужностью
nukleonika_N	нуклеоника	noun	нуклеоника	нуклеоники	нуклеонике	нуклеонику	нуклеоникой
obaldelost_N	обалделость	noun	обалделость	обалделости	обалделости	обалделость	обалделостью
obvetrennost_N	обветренность	noun	обветренность	обветренности	обветренности	обветренность	обветренностью
obvodnennost_N	обводненность	noun	обводненность	обводненности	обводненности	обводненность	обводненностью
obezlichennost_N	обезличенность	noun	обезличенность	обезличенности	обезличенности	обезличенность	обезличенностью
obeskurazhennost_N	обескураженность	noun	обескураженность	обескураженности	обескураженности	обескураженность	обескураженностью
obespokoennost_N	обеспокоенность	noun	обеспокоенность	обеспокоенности	обеспокоенности	обеспокоенность	обеспокоенностью
obida_N	обида	noun	обида	обиды	обиде	обиду	обидой
oblagaemost_N	облагаемость	noun	облагаемость	облагаемости	облагаемости	облагаемость	облагаемостью
obluchennost_N	облученность	noun	облученность	облученности	облученности	облученность	облученностью
oborvannost_N	оборванность	noun	оборванность	оборванности	оборванности	оборванность	оборванностью
oboronoustojchivost_N	обороноустойчивость	noun	обороноустойчивость	обороноустойчивости	обороноустойчивости	обороноустойчивость	обороноустойчивостью
oborotosposobnost_N	оборотоспособность	noun	оборотоспособность	оборотоспособности	оборотоспособности	оборотоспособность	оборотоспособностью
obosnovanie_N	обоснование	noun	обоснование	обоснования	обосновании	обоснование	обоснованием
obrashchennost_N	обращенность	noun	обращенность	обращенности	обращенности	обращенность	обращенностью
obryadovost_N	обрядовость	noun	обрядовость	обрядовости	обрядовости	обрядовость	обрядовостью
obsluzhivaemost_N	обслуживаемость	noun	обслуживаемость	обслуживаемости	обслуживаемости	обслуживаемость	обслуживаемостью
obstruktsionnost_N	обструкционность	noun	обструкционность	обструкционности	обструкционности	обструкционность	обструкционностью
obuchaemost_N	обучаемость	noun	обучаемость	обучаемости	обучаемости	обучаемость	обучаемостью
obshcheznachimost_N	общезначимость	noun	общезначимость	общезначимости	общезначимости	общезначимость	общезначимостью
obshcheprinyatost_N	общепринятость	noun	общепринятость	общепринятости	общепринятости	общепринятость	общепринятостью
obshchinnost_N	общинность	noun	общинность	общинности	общинности	общинность	общинностью
obyasnenie_N	объяснение	noun	объяснение	объяснения	объяснении	объяснение	объяснением
obyazannost_N	обязанность	noun	обязанность	обязанности	обязанности	обязанность	обязанностью
obyazatelstvo_N	обязательство	noun	обязательство	обязательства	обязательстве	обязательство	обязательством
ognennost_N	огненность	noun	огненность	огненности	огненности	огненность	огненностью
ogranichenie_N	ограничение	noun	ограничение	ограничения	ограничении	ограничение	ограничением
odinochestvo_N	одиночество	noun	одиночество	одиночества	одиночестве	одиночество	одиночеством
odnoatomnost_N	одноатомность	noun	одноатомность	одноатомности	одноатомности	одноатомность	одноатомностью
odnodetnost_N	однодетность	noun	однодетность	однодетности	однодетности	однодетность	однодетностью
odnozvuchnost_N	однозвучность	noun	однозвучность	однозвучности	однозвучности	однозвучность	однозвучностью
odnomernost_N	одномерность	noun	одномерность	одномерности	одномерности	одномерность	одномерностью
odnohozyajnost_N	однохозяйность	noun	однохозяйность	однохозяйности	однохозяйности	однохозяйность	однохозяйностью
odurelost_N	одурелость	noun	одурелость	одурелости	одурелости	одурелость	одурелостью
okislyaemost_N	окисляемость	noun	окисляемость	окисляемости	окисляемости	окисляемость	окисляемостью
okkazionalnost_N	окказиональность	noun	окказиональность	окказиональности	окказиональности	окказиональность	окказиональностью
okoldovannost_N	околдованность	noun	околдованность	околдованности	околдованности	околдованность	околдованностью
okolnost_N	окольность	noun	окольность	окольности	окольности	окольность	окольностью
okonchatelnost_N	окончательность	noun	окончательность	окончательности	окончательности	окончательность	окончательностью
okrashennost_N	окрашенность	noun	окрашенность	окрашенности	окрашенности	окрашенность	окрашенностью
okristallizovannost_N	окристаллизованность	noun	окристаллизованность	окристаллизованности	окристаллизованности	окристаллизованность	окристаллизованностью
okruzhennost_N	окруженность	noun	окруженность	окруженности	окруженности	окруженность	окруженностью
okupaemost_N	окупаемость	noun	окупаемость	окупаемости	окупаемости	окупаемость	окупаемостью
olfaktronika_N	ольфактроника	noun	ольфактроника	ольфактроники	ольфактронике	ольфактронику	ольфактроникой
omofonichnost_N	омофоничность	noun	омофоничность	омофоничности	омофоничности	омофоничность	омофоничностью
operabelnost_N	операбельность	noun	операбельность	операбельности	операбельности	операбельность	операбельностью
operennost_N	оперенность	noun	оперенность	оперенности	оперенности	оперенность	оперенностью
opisanie_N	описание	noun	описание	описания	описании	описание	описанием
oposredstvovannost_N	опосредствованность	noun	опосредствованность	опосредствованности	опосредствованности	опосредствованность	опосредствованностью
opravdannost_N	оправданность	noun	оправданность	оправданности	оправданности	оправданность	оправданностью
opravdyvaemost_N	оправдываемость	noun	оправдываемость	оправдываемости	оправдываемости	оправдываемость	оправдываемостью
opredelenie_N	определение	noun	определение	определения	определении	определение	определением
oprovergaemost_N	опровергаемость	noun	опровергаемость	опровергаемости	опровергаемости	опровергаемость	опровергаемостью
oproverzhenie_N	опровержение	noun	опровержение	опровержения	опровержении	опровержение	опровержением
oproverzhimost_N	опровержимость	noun	опровержимость	опровержимости	опровержимости	опровержимость	опровержимостью
optoakustika_N	оптоакустика	noun	оптоакустика	оптоакустики	оптоакустике	оптоакустику	оптоакустикой
optotehnika_N	оптотехника	noun	оптотехника	оптотехники	оптотехнике	оптотехнику	оптотехникой
optoelektronika_N	оптоэлектроника	noun	оптоэлектроника	оптоэлектроники	оптоэлектронике	оптоэлектронику	оптоэлектроникой
orgtehnika_N	оргтехника	noun	оргтехника	оргтехники	оргтехнике	оргтехнику	оргтехникой
orientirovannost_N	ориентированность	noun	ориентированность	ориентированности	ориентированности	ориентированность	ориентированностью
ortogonalnost_N	ортогональность	noun	ортогональность	ортогональности	ортогональности	ортогональность	ортогональностью
ortoptika_N	ортоптика	noun	ортоптика	ортоптики	ортоптике	ортоптику	ортоптикой
oslablennost_N	ослабленность	noun	ослабленность	ослабленности	ослабленности	ослабленность	ослабленностью
osnovanie_N	основание	noun	основание	основания	основании	основание	основанием
osnovnost_N	основность	noun	основность	основности	основности	основность	основностью
osnovyvat_V	основывать	verb	основывать	основывать	основывать	основывать	основывать
osolonennost_N	осолоненность	noun	осолоненность	осолоненности	осолоненности	осолоненность	осолоненностью
osteoplastika_N	остеопластика	noun	остеопластика	остеопластики	остеопластике	остеопластику	остеопластикой
ostroumnost_N	остроумность	noun	остроумность	остроумности	остроумности	остроумность	остроумностью
ost_N	ость	noun	ость	ости	ости	ость	остью
otbornost_N	отборность	noun	отборность	отборности	отборности	отборность	отборностью
otvet_N	ответ	noun	ответ	ответа	ответе	ответ	ответом
otvetstvennost_N	ответственность	noun	ответственность	ответственности	ответственности	ответственность	ответственностью
otkazoustojchivost_N	отказоустойчивость	noun	отказоустойчивость	отказоустойчивости	отказоустойчивости	отказоустойчивость	отказоустойчивостью
otkazoustochivost_N	отказоусточивость	noun	отказоусточивость	отказоусточивости	отказоусточивости	отказоусточивость	отказоусточивостью
otkrytost_N	открытость	noun	открытость	открытости	открытости	открытость	открытостью
otlichimost_N	отличимость	noun	отличимость	отличимости	отличимости	отличимость	отличимостью
otnesennost_N	отнесенность	noun	отнесенность	отнесенности	отнесенности	отнесенность	отнесенностью
otnosimost_N	относимость	noun	относимость	относимости	относимости	относимость	относимостью
otradnost_N	отрадность	noun	отрадность	отрадности	отрадности	отрадность	отрадностью
otrazhenie_N	отражение	noun	отражение	отражения	отражении	отражение	отражением
otslezhivaemost_N	отслеживаемость	noun	отслеживаемость	отслеживаемости	отслеживаемости	отслеживаемость	отслеживаемостью
otstranennost_N	отстраненность	noun	отстраненность	отстраненности	отстраненности	отстраненность	отстраненностью
ottochennost_N	отточенность	noun	отточенность	отточенности	отточенности	отточенность	отточенностью
ohranosposobnost_N	охраноспособность	noun	охраноспособность	охраноспособности	охраноспособности	охраноспособность	охраноспособностью
ochumelost_N	очумелость	noun	очумелость	очумелости	очумелости	очумелость	очумелостью
oshalelost_N	ошалелость	noun	ошалелость	ошалелости	ошалелости	ошалелость	ошалелостью
oshibka_N	ошибка	noun	ошибка	ошибки	ошибке	ошибку	ошибкой
oshibkoustojchivost_N	ошибкоустойчивость	noun	ошибкоустойчивость	ошибкоустойчивости	ошибкоустойчивости	ошибкоустойчивость	ошибкоустойчивостью
paleobionika_N	палеобионика	noun	палеобионика	палеобионики	палеобионике	палеобионику	палеобионикой
paleogeofizika_N	палеогеофизика	noun	палеогеофизика	палеогеофизики	палеогеофизике	палеогеофизику	палеогеофизикой
pamyat_N	память	noun	память	памяти	памяти	память	памятью
paralingvistika_N	паралингвистика	noun	паралингвистика	паралингвистики	паралингвистике	паралингвистику	паралингвистикой
paronepronitsaemost_N	паронепроницаемость	noun	паронепроницаемость	паронепроницаемости	паронепроницаемости	паронепроницаемость	паронепроницаемостью
passazhirovmestimost_N	пассажировместимость	noun	пассажировместимость	пассажировместимости	пассажировместимости	пассажировместимость	пассажировместимостью
patafizika_N	патафизика	noun	патафизика	патафизики	патафизике	патафизику	патафизикой
patentosposobnost_N	патентоспособность	noun	патентоспособность	патентоспособности	патентоспособности	патентоспособность	патентоспособностью
patogennost_N	патогенность	noun	патогенность	патогенности	патогенности	патогенность	патогенностью
patrilinejnost_N	патрилинейность	noun	патрилинейность	патрилинейности	патрилинейности	патрилинейность	патрилинейностью
pahotoprigodnost_N	пахотопригодность	noun	пахотопригодность	пахотопригодности	пахотопригодности	пахотопригодность	пахотопригодностью
penetrantnost_N	пенетрантность	noun	пенетрантность	пенетрантности	пенетрантности	пенетрантность	пенетрантностью
pervozdannost_N	первозданность	noun	первозданность	первозданности	первозданности	первозданность	первозданностью
perelivchatost_N	переливчатость	noun	переливчатость	переливчатости	переливчатости	переливчатость	переливчатостью
peremezhaemost_N	перемежаемость	noun	перемежаемость	перемежаемости	перемежаемости	перемежаемость	перемежаемостью
peremestitelnost_N	переместительность	noun	переместительность	переместительности	переместительности	переместительность	переместительностью
peremeshchaemost_N	перемещаемость	noun	перемещаемость	перемещаемости	перемещаемости	перемещаемость	перемещаемостью
perenalazhivaemost_N	переналаживаемость	noun	переналаживаемость	переналаживаемости	переналаживаемости	переналаживаемость	переналаживаемостью
perenormiruemost_N	перенормируемость	noun	перенормируемость	перенормируемости	перенормируемости	перенормируемость	перенормируемостью
perenosimost_N	переносимость	noun	переносимость	переносимости	переносимости	переносимость	переносимостью
pereputannost_N	перепутанность	noun	перепутанность	перепутанности	перепутанности	перепутанность	перепутанностью
perestanovochnost_N	перестановочность	noun	перестановочность	перестановочности	перестановочности	перестановочность	перестановочностью
peristost_N	перистость	noun	перистость	перистости	перистости	перистость	перистостью
pika_N	пика	noun	пика	пики	пике	пику	пикой
piloobraznost_N	пилообразность	noun	пилообразность	пилообразности	пилообразности	пилообразность	пилообразностью
piroprovodimost_N	пиропроводимость	noun	пиропроводимость	пиропроводимости	пиропроводимости	пиропроводимость	пиропроводимостью
platezhnost_N	платежность	noun	платежность	платежности	платежности	платежность	платежностью
plojchatost_N	плойчатость	noun	плойчатость	плойчатости	плойчатости	плойчатость	плойчатостью
ploskostnost_N	плоскостность	noun	плоскостность	плоскостности	плоскостности	плоскостность	плоскостностью
pnevmatichnost_N	пневматичность	noun	пневматичность	пневматичности	пневматичности	пневматичность	пневматичностью
pnevmoavtomatika_N	пневмоавтоматика	noun	пневмоавтоматика	пневмоавтоматики	пневмоавтоматике	пневмоавтоматику	пневмоавтоматикой
pnevmonika_N	пневмоника	noun	пневмоника	пневмоники	пневмонике	пневмонику	пневмоникой
pobitost_N	побитость	noun	побитость	побитости	побитости	побитость	побитостью
pogashennost_N	погашенность	noun	погашенность	погашенности	погашенности	погашенность	погашенностью
pogloshchennost_N	поглощенность	noun	поглощенность	поглощенности	поглощенности	поглощенность	поглощенностью
pogodoustojchivost_N	погодоустойчивость	noun	погодоустойчивость	погодоустойчивости	погодоустойчивости	погодоустойчивость	погодоустойчивостью
pogruzhennost_N	погруженность	noun	погруженность	погруженности	погруженности	погруженность	погруженностью
podkontrolnost_N	подконтрольность	noun	подконтрольность	подконтрольности	подконтрольности	подконтрольность	подконтрольностью
podkupnost_N	подкупность	noun	подкупность	подкупности	подкупности	подкупность	подкупностью
podnadzornost_N	поднадзорность	noun	поднадзорность	поднадзорности	поднадзорности	поднадзорность	поднадзорностью
podrubrika_N	подрубрика	noun	подрубрика	подрубрики	подрубрике	подрубрику	подрубрикой
podsledstvennost_N	подследственность	noun	подследственность	подследственности	подследственности	подследственность	подследственностью
podsudimost_N	подсудимость	noun	подсудимость	подсудимости	подсудимости	подсудимость	подсудимостью
pozharobezopasnost_N	пожаробезопасность	noun	пожаробезопасность	пожаробезопасности	пожаробезопасности	пожаробезопасность	пожаробезопасностью
pozharoopasnost_N	пожароопасность	noun	пожароопасность	пожароопасности	пожароопасности	пожароопасность	пожароопасностью
pozitsiya_N	позиция	noun	позиция	позиции	позиции	позицию	позицией
pokinutost_N	покинутость	noun	покинутость	покинутости	покинутости	покинутость	покинутостью
pokoroblennost_N	покоробленность	noun	покоробленность	покоробленности	покоробленности	покоробленность	покоробленностью
polgodika_N	полгодика	noun	полгодика	полугодика	полугодике	полгодику	полугодиком
poletoprigodnost_N	полетопригодность	noun	полетопригодность	полетопригодности	полетопригодности	полетопригодность	полетопригодностью
polivalentnost_N	поливалентность	noun	поливалентность	поливалентности	поливалентности	поливалентность	поливалентностью
politkorrektnost_N	политкорректность	noun	политкорректность	политкорректности	политкорректности	политкорректность	политкорректностью
politonalnost_N	политональность	noun	политональность	политональности	политональности	политональность	политональностью
polnovodnost_N	полноводность	noun	полноводность	полноводности	полноводности	полноводность	полноводностью
polnodrevesnost_N	полнодревесность	noun	полнодревесность	полнодревесности	полнодревесности	полнодревесность	полнодревесностью
polnokrovnost_N	полнокровность	noun	полнокровность	полнокровности	полнокровности	полнокровность	полнокровностью
polozhennost_N	положенность	noun	положенность	положенности	положенности	положенность	положенностью
poloschatost_N	полосчатость	noun	полосчатость	полосчатости	полосчатости	полосчатость	полосчатостью
polstakanchika_N	полстаканчика	noun	полстаканчика	полустаканчика	полустаканчике	полстаканчику	полустаканчиком
poluanonimnost_N	полуанонимность	noun	полуанонимность	полуанонимности	полуанонимности	полуанонимность	полуанонимностью
polugotovnost_N	полуготовность	noun	полуготовность	полуготовности	полуготовности	полуготовность	полуготовностью
poluploskost_N	полуплоскость	noun	полуплоскость	полуплоскости	полуплоскости	полуплоскость	полуплоскостью
poluprozrachnost_N	полупрозрачность	noun	полупрозрачность	полупрозрачности	полупрозрачности	полупрозрачность	полупрозрачностью
polchasika_N	полчасика	noun	полчасика	получасика	получасике	полчасику	получасиком
polyubovnost_N	полюбовность	noun	полюбовность	полюбовности	полюбовности	полюбовность	полюбовностью
polyarizuemost_N	поляризуемость	noun	поляризуемость	поляризуемости	поляризуемости	поляризуемость	поляризуемостью
pomehozashchishchennost_N	помехозащищенность	noun	помехозащищенность	помехозащищенности	помехозащищенности	помехозащищенность	помехозащищенностью
ponimanie_N	понимание	noun	понимание	понимания	понимании	понимание	пониманием
ponimat_V	понимать	verb	понимать	понимать	понимать	понимать	понимать
ponyatie_N	понятие	noun	понятие	понятия	понятии	понятие	понятием
poraboshchennost_N	порабощенность	noun	порабощенность	порабощенности	порабощенности	порабощенность	порабощенностью
porazhennost_N	пораженность	noun	пораженность	пораженности	пораженности	пораженность	пораженностью
poroznost_N	порозность	noun	порозность	порозности	порозности	порозность	порозностью
posvyashchennost_N	посвященность	noun	посвященность	посвященности	посвященности	посвященность	посвященностью
postizhimost_N	постижимость	noun	постижимость	постижимости	постижимости	постижимость	постижимостью
postnost_N	постность	noun	постность	постности	постности	постность	постностью
postylost_N	постылость	noun	постылость	постылости	постылости	постылость	постылостью
posylka_N	посылка	noun	посылка	посылки	посылке	посылку	посылкой
potaennost_N	потаенность	noun	потаенность	потаенности	потаенности	потаенность	потаенностью
poetapnost_N	поэтапность	noun	поэтапность	поэтапности	поэтапности	поэтапность	поэтапностью
pravda_N	правда	noun	правда	правды	правде	правду	правдой
pravo_N	право	noun	право	права	праве	право	правом
pravosubektivnost_N	правосубъективность	noun	правосубъективность	правосубъективности	правосубъективности	правосубъективность	правосубъективностью
pravosubektnost_N	правосубъектность	noun	правосубъектность	правосубъектности	правосубъектности	правосубъектность	правосубъектностью
preddelinkventnost_N	предделинквентность	noun	предделинквентность	предделинквентности	предделинквентности	предделинквентность	предделинквентностью
predohranitelnost_N	предохранительность	noun	предохранительность	предохранительности	предохранительности	предохранительность	предохранительностью
predpolozhenie_N	предположение	noun	предположение	предположения	предположении	предположение	предположением
predposylka_N	предпосылка	noun	предпосылка	предпосылки	предпосылке	предпосылку	предпосылкой
predskazuemost_N	предсказуемость	noun	предсказуемость	предсказуемости	предсказуемости	предсказуемость	предсказуемостью
predstavimost_N	представимость	noun	представимость	представимости	представимости	представимость	представимостью
predustanovlennost_N	предустановленность	noun	предустановленность	предустановленности	предустановленности	предустановленность	предустановленностью
prestizhnost_N	престижность	noun	престижность	престижности	престижности	престижность	престижностью
preyuditsialnost_N	преюдициальность	noun	преюдициальность	преюдициальности	преюдициальности	преюдициальность	преюдициальностью
privodimost_N	приводимость	noun	приводимость	приводимости	приводимости	приводимость	приводимостью
privolnost_N	привольность	noun	привольность	привольности	привольности	привольность	привольностью
priglushennost_N	приглушенность	noun	приглушенность	приглушенности	приглушенности	приглушенность	приглушенностью
prizemlennost_N	приземленность	noun	приземленность	приземленности	приземленности	приземленность	приземленностью
prikovannost_N	прикованность	noun	прикованность	прикованности	прикованности	прикованность	прикованностью
prilegaemost_N	прилегаемость	noun	прилегаемость	прилегаемости	прилегаемости	прилегаемость	прилегаемостью
primetnost_N	приметность	noun	приметность	приметности	приметности	приметность	приметностью
prinuzhdenie_N	принуждение	noun	принуждение	принуждения	принуждении	принуждение	принуждением
prinyatost_N	принятость	noun	принятость	принятости	принятости	принятость	принятостью
priobshchennost_N	приобщенность	noun	приобщенность	приобщенности	приобщенности	приобщенность	приобщенностью
prirodoemkost_N	природоемкость	noun	природоемкость	природоемкости	природоемкости	природоемкость	природоемкостью
prisposablivaemost_N	приспосабливаемость	noun	приспосабливаемость	приспосабливаемости	приспосабливаемости	приспосабливаемость	приспосабливаемостью
pristyzhennost_N	пристыженность	noun	пристыженность	пристыженности	пристыженности	пристыженность	пристыженностью
prisutstvie_N	присутствие	noun	присутствие	присутствия	присутствии	присутствие	присутствием
prichina_N	причина	noun	причина	причины	причине	причину	причиной
prishiblennost_N	пришибленность	noun	пришибленность	пришибленности	пришибленности	пришибленность	пришибленностью
problemnost_N	проблемность	noun	проблемность	проблемности	проблемности	проблемность	проблемностью
probnost_N	пробность	noun	пробность	пробности	пробности	пробность	пробностью
proverka_N	проверка	noun	проверка	проверки	проверке	проверку	проверкой
programmiruemost_N	программируемость	noun	программируемость	программируемости	программируемости	программируемость	программируемостью
proektivnost_N	проективность	noun	проективность	проективности	проективности	проективность	проективностью
proksemika_N	проксемика	noun	проксемика	проксемики	проксемике	проксемику	проксемикой
promaslennost_N	промасленность	noun	промасленность	промасленности	промасленности	промасленность	промасленностью
promezhutochnost_N	промежуточность	noun	промежуточность	промежуточности	промежуточности	промежуточность	промежуточностью
proniknut_V	проникнуть	verb	проникнуть	проникнуть	проникнуть	проникнуть	проникнуть
prosvechivaemost_N	просвечиваемость	noun	просвечиваемость	просвечиваемости	просвечиваемости	просвечиваемость	просвечиваемостью
prostuzhennost_N	простуженность	noun	простуженность	простуженности	простуженности	простуженность	простуженностью
protivooreolnost_N	противоореольность	noun	противоореольность	противоореольности	противоореольности	противоореольность	противоореольностью
protivopokazannost_N	противопоказанность	noun	противопоказанность	противопоказанности	противопоказанности	противопоказанность	противопоказанностью
protivopravnost_N	противоправность	noun	противоправность	противоправности	противоправности	противоправность	противоправностью
protivorechie_N	противоречие	noun	противоречие	противоречия	противоречии	противоречие	противоречием
protogalaktika_N	протогалактика	noun	протогалактика	протогалактики	протогалактике	протогалактику	протогалактикой
profnadezhnost_N	профнадежность	noun	профнадежность	профнадежности	профнадежности	профнадежность	профнадежностью
prochuvstvovannost_N	прочувствованность	noun	прочувствованность	прочувствованности	прочувствованности	прочувствованность	прочувствованностью
pryamougolnost_N	прямоугольность	noun	прямоугольность	прямоугольности	прямоугольности	прямоугольность	прямоугольностью
pryanichnost_N	пряничность	noun	пряничность	пряничности	пряничности	пряничность	пряничностью
psevdoizoshchrennost_N	псевдоизощренность	noun	псевдоизощренность	псевдоизощренности	псевдоизощренности	псевдоизощренность	псевдоизощренностью
psevdoiskushennost_N	псевдоискушенность	noun	псевдоискушенность	псевдоискушенности	псевдоискушенности	псевдоискушенность	псевдоискушенностью
psevdoplastichnost_N	псевдопластичность	noun	псевдопластичность	псевдопластичности	псевдопластичности	псевдопластичность	псевдопластичностью
psevdoutonchennost_N	псевдоутонченность	noun	псевдоутонченность	псевдоутонченности	псевдоутонченности	псевдоутонченность	псевдоутонченностью
psihografika_N	психографика	noun	психографика	психографики	психографике	психографику	психографикой
psihodinamika_N	психодинамика	noun	психодинамика	психодинамики	психодинамике	психодинамику	психодинамикой
psihoprofilaktika_N	психопрофилактика	noun	психопрофилактика	психопрофилактики	психопрофилактике	психопрофилактику	психопрофилактикой
puzyrchatost_N	пузырчатость	noun	пузырчатость	пузырчатости	пузырчатости	пузырчатость	пузырчатостью
pustota_N	пустота	noun	пустота	пустоты	пустоте	пустоту	пустотой
putanost_N	путаность	noun	путаность	путаности	путаности	путаность	путаностью
puchnost_N	пучность	noun	пучность	пучности	пучности	пучность	пучностью
pezovospriimchivost_N	пьезовосприимчивость	noun	пьезовосприимчивость	пьезовосприимчивости	пьезовосприимчивости	пьезовосприимчивость	пьезовосприимчивостью
pezokeramika_N	пьезокерамика	noun	пьезокерамика	пьезокерамики	пьезокерамике	пьезокерамику	пьезокерамикой
pyativalentnost_N	пятивалентность	noun	пятивалентность	пятивалентности	пятивалентности	пятивалентность	пятивалентностью
ravnodostupnost_N	равнодоступность	noun	равнодоступность	равнодоступности	равнодоступности	равнодоступность	равнодоступностью
ravnosilnost_N	равносильность	noun	равносильность	равносильности	равносильности	равносильность	равносильностью
radioakustika_N	радиоакустика	noun	радиоакустика	радиоакустики	радиоакустике	радиоакустику	радиоакустикой
radiogalaktika_N	радиогалактика	noun	радиогалактика	радиогалактики	радиогалактике	радиогалактику	радиогалактикой
radiogenetika_N	радиогенетика	noun	радиогенетика	радиогенетики	радиогенетике	радиогенетику	радиогенетикой
radiomehanika_N	радиомеханика	noun	радиомеханика	радиомеханики	радиомеханике	радиомеханику	радиомеханикой
radioneprozrachnost_N	радионепрозрачность	noun	радионепрозрачность	радионепрозрачности	радионепрозрачности	радионепрозрачность	радионепрозрачностью
radonoopasnost_N	радоноопасность	noun	радоноопасность	радоноопасности	радоноопасности	радоноопасность	радоноопасностью
radost_N	радость	noun	радость	радости	радости	радость	радостью
razbavlennost_N	разбавленность	noun	разбавленность	разбавленности	разбавленности	разбавленность	разбавленностью
razbalansirovannost_N	разбалансированность	noun	разбалансированность	разбалансированности	разбалансированности	разбалансированность	разбалансированностью
razgranichenie_N	разграничение	noun	разграничение	разграничения	разграничении	разграничение	разграничением
razdelimost_N	разделимость	noun	разделимость	разделимости	разделимости	разделимость	разделимостью
razzhizhennost_N	разжиженность	noun	разжиженность	разжиженности	разжиженности	разжиженность	разжиженностью
razlichat_V	различать	verb	различать	различать	различать	различать	различать
razlichie_N	различие	noun	различие	различия	различии	различие	различием
razlichimost_N	различимость	noun	различимость	различимости	различимости	различимость	различимостью
razmytost_N	размытость	noun	размытость	размытости	размытости	размытость	размытостью
raznitsa_N	разница	noun	разница	разницы	разнице	разницу	разницей
razreshenie_N	разрешение	noun	разрешение	разрешения	разрешении	разрешение	разрешением
razreshimost_N	разрешимость	noun	разрешимость	разрешимости	разрешимости	разрешимость	разрешимостью
razrushaemost_N	разрушаемость	noun	разрушаемость	разрушаемости	разрушаемости	разрушаемость	разрушаемостью
razrushimost_N	разрушимость	noun	разрушимость	разрушимости	разрушимости	разрушимость	разрушимостью
razryvnost_N	разрывность	noun	разрывность	разрывности	разрывности	разрывность	разрывностью
razryazhennost_N	разряженность	noun	разряженность	разряженности	разряженности	разряженность	разряженностью
razum_N	разум	noun	разум	разума	разуме	разум	разумом
razezzhennost_N	разъезженность	noun	разъезженность	разъезженности	разъезженности	разъезженность	разъезженностью
raketodinamika_N	ракетодинамика	noun	ракетодинамика	ракетодинамики	ракетодинамике	ракетодинамику	ракетодинамикой
rakurs_N	ракурс	noun	ракурс	ракурса	ракурсе	ракурс	ракурсом
ranennost_N	раненность	noun	раненность	раненности	раненности	раненность	раненностью
raskrashennost_N	раскрашенность	noun	раскрашенность	раскрашенности	раскрашенности	раскрашенность	раскрашенностью
raskruchennost_N	раскрученность	noun	раскрученность	раскрученности	раскрученности	раскрученность	раскрученностью
raskryvaemost_N	раскрываемость	noun	раскрываемость	раскрываемости	раскрываемости	раскрываемость	раскрываемостью
raspevnost_N	распевность	noun	распевность	распевности	распевности	распевность	распевностью
raspolozhennost_N	расположенность	noun	расположенность	расположенности	расположенности	расположенность	расположенностью
rassloennost_N	расслоенность	noun	расслоенность	расслоенности	расслоенности	расслоенность	расслоенностью
rassoglasovannost_N	рассогласованность	noun	рассогласованность	рассогласованности	рассогласованности	рассогласованность	рассогласованностью
rassredotochennost_N	рассредоточенность	noun	рассредоточенность	рассредоточенности	рассредоточенности	рассредоточенность	рассредоточенностью
rasterzannost_N	растерзанность	noun	растерзанность	растерзанности	растерзанности	растерзанность	растерзанностью
rastrepannost_N	растрепанность	noun	растрепанность	растрепанности	растрепанности	растрепанность	растрепанностью
rastrogannost_N	растроганность	noun	растроганность	растроганности	растроганности	растроганность	растроганностью
rashodimost_N	расходимость	noun	расходимость	расходимости	расходимости	расходимость	расходимостью
rasshirennost_N	расширенность	noun	расширенность	расширенности	расширенности	расширенность	расширенностью
remont_N	ремонт	noun	ремонт	ремонта	ремонте	ремонт	ремонтом
reshenie_N	решение	noun	решение	решения	решении	решение	решением
svidetelstvo_N	свидетельство	noun	свидетельство	свидетельства	свидетельстве	свидетельство	свидетельством
svoboda_N	свобода	noun	свобода	свободы	свободе	свободу	свободой
sillogizm_N	силлогизм	noun	силлогизм	силлогизма	силлогизме	силлогизм	силлогизмом
skazat_V	сказать	verb	сказать	сказать	сказать	сказать	сказать
sledstvie_N	следствие	noun	следствие	следствия	следствии	следствие	следствием
smert_N	смерть	noun	смерть	смерти	смерти	смерть	смертью
smirenie_N	смирение	noun	смирение	смирения	смирении	смирение	смирением
smysl_N	смысл	noun	смысл	смысла	смысле	смысл	смыслом
soglasie_N	согласие	noun	согласие	согласия	согласии	согласие	согласием
soglasovannost_N	согласованность	noun	согласованность	согласованности	согласованности	согласованность	согласованностью
soznanie_N	сознание	noun	сознание	сознания	сознании	сознание	сознанием
somnenie_N	сомнение	noun	сомнение	сомнения	сомнении	сомнение	сомнением
sposobnost_N	способность	noun	способность	способности	способности	способность	способностью
spravedlivost_N	справедливость	noun	справедливость	справедливости	справедливости	справедливость	справедливостью
stradanie_N	страдание	noun	страдание	страдания	страдании	страдание	страданием
strah_N	страх	noun	страх	страха	страхе	страх	страхом
styd_N	стыд	noun	стыд	стыда	стыде	стыд	стыдом
sudba_N	судьба	noun	судьба	судьбы	судьбе	судьбу	судьбой
suzhdenie_N	суждение	noun	суждение	суждения	суждении	суждение	суждением
sushchestvovanie_N	существование	noun	существование	существования	существовании	существование	существованием
sushchestvovat_V	существовать	verb	существовать	существовать	существовать	существовать	существовать
tezis_N	тезис	noun	тезис	тезиса	тезисе	тезис	тезисом
telo_N	тело	noun	тело	тела	теле	тело	телом
teorema_N	теорема	noun	теорема	теоремы	теореме	теорему	теоремой
termin_N	термин	noun	термин	термина	термине	термин	термином
toska_N	тоска	noun	тоска	тоски	тоске	тоску	тоской
trevoga_N	тревога	noun	тревога	тревоги	тревоге	тревогу	тревогой
uslovie_N	условие	noun	условие	условия	условии	условие	условием
utverzhdenie_N	утверждение	noun	утверждение	утверждения	утверждении	утверждение	утверждением
utochnyat_V	уточнять	verb	уточнять	уточнять	уточнять	уточнять	уточнять
utrata_N	утрата	noun	утрата	утраты	утрате	утрату	утратой
uhod_N	уход	noun	уход	ухода	уходе	уход	уходом
fakt_N	факт	noun	факт	факта	факте	факт	фактом
filosofiya_N	философия	noun	философия	философии	философии	философию	философией
hrupkost_N	хрупкость	noun	хрупкость	хрупкости	хрупкости	хрупкость	хрупкостью
tsel_N	цель	noun	цель	цели	цели	цель	целью
tsifra_N	цифра	noun	цифра	цифры	цифре	цифру	цифрой
chestnost_N	честность	noun	честность	честности	честности	честность	честностью
ekvivalentsiya_N	эквиваленция	noun	эквиваленция	эквиваленции	эквиваленции	эквиваленцию	эквиваленцией
eksplikatsiya_N	экспликация	noun	экспликация	экспликации	экспликации	экспликацию	экспликацией
entejlment_N	энтейлмент	noun	энтейлмент	энтейлмента	энтейлменте	энтейлмент	энтейлментом
yazyk_N	язык	noun	язык	языка	языке	язык	языком
yakor_N	якорь	noun	якорь	якоря	якоре	якорь	якорем
